Task - Measurement,7/9/2022,7/11/2022,7/11/2022,7/11/2022,7/11/2022,7/11/2022,7/12/2022,7/18/2022,7/21/2022,8/3/2022,8/5/2022,8/6/2022,8/7/2022,8/8/2022,8/9/2022,8/10/2022,8/12/2022,8/12/2022,8/12/2022,8/12/2022,8/12/2022,8/12/2022,8/12/2022,8/13/2022,8/14/2022,8/16/2022,8/16/2022,8/17/2022,8/17/2022,8/17/2022,8/18/2022,8/19/2022,8/20/2022,8/21/2022,8/22/2022,8/23/2022,8/24/2022,8/25/2022,8/26/2022,8/27/2022,8/27/2022,8/29/2022,8/30/2022,8/31/2022,8/31/2022,9/1/2022,9/3/2022,9/4/2022,9/5/2022,9/6/2022,9/6/2022,9/7/2022,9/8/2022,9/9/2022,9/9/2022,9/9/2022,9/9/2022,9/10/2022,9/11/2022,9/12/2022,9/14/2022,9/14/2022,9/15/2022,9/16/2022,9/17/2022,9/18/2022,9/19/2022,9/20/2022,9/20/2022,9/21/2022,9/22/2022,9/22/2022,9/24/2022,9/24/2022,9/25/2022,9/27/2022,9/27/2022,9/28/2022,9/29/2022,9/30/2022,10/1/2022,10/2/2022,10/3/2022,10/5/2022,10/5/2022,10/6/2022,10/7/2022,10/8/2022,10/10/2022,10/11/2022,10/12/2022,10/14/2022,10/15/2022,10/15/2022,10/16/2022,10/17/2022
AppStart - Page show,116.78571428571429,135.29268292682926,129.16216216216216,125.79591836734694,121.95121951219512,122.87234042553192,123.81818181818181,151.58823529411765,127.75510204081633,133.28571428571428,130.075,130.64444444444445,136.77272727272728,137,117.41304347826087,119.28,113.66666666666667,117.68085106382979,119.28888888888889,126.77777777777777,116.8780487804878,120.62790697674419,111.69565217391305,114.20833333333333,117.77551020408163,123,116.17391304347827,125.75555555555556,121.13333333333334,116.74418604651163,115.52083333333333,123.95652173913044,126,122.71739130434783,123.61702127659575,124.41176470588235,116.71739130434783,123.69767441860465,122.44897959183673,117.35897435897436,121.19565217391305,125.29268292682927,125.6842105263158,119.53488372093024,199.3846153846154,199.22222222222223,205.40740740740742,202.64285714285714,206.14285714285714,203.88888888888889,123.91111111111111,121.91304347826087,117.64583333333333,118.43243243243244,118.94871794871794,123.1842105263158,118.07843137254902,120.69565217391305,120.95238095238095,122.4,123.70212765957447,119.52083333333333,119.1063829787234,124.2051282051282,115.97826086956522,121.75,115.56521739130434,114.26086956521739,118.97674418604652,119.38,123.13953488372093,118.63636363636364,112.50943396226415,119.375,118.55102040816327,122.52173913043478,70.73809523809524,110.95,111.49056603773585,113.68085106382979,111.74,109.6938775510204,111.01960784313725,108.57777777777778,111.8936170212766,122.25,120.72093023255815,119.3913043478261,123.69565217391305,122.40816326530613,121.02439024390245,124.1304347826087,120.43478260869566,118.40384615384616,123.46341463414635,124.725
AppStart - Reach managed,877.75,913.5,908.875,905.375,960,1391.8333333333333,956.625,1644.1666666666667,970.875,967.375,980.125,985.75,995.375,972.25,1015.8571428571429,1018.7142857142857,975,994.125,1001.2857142857143,993.875,1011.4285714285714,1041.142857142857,1013.5714285714286,1007.1428571428571,1007.2857142857143,1065.142857142857,1035.7142857142858,1052.142857142857,1070.857142857143,1054.5714285714287,1058.7142857142858,1048.142857142857,1047.7142857142858,1073.7142857142858,1069.4285714285713,1055.2857142857142,1658.2,1080.5714285714287,1076.4285714285713,1079.7142857142858,1070.5714285714287,1072,1073.142857142857,1060.5714285714287,1607.5,1623.1666666666667,1667.2,1653.2,1670,1667,1043.4285714285713,1062.7142857142858,1040,1056.4285714285713,1054.5714285714287,1053.5714285714287,1037.142857142857,1028,1031.2857142857142,1051.142857142857,1048.5714285714287,1057.5714285714287,1043.4285714285713,1058.7142857142858,1037.7142857142858,1056,1050.857142857143,1043,1023.1428571428571,1030.857142857143,1040.857142857143,1002,1003.5714285714286,1025.857142857143,1041.2857142857142,1026.857142857143,1003.125,1009.1428571428571,984,977,957.125,981.5,978.625,987.75,986.875,1024.4285714285713,1027.7142857142858,1029.857142857143,1027,1012.125,1019.7142857142857,1020.5714285714286,1022.8571428571429,988.875,996.5714285714286,1012.4285714285714
Exceptions - NoExceptionHandling,0.0003635394881670315,0.00035839010843300725,4.003009535350668E-05,4.0064489922092113E-05,4.048046973850115E-05,4.022504711659194E-05,4.003009535350668E-05,4.016006319556352E-05,0.00036394252529360247,0.00039174775586348884,0.00037504222329666254,0.00037467869123861803,0.00037415814417560486,0.0003858359291940302,0.0003820112343347987,0.0003707367838707304,0.00036549840013943685,0.00035655376460686563,0.00036515163667331544,0.0003615900201154448,0.000375068745334953,0.0003811837534401834,0.000361766754799633,0.0003689925071177467,0.0003772603313054375,0.00037940313653869723,0.00038107635875055476,3.996639253460933E-05,4.003009535350668E-05,0.0003702926748965787,0.00037377365854949357,0.00039221605944137595,0.00039888016468988706,0.0003913658927416878,0.0003892523847020413,0.0003896843939704964,0.00036854649923775094,0.00036813745761817517,0.00036418732692990895,0.00035793211114431217,0.00036606607856359873,0.0003721197928036994,0.0003708274691169604,0.0003712399579591372,0.00037107774919408474,0.0003680605088212107,0.0003712110006999861,0.0003707367838707304,0.0003694716268369411,0.00037253325924014794,0.00036490385471162886,4.0348846051686935E-05,4.035501495864878E-05,3.996639253460933E-05,4.003009535350668E-05,4.00950792745351E-05,4.1432464350073474E-05,4.003009535350668E-05,4.003009535350668E-05,4.003009535350668E-05,4.003009535350668E-05,4.003009535350668E-05,4.0130712219484E-05,4.022504711659194E-05,4.00301347874556E-05,4.523683721653476E-05,4.016006319556352E-05,4.019693451687589E-05,4.00950792745351E-05,4.00301347874556E-05,4.029003103762036E-05,4.003009535350668E-05,4.003009535350668E-05,4.0064489922092113E-05,4.022504711659194E-05,4.003009535350668E-05,4.003009535350668E-05,4.108155802314733E-05,4.00301347874556E-05,4.003009535350668E-05,4.003009535350668E-05,4.02213615459944E-05,4.003009535350668E-05,4.003009535350668E-05,4.0064489922092113E-05,4.00950792745351E-05,4.003009535350668E-05,4.003009535350668E-05,4.0064489922092113E-05,4.020461179276816E-05,4.0130712219484E-05,4.00950792745351E-05,4.00301347874556E-05,4.003009535350668E-05,4.003009535350668E-05,4.003009535350668E-05
Exceptions - TryCatch,0.0005956675959277106,0.000618485774827179,5.3400071118067067E-05,5.372818215412278E-05,5.461456802662287E-05,5.423758405916181E-05,5.3400071118067067E-05,5.356412663609492E-05,0.0006350483325581688,0.0005894307154985088,0.000602447212134428,0.0006123298905027535,0.0005968730348213662,0.0005409118869004115,0.000586623520823672,0.000607554662432437,0.0005823576288849384,0.0005701908283624389,0.0005795180916027197,0.0005819097529435786,0.0006001239729786285,0.0006142630798190572,0.0006068306746032525,0.0005478460056401195,0.0005945098732858708,0.0005339187493069772,0.0005883657285284445,5.407592210965611E-05,5.3510105286386164E-05,0.0005926845374045712,0.0005715725679925154,0.0005906283721523101,0.0005524964151811206,0.0005876739407749311,0.0005850410326506081,0.0005507348618459729,0.0006298272452520429,0.0006121270035595874,0.0006026401754856629,0.0006191672603714297,0.0006117406339367977,0.0006036274565116125,0.0006012211933446996,0.0006273850075862878,0.0005892052303370539,0.0006754326489776006,0.0005852395002580507,0.0005828441431947838,0.000586700164568179,0.0005912138561703167,0.0005938172048309617,5.364615439510885E-05,5.334844333688046E-05,5.364615439510885E-05,5.359093626113901E-05,5.3510105286386164E-05,5.359093626113901E-05,5.3510105286386164E-05,5.356412663609492E-05,5.359170747559726E-05,5.372818215412278E-05,5.359093626113901E-05,5.3770447964387585E-05,5.3671767235891865E-05,5.3510105286386164E-05,5.3510105286386164E-05,5.423758405916181E-05,5.3267612362127616E-05,5.375259821064471E-05,5.372818215412278E-05,5.343244534342609E-05,5.334844333688046E-05,5.3510105286386164E-05,5.3510105286386164E-05,5.356412663609492E-05,5.367133854168284E-05,5.351207640951168E-05,5.41080959892817E-05,5.364615439510885E-05,5.343244534342609E-05,5.3671767235891865E-05,5.528838673094885E-05,5.3400071118067067E-05,5.3510105286386164E-05,5.3671767235891865E-05,5.446643198524813E-05,5.364615439510885E-05,5.342927431163332E-05,5.3671767235891865E-05,5.375259821064471E-05,5.3810209913136706E-05,5.351207640951168E-05,5.335281427734051E-05,5.3510105286386164E-05,5.3482098877080996E-05,5.342927431163332E-05
Exceptions - TryCatchFilter,0.0005953252529330196,0.0005943691226731307,5.466347146792573E-05,5.472632862455585E-05,5.4834199180320414E-05,5.482221356301324E-05,5.4621530185469527E-05,5.4690371772634325E-05,0.0004982356797571657,0.0005095974864150944,0.0006802556597930353,0.0007362743851540501,0.0006718018366328618,0.000677814486723726,0.0006420614700332762,0.0005928459463921423,0.0006360567707291257,0.0005012786227611355,0.0005784742812780828,0.0006876882762574297,0.0007316107501914826,0.0007418539700389284,0.0006392125984251969,0.0007173110042800927,0.0005461196105399452,0.0007025471919039997,0.0006689930242317899,5.467745189541114E-05,5.4738314241863023E-05,0.0005168429483072522,0.0007554046392432439,0.0007784390461957832,0.0007326395149799938,0.0006738152485845033,0.0006168813645054924,0.0007727783353273644,0.0006099607645955972,0.0005073964597119618,0.0007475344832803976,0.0006179480499691563,0.0006605665870285739,0.0005141513947777587,0.0007585485694073863,0.0006489121006594279,0.0005957421702714584,0.0007372007555431222,0.0006149990611974874,0.0007246897890467954,0.0006063044777716615,0.0006324356097023026,0.0007819756980450988,5.4915119162662985E-05,5.79073482428115E-05,5.4467745483130093E-05,5.470541275038194E-05,5.460754975798412E-05,5.4498601895719544E-05,5.460647245148411E-05,5.45096867655863E-05,5.4690371772634325E-05,5.4481725910615495E-05,5.45096867655863E-05,5.4537647620557106E-05,5.452257313033389E-05,5.4498601895719544E-05,5.4565608475527915E-05,5.4537647620557106E-05,5.4467745483130093E-05,5.4618458068791283E-05,5.467745189541114E-05,5.448661627841237E-05,5.4439784628159284E-05,5.483123659775057E-05,5.463551061295493E-05,5.4474630661105194E-05,5.455852998225541E-05,5.458250121686976E-05,5.484521702523597E-05,5.452257313033389E-05,5.4618458068791283E-05,5.45954045954046E-05,5.452257313033389E-05,5.4495706338100896E-05,5.464949104044033E-05,5.4465534465534466E-05,5.448661627841237E-05,5.460647245148411E-05,5.446264504379802E-05,5.465441492071281E-05,5.651218560332475E-05,5.455852998225541E-05,5.455852998225541E-05,5.4453765055644686E-05,5.4579588903013316E-05,5.463044368609846E-05,5.453455874764107E-05
Exceptions - TryCatchFilterInline,0.0004301440601461183,0.00037705976509465116,5.460754975798412E-05,5.4481725910615495E-05,5.464949104044033E-05,5.480327574277976E-05,5.460754975798412E-05,4.848151848151848E-05,0.0003336026460251948,0.00033238925628430014,0.0004115597601583203,0.00046901381595688,0.0004238658860723054,0.000434596758193808,0.0004161153095388507,0.00039255235705337586,0.0004098578199052133,0.0003325000157832286,0.00036178334074291605,0.0004175765065480704,0.0004516913699709336,0.00034361694659801594,0.000397187484562634,0.000431121628534611,0.0003332305509346796,0.00042213570423786444,0.0004114144671894819,5.4714343007248674E-05,5.4690371772634325E-05,0.0003335441892403776,0.00048599606481254567,0.0003636187800871716,0.0004637192213717436,0.00041099945536039474,0.00041087502319104555,0.00045988949363561145,0.00039142294037244825,0.0003254330019107435,0.00035843388737669113,0.00042262328249750066,0.00041516766104867183,0.00032507912935502196,0.0004581065179113712,0.00041348473565017396,0.0003983570300157978,0.00046567210500125713,0.0003816584741848595,0.0004573817323269232,0.00038268562401263823,0.00042784053742191163,0.00036029092626968723,5.480830670926518E-05,5.453455874764107E-05,5.4474630661105194E-05,5.451058751302672E-05,5.446264504379802E-05,5.45096867655863E-05,5.454654436494824E-05,5.4467745483130093E-05,5.4579588903013316E-05,5.972433104164735E-05,5.7773571244334974E-05,5.443867380918368E-05,5.453455874764107E-05,5.634112276617409E-05,5.4594486834176934E-05,5.448661627841237E-05,5.446264504379802E-05,5.4537647620557106E-05,5.4467745483130093E-05,5.4481725910615495E-05,5.442580420067388E-05,5.455162804804251E-05,5.446264504379802E-05,5.4467745483130093E-05,5.4498601895719544E-05,5.4474630661105194E-05,5.4971040872604596E-05,5.416300461111867E-05,5.460647245148411E-05,5.446264504379802E-05,5.463044368609846E-05,5.4570515599562585E-05,5.45096867655863E-05,5.445065942649085E-05,5.4481725910615495E-05,5.451058751302672E-05,5.443867380918368E-05,5.4467745483130093E-05,5.4594486834176934E-05,5.466347146792573E-05,5.47023573899415E-05,5.448661627841237E-05,5.466347146792573E-05,5.4537647620557106E-05,5.465441492071281E-05
Exceptions - TryCatchFilterThrow,0.05010455163145675,0.049655103468959315,0.16011066820118441,0.16053891667683298,0.16022171055641116,0.15452271748411325,0.15235771990453173,0.1620227432519182,0.049924932439195276,0.0599637542714281,0.05000475806492004,0.04997497747973176,0.0601072289354167,0.060341429228444404,0.06041117727295137,0.050154522285324396,0.049720223820943245,0.061344718595376393,0.06084030656565101,0.06084030656565101,0.048782298414835126,0.04885171253217185,0.06137480896235524,0.04969527425317215,0.0503544353400419,0.060509658947553176,0.04945569355497346,0.162744618021023,0.16920642272657094,0.050269570193668865,0.04914607332701346,0.05932009790590155,0.04949074166351079,0.060398788628883426,0.0496303275950604,0.0499949924887331,0.04989002199560088,0.05002979752705566,0.049101623977876964,0.04991489787745294,0.049241406755210666,0.048841686421427194,0.04875696687058312,0.0489861851624284,0.06110166740932671,0.050321501279958075,0.04982989793876326,0.061338084888069994,0.0487371851617402,0.06230555555555556,0.04820397738177845,0.16174201335309307,0.1661949733903467,0.16228016516286894,0.16425417075564278,0.16330561808075705,0.157528424184465,0.15807027540360874,0.1627122533272143,0.1600978464633533,0.16013291062065602,0.16052932651971627,0.16210868867737155,0.15939302065161914,0.15993295493505008,0.16210949440606467,0.16681159531816328,0.16686158344233284,0.16245191976814433,0.15789473684210525,0.16615159901599016,0.16547773537384147,0.16538558999915534,0.16424317218436443,0.16342567417494466,0.16637703001968504,0.15864035588000455,0.16277592868893226,0.16451358168561636,0.16515071269026182,0.16311269632305667,0.16415531063660194,0.15917721278166308,0.15629308646838685,0.16063053375734976,0.1658959626374977,0.1646879149047206,0.15928583931384563,0.1626394976173539,0.1648710038829289,0.15983453571727851,0.16679104764689137,0.15959002162590236,0.15975686853991636,0.15981714285714285,0.16201629794976072
Exceptions - TryCatchFilterThrowApplies,0.04083862288154723,0.04052802847794038,0.1509584184593198,0.15145794631508488,0.15119409270009324,0.14487430198752313,0.14354166357608034,0.1523230163450607,0.04138479001135074,0.051347126063387004,0.04110468850353243,0.04070858593359707,0.05143719328192154,0.05141006543191674,0.05089343902032403,0.04034056809122424,0.04045034538440836,0.05229216462025867,0.05154051647373108,0.05186257666209541,0.03986756794040557,0.03988771292947357,0.05162127767879868,0.05108261935144113,0.04141039549356126,0.05111850198186706,0.03994872890408033,0.15343536209146383,0.15366332151211046,0.04103621984688719,0.04009847339479001,0.0505147018149085,0.040081090977289166,0.05135283252481377,0.04028124412956552,0.03961286720228309,0.040285716841549704,0.04056401761544988,0.04005941335997716,0.040168774108192425,0.04014616451985669,0.03997185268980506,0.03973362930077692,0.039883264154888534,0.05149756588375189,0.05150264754606527,0.03996594090479502,0.051640730028109344,0.03936649986320351,0.051865759211452714,0.039334622414112785,0.15264030131826742,0.15625497223127222,0.1533320257690741,0.15533297525475273,0.15455005705045377,0.14815313193837046,0.14824037929435696,0.15350430445837765,0.15125254605446115,0.15128760203851532,0.1511357149295436,0.1536818590048377,0.15018268300185308,0.15054578760078677,0.1519931367163101,0.15722024947646362,0.14956499584104552,0.1535623198466716,0.14909823541747805,0.15668524204859927,0.14938032939201845,0.1497031128171295,0.1558780775869901,0.15379274431522305,0.15599512302251436,0.14931299539999102,0.1539454416449027,0.15529495380241648,0.1556181135730718,0.15420751325468635,0.15482812830667836,0.15013766870981538,0.14674273781556477,0.15202504402269615,0.15759590715185742,0.15580571411267732,0.14987250637468127,0.15344290487792,0.1554000378286363,0.1501181412444211,0.14956605159414207,0.14984856208954328,0.1506924417207402,0.1509898944363049,0.15332227166452975
Exceptions - TryCatchThrow,0.03270966793888582,0.033374879382438084,0.14226817858834676,0.1436208865358663,0.14263493544874786,0.14347913158929246,0.140843303245234,0.1736055019252033,0.032586090104936245,0.0325009406499396,0.033397337532437274,0.03355620795896311,0.03332943986402394,0.043132250580046404,0.04238766669889013,0.033442697046372635,0.032517819607099395,0.03296668260800255,0.04322098109488814,0.03367243954624359,0.03405042700284668,0.03294275299316418,0.03330523442517662,0.032996434005135356,0.033125863069625956,0.03365224794259537,0.032952660456807455,0.15179740283190635,0.15127761911919435,0.03313618925831202,0.03313822242643386,0.04307268196015278,0.03288462229605345,0.042936550913391,0.0327688769035533,0.03314791099727869,0.03506172431867991,0.03323988786543853,0.03307838242636046,0.032551522456480075,0.03240117089820217,0.0321479228795612,0.03228688960182652,0.03264579608567589,0.034990139853518155,0.03500423405002375,0.0343589848296139,0.03490687788365199,0.03398404855211807,0.045229890809610276,0.032906880783322504,0.14429246123685618,0.14827338560057454,0.1450902489472196,0.14668168492976974,0.14559897558832946,0.14126597237609867,0.14016569861721262,0.14521326873125387,0.148917690574062,0.1434390651085142,0.1442349814007707,0.14537310545465368,0.1414723527499483,0.14464216691939463,0.14475796860133205,0.1508426058798338,0.14882578848471692,0.14425890986882178,0.1417335058214748,0.14864116193756083,0.14656490827570257,0.14658689960240792,0.14690100376879733,0.1464183744213265,0.14602666269457065,0.14113468893515851,0.14538307487287916,0.14707924302937553,0.14702217978081333,0.14559472513079263,0.14605988380753762,0.14152652005174643,0.14608884848665485,0.1422609004528905,0.14924567754120108,0.14580602883355176,0.14233082539893913,0.14449926438899705,0.14644479417622006,0.14178210795546947,0.1499250149970006,0.142314892231652,0.1421721338769711,0.1434910035243925,0.14460775212221585
JSInterop - JSExportInt,N/A,N/A,N/A,N/A,N/A,N/A,N/A,13.93131868131868,N/A,N/A,N/A,N/A,N/A,N/A,N/A,N/A,N/A,N/A,N/A,N/A,N/A,N/A,N/A,N/A,N/A,N/A,N/A,N/A,N/A,N/A,N/A,N/A,N/A,N/A,N/A,N/A,17.404040404040405,17.846975088967973,17.896551724137932,18.066433566433567,16.990163934426228,17.954703832752614,17.096026490066226,17.43728813559322,18.317857142857143,17.86551724137931,17.6156462585034,17.930313588850176,17.620689655172413,17.403389830508473,19.58490566037736,14.342618384401113,14.38935574229692,15.144970414201184,14.582386363636363,14.052486187845304,14.78386167146974,14.697142857142858,15.640243902439025,14.11878453038674,14.26183844011142,15.521084337349398,14.829971181556196,14.62,14.728571428571428,14.582857142857144,14.491525423728813,14.714285714285714,13.739837398373984,13.78225806451613,14.685714285714285,15.430722891566266,14.941690962099125,15.270833333333334,15.159763313609467,15.026239067055394,14.67142857142857,14.394957983193278,14.42577030812325,13.883468834688347,14.759420289855072,14.694524495677234,16.417721518987342,14.394957983193278,14.313725490196079,14.610795454545455,15.392215568862275,15.350299401197605,15.254437869822485,15.965625,15.455089820359282,14.768571428571429,15.354166666666666,13.970189701897018,14.243093922651934,14.588571428571429
JSInterop - JSExportString,N/A,N/A,N/A,N/A,N/A,N/A,N/A,164.0909090909091,N/A,N/A,N/A,N/A,N/A,N/A,N/A,N/A,N/A,N/A,N/A,N/A,N/A,N/A,N/A,N/A,N/A,N/A,N/A,N/A,N/A,N/A,N/A,N/A,N/A,N/A,N/A,N/A,192.71428571428572,188.55555555555554,191.52777777777777,181.56756756756758,187.97222222222223,192.82857142857142,185.61111111111111,191.27586206896552,191.10344827586206,195.64285714285714,195.17857142857142,189.17857142857142,195.14285714285714,195.53571428571428,191.58620689655172,166.93939393939394,166.5151515151515,172.40625,167.96875,172.93548387096774,168.125,170.0625,173.2258064516129,171.34375,161.75757575757575,170.21875,170.84375,172.58064516129033,170.625,169.90625,172.4375,173.70967741935485,175.6451612903226,161.7058823529412,175.09677419354838,174.96774193548387,172.70967741935485,175.16129032258064,170.28125,175,169.78125,173.29032258064515,173.6451612903226,168.71875,167.4375,176.70967741935485,173.74193548387098,171.75,168.65625,174.51612903225808,173.70967741935485,173.74193548387098,176.38709677419354,176.5483870967742,175.51612903225808,171.75,173.7741935483871,168.34375,169.46875,173.48387096774192
JSInterop - JSImportFail,N/A,N/A,N/A,N/A,N/A,N/A,N/A,2841,N/A,N/A,N/A,N/A,N/A,N/A,N/A,N/A,N/A,N/A,N/A,N/A,N/A,N/A,N/A,N/A,N/A,N/A,N/A,N/A,N/A,N/A,N/A,N/A,N/A,N/A,N/A,N/A,1580.5384615384614,1583.5384615384614,1562.6923076923076,1596,1670.3333333333333,1667.3846153846155,1666.2307692307693,1657.5,1676.3333333333333,1689,1669,1660.5,1684,1659.25,1665.5,2780,2788.5,2844,2804.5,2838,2824.5,2777.5,2761.5,2819.5,2919,2838.5,2810,2829.5,2839.5,2827,2849.5,2876.5,2738,2819,2762,2791,2819.5,2779.5,2737,2763,2780.5,2803,2739.5,2780.5,2784.5,2744.5,2783.5,2755,2791,2817,2845,2763.5,2858,2833.5,2781,2825,2827,2818.5,2823,2790.5
JSInterop - JSImportInt,N/A,N/A,N/A,N/A,N/A,N/A,N/A,4.486038394415358,N/A,N/A,N/A,N/A,N/A,N/A,N/A,N/A,N/A,N/A,N/A,N/A,N/A,N/A,N/A,N/A,N/A,N/A,N/A,N/A,N/A,N/A,N/A,N/A,N/A,N/A,N/A,N/A,4.448706512042819,4.497769848349688,4.450490633363069,4.688723205964585,4.501824817518248,4.422836752899197,4.631386861313868,4.463871543264942,4.535583941605839,5.003960396039604,5.001980198019802,4.9929292929292926,5.024242424242424,5.037864077669903,5.043564356435644,5.018811881188118,4.301919720767888,5.15859938208033,5.015841584158416,4.659832246039143,4.512773722627737,4.998989898989899,5.0069306930693065,5.053535353535353,4.52542372881356,5.036363636363636,4.7185461323392355,4.560218978102189,5.064646464646465,4.5200729927007295,4.675675675675675,4.470115967885817,4.993203883495146,4.5013380909901874,5.018811881188118,4.656104380242311,4.551293487957181,5.150360453141092,5.396791443850267,5.114315139031926,4.7640342530922934,5.062626262626263,5.285414480587618,4.539696699375558,4.551293487957181,5.402139037433155,5.041584158415842,4.983168316831684,4.615875912408759,5.084848484848485,4.4136125654450264,4.959223300970874,4.681569343065694,4.539233576642336,5.29145211122554,5.1454545454545455,5.052525252525252,4.4153577661431065,4.710158434296365,4.520963425512935
JSInterop - JSImportManyArgs,N/A,N/A,N/A,N/A,N/A,N/A,N/A,179.86666666666667,N/A,N/A,N/A,N/A,N/A,N/A,N/A,N/A,N/A,N/A,N/A,N/A,N/A,N/A,N/A,N/A,N/A,N/A,N/A,N/A,N/A,N/A,N/A,N/A,N/A,N/A,N/A,N/A,181.3783783783784,139.55555555555554,141.84444444444443,141.51111111111112,142.24444444444444,130.14583333333334,142.64444444444445,178.32258064516128,141.71052631578948,157.64705882352942,193.57142857142858,197.5,195.67857142857142,196.35714285714286,153.85714285714286,197.21428571428572,195.57142857142858,196.78571428571428,196.64285714285714,196.35714285714286,156.2,155.6,157.61764705882354,156.37142857142857,156.71428571428572,157.35294117647058,157.5,157.28571428571428,155.88571428571427,157.88235294117646,155.65714285714284,197.82142857142858,158.11764705882354,156.77142857142857,199.21428571428572,157.47058823529412,198.75,201.92592592592592,200.57142857142858,198.42857142857142,199.03571428571428,199.67857142857142,158.55882352941177,155.97142857142856,154.11428571428573,154.8,155.37142857142857,157.41176470588235,158.2941176470588,196.78571428571428,154.4,156.91176470588235,158.41176470588235,159.5,159.7941176470588,158.02941176470588,157.11428571428573,158,158.02941176470588,158.35294117647058
JSInterop - JSImportString,N/A,N/A,N/A,N/A,N/A,N/A,N/A,133.6829268292683,N/A,N/A,N/A,N/A,N/A,N/A,N/A,N/A,N/A,N/A,N/A,N/A,N/A,N/A,N/A,N/A,N/A,N/A,N/A,N/A,N/A,N/A,N/A,N/A,N/A,N/A,N/A,N/A,133.80851063829786,135.5744680851064,131.125,133.25531914893617,134.08510638297872,135.4255319148936,134.36170212765958,134.775,135.975,136.65,136.4,137.53846153846155,138.35897435897436,136.75,134.425,136,134.625,137.28205128205127,137.3846153846154,137.2051282051282,137.35897435897436,137.71794871794873,137.53846153846155,137.2051282051282,136.425,136.55,136.15,135.925,136.275,137.97435897435898,134.35,139.12820512820514,138.05128205128204,137.5897435897436,140.60526315789474,136.9,137.4102564102564,140.07692307692307,140,138.87179487179486,137.46153846153845,137.66666666666666,139.7948717948718,132.58536585365854,130.0487804878049,139.05128205128204,137.5897435897436,137.89743589743588,136.95,138.7948717948718,139,139.25641025641025,140.10256410256412,138.53846153846155,139.97435897435898,139.30769230769232,134.15,137.33333333333334,135.75,135.475
JSInterop - JSImportTask,N/A,N/A,N/A,N/A,N/A,N/A,N/A,1182.8,N/A,N/A,N/A,N/A,N/A,N/A,N/A,N/A,N/A,N/A,N/A,N/A,N/A,N/A,N/A,N/A,N/A,N/A,N/A,N/A,N/A,N/A,N/A,N/A,N/A,N/A,N/A,N/A,1278.923076923077,1304.6153846153845,1331.1538461538462,1330.5384615384614,1328,1346.1538461538462,1330,1309.25,1309.5,1309,1326,1307,1323.75,1321.5,1327.5,1155,1141,1143,1143.2,1152.4,1163.2,1166,1173.4,1161.4,1189.2,1149.6,1159,1144.2,1143.8,1155.8,1151.6,1177.2,1138.4,1160.2,1157.2,1211.6,1139.6,1183.2,1139.8,1180.4,1148.6,1150.6,1158.2,1138.4,1144.4,1141.6,1141.2,1136,1161,1145,1195,1191,1182.4,1222.4,1206.6,1185.2,1170.6,1174.2,1174.2,1162
JSInterop - JSImportTaskFail,N/A,N/A,N/A,N/A,N/A,N/A,N/A,7407,N/A,N/A,N/A,N/A,N/A,N/A,N/A,N/A,N/A,N/A,N/A,N/A,N/A,N/A,N/A,N/A,N/A,N/A,N/A,N/A,N/A,N/A,N/A,N/A,N/A,N/A,N/A,N/A,5638.1,5678.1,5635,5841.4,5718.8,5897.2,5837.7,5626,6019,5918,5577,5597,5653,5650,5679,7151,7119,7266,7291,7557,7303,7198,7354,7132,7614,7356,7457,7320,7346,7401,7433,7602,7327,7326,7204,7442,7002,7414,7199,7410,7045,7151,7121,7101,7057,7128,7097,7096,7232,7331,7445,7368,7489,7664,7646,7259,7312,7329,7267,7124
JSInterop - LegacyExportInt,N/A,N/A,N/A,N/A,N/A,N/A,N/A,23.7196261682243,N/A,N/A,N/A,N/A,N/A,N/A,N/A,N/A,N/A,N/A,N/A,N/A,N/A,N/A,N/A,N/A,N/A,N/A,N/A,N/A,N/A,N/A,N/A,N/A,N/A,N/A,N/A,N/A,26.953846153846154,30.697674418604652,27.469072164948454,25.980198019801982,28.176470588235293,26.953846153846154,28.03191489361702,26.056410256410256,26.8,25.805128205128206,29.03954802259887,25.431472081218274,24.985221674876847,26.057291666666668,28.819209039548024,23.76303317535545,23.7196261682243,23.62559241706161,24,22.430493273542602,24.153846153846153,23,23.186915887850468,22.944700460829495,23.232227488151658,22.957943925233646,24.504807692307693,23.377880184331797,24.39903846153846,25.059113300492612,23.40552995391705,23.89099526066351,22.869955156950674,23.457943925233646,23.672811059907833,24.788177339901477,23.85981308411215,24.302884615384617,23.733644859813083,25.502538071065988,23.881516587677726,24.033175355450236,26.213541666666668,23.786729857819907,25.16,25.06,23.53554502369668,24.35096153846154,25.771573604060915,22.82511210762332,23.951923076923077,23.514018691588785,24.702439024390245,26.652631578947368,24.478048780487804,24.60487804878049,25.15,24.905,24.41346153846154,24.285714285714285
JSInterop - LegacyExportString,N/A,N/A,N/A,N/A,N/A,N/A,N/A,180.5,N/A,N/A,N/A,N/A,N/A,N/A,N/A,N/A,N/A,N/A,N/A,N/A,N/A,N/A,N/A,N/A,N/A,N/A,N/A,N/A,N/A,N/A,N/A,N/A,N/A,N/A,N/A,N/A,187.16666666666666,184.1891891891892,190.80555555555554,189.05555555555554,179.59459459459458,179.75675675675674,186.33333333333334,185.9655172413793,190.27586206896552,190.3793103448276,189.44827586206895,191.10344827586206,181.26666666666668,189.13793103448276,186.27586206896552,179.2,180.66666666666666,172.4516129032258,179.86666666666667,174.7741935483871,180.86666666666667,181.8,182.83333333333334,180.36666666666667,181.9,173.09677419354838,181.36666666666667,181.43333333333334,180.16666666666666,182.26666666666668,183.4,184.63333333333333,174.80645161290323,175.61290322580646,185.8,184.5,182.26666666666668,184.93333333333334,174.96774193548387,182.03333333333333,183,183.1,176.83870967741936,181.23333333333332,183.66666666666666,184.53333333333333,174.19354838709677,174.16129032258064,182.63333333333333,172.40625,185.6551724137931,186.24137931034483,186.86206896551724,181.46666666666667,187.0344827586207,174.5483870967742,182.06666666666666,172.96774193548387,184.93103448275863,176.16129032258064
Json - large deserialize,51.45192307692308,53.515151515151516,45.75213675213675,46.28947368421053,47.24561403508772,46.19827586206897,46.03448275862069,42.576,52.411764705882355,51.36893203883495,47.219298245614034,48.554545454545455,48.53636363636364,49.629629629629626,49.174311926605505,48.872727272727275,47.88392857142857,49.403669724770644,50.23364485981308,51.304761904761904,48.57798165137615,49.648148148148145,50.76190476190476,48.0625,49.3394495412844,48.77272727272727,48.79816513761468,41.50769230769231,42.95967741935484,49.36697247706422,50.44761904761905,50.80952380952381,50.93333333333333,51.30769230769231,51.19047619047619,49.351851851851855,50.87735849056604,51.44660194174757,50.264150943396224,51.70192307692308,49.6605504587156,49.81308411214953,50.68571428571428,50.33644859813084,49.574074074074076,50.54205607476636,51.50476190476191,50.786407766990294,50.60377358490566,52.01960784313726,50.12149532710281,42.68,43.77235772357724,53.52577319587629,54.38947368421053,53.729166666666664,53.175257731958766,52.775510204081634,54.93684210526316,53.4639175257732,53.123711340206185,53.47422680412371,53.84375,54.45263157894737,53.708333333333336,53.802083333333336,53.50515463917526,46.01724137931034,43.46774193548387,42.632,42.357142857142854,44.22314049586777,41.47286821705426,44.74166666666667,42.99193548387097,43.97520661157025,42.6031746031746,42.95967741935484,42.976,41.7906976744186,41.83720930232558,42.344,42.285714285714285,40.81818181818182,42.632,41.8359375,43.61788617886179,41.921875,42.109375,44.0650406504065,43.520325203252035,41.4,40.5,40.35606060606061,41.246153846153845,41.17829457364341
Json - large serialize,30.27810650887574,30.076923076923077,29.274285714285714,30.311377245508982,29.380116959064328,28.931428571428572,29.994082840236686,27.601092896174862,29.71345029239766,30.765060240963855,29.057142857142857,28.34806629834254,28.92,27.55191256830601,28.027322404371585,28.2707182320442,28.66857142857143,28.931428571428572,28.826589595375722,28.56,27.861878453038674,27.57837837837838,28.043715846994534,27,27.843575418994412,28.622857142857143,27.30851063829787,25.984615384615385,27.17837837837838,27.86857142857143,27.735135135135135,28.217877094972067,28.795321637426902,28.69942196531792,27.933701657458563,27.639344262295083,28.834285714285713,28.19889502762431,27.737704918032787,28.175141242937855,28.045714285714286,28.694915254237287,27.814207650273225,27.865921787709496,28.39664804469274,28.099447513812155,28.382857142857144,28.605714285714285,28.291428571428572,28.150837988826815,28.372881355932204,26.67027027027027,26.664864864864864,42.18487394957983,42.226890756302524,42.421487603305785,42.608333333333334,41.60162601626016,42.733333333333334,41.925619834710744,42.429752066115704,42.40495867768595,42.40833333333333,43.578947368421055,43.33898305084746,43.83620689655172,42.18181818181818,28.422857142857143,26.705263157894738,26.80851063829787,26.494791666666668,27.25945945945946,26.479166666666668,27.410810810810812,25.451776649746193,27.216216216216218,25.53,25.83756345177665,26.06153846153846,25.604060913705585,24.95566502463054,25.142857142857142,26.123076923076923,26.143589743589743,26.1875,26.770491803278688,26.377659574468087,26.82702702702703,26.197916666666668,26.778378378378378,27.508196721311474,25.594871794871796,25.535,26.31578947368421,27.102702702702704,25.98421052631579
Json - non-ASCII text deserialize,1.8955866523143166,1.8952278435593828,1.8909503975766755,1.894736842105263,1.891562182311081,1.9019310867095798,1.8937926085396484,3.871698113207547,1.8912350597609562,1.8943581976524044,3.2321311475409837,3.1923551171393343,3.2111959287531806,3.2099236641221376,3.2379778051787915,3.305573770491803,3.2734426229508196,3.3148648648648646,3.3110687022900764,3.3377049180327867,3.2849872773536894,3.312977099236641,3.300983606557377,3.3226229508196723,3.3318032786885245,3.2512722646310435,3.3104325699745547,3.2474554707379135,26.08955223880597,26.355,27.87830687830688,27.834224598930483,27.051020408163264,26.854922279792746,26.989637305699482,27.780748663101605,25.985148514851485,26.119402985074625,25.526829268292683,26.43718592964824,25.985148514851485,27.56451612903226,26.883248730964468,26.207920792079207,27.51086956521739,25.876847290640395,26.014851485148515,25.746341463414634,26.54040404040404,26.759162303664922,25.940886699507388,25.798029556650246,26.794871794871796,26.195,25.813725490196077,26.202970297029704,27.056410256410256,26.055,26.91919191919192,26.175,27.005128205128205,26.055837563451778,26.868020304568528,26.8860103626943,27.593582887700535,27.297435897435896,26.218905472636816,26.6497461928934,26,26.284263959390863,2.061354581673307,2.0796812749003983,2.0629482071713148,2.052191235059761,2.0717131474103585,2.0571753123816734,2.0820717131474105,2.058167330677291,2.054903445664521,2.0310756972111554,2.0344566452101476,2.0362549800796814,2.0717131474103585,2.0461946232487693,1.965921999242711,1.9617529880478088,1.9503975766755017,1.9613782658084058,1.9545626656569481,1.948605577689243,1.9875047330556608,1.9447179098826202,1.9761453994698979,1.9670579326012874,1.9647860658841347,1.9796812749003985
Json - non-ASCII text serialize,1.2171656686626746,1.2117764471057884,1.1913746630727762,1.1848518111964874,1.1850299401197604,1.188858939802336,1.192755214050494,1.1918163672654691,1.189901207464325,1.2109769484083426,1.200191570881226,1.1973180076628354,1.1880239520958085,1.194072447859495,1.1934138309549944,1.1916575192096597,1.189901207464325,1.2010976948408343,1.2087824351297405,1.202195608782435,1.2001996007984033,1.2087824351297405,1.236443468715697,1.1949506037321624,1.1819978046103183,1.2001996007984033,1.1882235528942116,1.1962678375411635,1.1828343313373253,1.1946107784431137,1.1951701427003294,1.1978043912175649,1.1942115768463073,1.1898203592814371,1.1909989023051593,1.190852490421456,1.2052111410601976,1.1860279441117765,1.1967069154774972,1.1936333699231614,1.1956417624521072,1.1987547892720307,1.193007662835249,1.1879253567508232,1.2241379310344827,1.21185510428101,1.189681668496158,1.1890230515916576,1.1978043912175649,1.2147704590818362,1.192614770459082,1.1931942919868277,1.1749725576289791,3.9195046439628483,3.908679245283019,3.9744582043343653,3.8919911829537104,3.799245283018868,3.943650793650794,3.815450643776824,3.911094783247612,3.847639484978541,3.973015873015873,3.9252830188679244,3.9547169811320755,3.900073475385746,3.8839088905216754,1.1657519209659715,1.1782435129740518,1.1813117699910152,1.1815587266739846,1.1724550898203592,1.1826347305389222,1.1729967069154774,1.173253493013972,1.1704590818363274,1.1992337164750957,1.173253493013972,1.1728542914171656,1.1614770459081836,1.1676646706586826,1.16187624750499,1.174251497005988,1.1696606786427146,1.2024149286498353,1.183754116355653,1.1931942919868277,1.2006704980842913,1.1885839736553239,1.1951701427003294,1.2021953896816684,1.1791437980241493,1.2171656686626746,1.206387225548902,1.2063666300768385,1.204191616766467
Json - small deserialize,0.18476609356257498,0.19102179564087182,0.16125549780087964,0.16349460215913633,0.16565373850459816,0.16245501799280287,0.1619876024795041,0.1487405037984806,0.1890141520748381,0.19159270808347326,0.1759296281487405,0.17405037984806077,0.17398520295940811,0.18307747661309667,0.1770891643342663,0.1728108756497401,0.1752649470105979,0.18085871911729431,0.18192722910835665,0.1833633273345331,0.1792483006797281,0.17297081167532988,0.18540291941611678,0.175249900039984,0.17728908436625349,0.191501699660068,0.17442046362909672,0.14586165533786485,0.15217912834866054,0.17636945221911235,0.18319740945070762,0.18084766093562574,0.17409036385445822,0.20208683137443031,0.18439673782681698,0.17832866853258697,0.18163828256176542,0.186315663228592,0.1781687325069972,0.185296234108899,0.17665867306155075,0.17852858856457418,0.18404638144742103,0.17860855657736904,0.1750599520383693,0.18278344331133772,0.18328668532586964,0.17911969297193572,0.17486207723674743,0.18157831614295994,0.1774890043982407,0.14986005597760896,0.15393842463014795,0.16141543382646942,0.16465413834466214,0.16241503398640544,0.1601359456217513,0.15829668132746902,0.1664934026389444,0.1611897337491005,0.16032793441311738,0.1603358656537385,0.1615876824635073,0.16450709858028395,0.1605357856857257,0.16160767846430713,0.16161535385845663,0.16141543382646942,0.15126974605078986,0.1478608556577369,0.1485405837664934,0.1554578168732507,0.14418232706917233,0.15717712914834067,0.15053978408636545,0.1549780087964814,0.1500199920031987,0.15036992601479704,0.15085965613754498,0.14645070985802838,0.1457017193122751,0.14927014597080585,0.14754098360655737,0.14398240703718512,0.14986005597760896,0.14738104758096762,0.15309876049580168,0.14838064774090365,0.14782087165133947,0.1557377049180328,0.15277888844462215,0.14623075384923015,0.14219156168766248,0.14158336665333868,0.14434226309476209,0.14410235905637744
Json - small serialize,0.10767692922830868,0.10859656137544982,0.10115953618552578,0.10481903619276145,0.10081983603279344,0.09846030793841232,0.1039984006397441,0.09504099180163968,0.1062375049980008,0.10875649740103958,0.1058988202359528,0.10001999600079985,0.10247900839664134,0.09936012797440512,0.0998000399920016,0.10103958416633346,0.10251899240303879,0.10259896041583366,0.10201959608078384,0.10089982003599281,0.09928028788484607,0.0992001599680064,0.10035985605757697,0.09914017196560689,0.1010997800439912,0.11347730453909217,0.09766046790641872,0.08908218356328734,0.09242151569686063,0.09878024395120975,0.09992003198720512,0.09954009198160368,0.10027988804478209,0.11439424230307876,0.09956008798240353,0.09896020795840832,0.1020995800839832,0.10023990403838465,0.09868052778888445,0.09836065573770492,0.09822035592881424,0.10151969606078784,0.09964014394242303,0.09768046390721856,0.1,0.09782043591281743,0.0993001399720056,0.09968012794882047,0.09700119952019193,0.09914017196560689,0.09936435596066202,0.09172165566886623,0.09186162767446511,0.13389322135572884,0.13474610155937625,0.1352129574085183,0.13558576569372252,0.1320460542096426,0.13482606957217114,0.1338264694122351,0.13549290141971607,0.13363327334533093,0.13482606957217114,0.1396720655868826,0.1380123975204959,0.13997200559888023,0.13589282143571285,0.09732053589282144,0.09084183163367326,0.09124175164967006,0.09156337465013994,0.09432227109156338,0.0924015196960608,0.09428228708516594,0.0880623875224955,0.09440223910435826,0.08840231953609279,0.08960415833666534,0.09020391843262696,0.08918216356728655,0.08652269546090782,0.0875624875024995,0.0906437425029988,0.09028194361127774,0.09064187162567487,0.09082183563287342,0.09004199160167967,0.09138172365526895,0.09042191561687662,0.0912617476504699,0.09366126774645071,0.08794241151769647,0.08754249150169965,0.08944422231107557,0.09390121975604879,0.0885622875424915
Span - IndexOf bytes,N/A,N/A,N/A,N/A,N/A,N/A,N/A,0.008313099041533547,N/A,N/A,N/A,N/A,N/A,N/A,N/A,N/A,N/A,N/A,N/A,N/A,N/A,N/A,N/A,N/A,N/A,N/A,N/A,N/A,N/A,N/A,N/A,N/A,N/A,N/A,N/A,N/A,N/A,N/A,N/A,N/A,N/A,N/A,N/A,0.06735363380205,0.07074093793619501,0.06757143051604209,0.06808826412029907,0.06739106422930359,0.06785024222228445,0.0675751514541033,0.06757021645991432,0.06703430879255055,0.06657646214171314,0.06657314118097181,0.06824227828960264,0.07124418452025026,0.07006461082411178,0.06695380321753948,0.06914712395661803,0.0664824469460817,0.06866129121334291,0.06635993629446116,0.07181591051047641,0.07272485443206338,0.07213382530955124,0.07511943580799273,0.06774839034616065,0.06769394116766263,0.0667683051331963,0.06696722081337465,0.0001987602479504099,0.00019916016796640672,0.00019856028794241153,0.0001987602479504099,0.00019936012797440512,0.0001987602479504099,0.0001989602079584083,0.0002071171531387445,0.00019936012797440512,0.00020015996800639872,0.00019836032793441312,0.00019856028794241153,0.00021435712857428515,0.00021255748850229953,0.00021415716856628675,0.00021415716856628675,0.00021435712857428515,0.00021375724855028993,0.0001987602479504099,0.00019916016796640672,0.0001987602479504099,0.0001987602479504099,0.00019856028794241153,0.00019856028794241153,0.0001997600479904019,0.00020015996800639872
Span - IndexOf chars,N/A,N/A,N/A,N/A,N/A,N/A,N/A,1.2667698658410733,N/A,N/A,N/A,N/A,N/A,N/A,N/A,N/A,N/A,N/A,N/A,N/A,N/A,N/A,N/A,N/A,N/A,N/A,N/A,N/A,N/A,N/A,N/A,N/A,N/A,N/A,N/A,N/A,N/A,N/A,N/A,N/A,N/A,N/A,N/A,12.06787330316742,12.6548463356974,12.04337899543379,12.1,12.085778781038375,12.412177985948478,11.964125560538116,12.294930875576037,12.157175398633257,12.132118451025057,12.290953545232274,12.139269406392694,12.449074074074074,12.846153846153847,11.975391498881432,12.293981481481481,11.973033707865168,12.899038461538462,12.051918735891649,12.318807339449542,12.92326139088729,12.257471264367815,13.303703703703704,11.946188340807176,12.13409090909091,12.081818181818182,12.17162471395881,0.07029782130721567,0.07031780931441135,0.0703052112488338,0.07031853925096627,0.07031780931441135,0.07031780931441135,0.07031780931441135,0.07029782130721567,0.0703052112488338,0.07033186725309876,0.07031853925096627,0.07031780931441135,0.07029188324670133,0.07031853925096627,0.07029782130721567,0.07033186725309876,0.07033186725309876,0.07033779732160704,0.07033779732160704,0.07034519525523124,0.07033779732160704,0.07029782130721567,0.07031780931441135,0.07031853925096627,0.07029782130721567,0.07031853925096627
Span - Reverse bytes,N/A,N/A,N/A,N/A,N/A,N/A,N/A,0.08186058909769425,N/A,N/A,N/A,N/A,N/A,N/A,N/A,N/A,N/A,N/A,N/A,N/A,N/A,N/A,N/A,N/A,N/A,N/A,N/A,N/A,N/A,N/A,N/A,N/A,N/A,N/A,N/A,N/A,N/A,N/A,N/A,N/A,N/A,N/A,N/A,0.337386200287494,0.3373918829008649,0.01984269812704126,0.01984269812704126,0.019849363460641204,0.01987205117952819,0.0198626941278411,0.01988269012864094,0.01919616076784643,0.01920282610144638,0.01919616076784643,0.019189495434246483,0.019189495434246483,0.01919616076784643,0.019189495434246483,0.01919616076784643,0.01919616076784643,0.01919616076784643,0.01919616076784643,0.01920282610144638,0.01919616076784643,0.019189495434246483,0.019189495434246483,0.019182830100646538,0.019182830100646538,0.019189495434246483,0.019189495434246483,0.01919616076784643,0.019189495434246483,0.019189495434246483,0.019189495434246483,0.01919616076784643,0.01919616076784643,0.019189495434246483,0.01919616076784643,0.01920282610144638,0.019209491435046324,0.019189495434246483,0.01920282610144638,0.01919616076784643,0.019189495434246483,0.01919616076784643,0.01919616076784643,0.01919616076784643,0.01919616076784643,0.01919616076784643,0.01920282610144638,0.01919616076784643,0.019189495434246483,0.019182830100646538,0.019189495434246483,0.01919616076784643,0.019189495434246483
Span - Reverse chars,N/A,N/A,N/A,N/A,N/A,N/A,N/A,0.08188724510195922,N/A,N/A,N/A,N/A,N/A,N/A,N/A,N/A,N/A,N/A,N/A,N/A,N/A,N/A,N/A,N/A,N/A,N/A,N/A,N/A,N/A,N/A,N/A,N/A,N/A,N/A,N/A,N/A,N/A,N/A,N/A,N/A,N/A,N/A,N/A,0.38507581803671187,0.38489682423532856,0.03895220955808838,0.03891888289008865,0.038944422231107556,0.03894554422448843,0.03894554422448843,0.03895220955808838,0.040111977604479106,0.040111977604479106,0.040098646937279214,0.040098646937279214,0.040090630414500866,0.040091981603679265,0.040085316270079316,0.040091981603679265,0.040098646937279214,0.040090630414500866,0.040091981603679265,0.040090630414500866,0.040085316270079316,0.040090630414500866,0.04010395841663335,0.040105312270879157,0.04010395841663335,0.04010395841663335,0.040105312270879157,0.040085316270079316,0.040098646937279214,0.040085316270079316,0.040091981603679265,0.040090630414500866,0.040105312270879157,0.040091981603679265,0.040085316270079316,0.040105312270879157,0.040091981603679265,0.040078650936479374,0.040085316270079316,0.040098646937279214,0.040098646937279214,0.040111977604479106,0.040091981603679265,0.040077302412368385,0.040090630414500866,0.040098646937279214,0.04011728641876583,0.040105312270879157,0.040098646937279214,0.040098646937279214,0.040098646937279214,0.040098646937279214,0.040098646937279214
Vector - Add 2 Vector128's,0.0003568671055474892,0.0003653095059710239,3.4955044955044956E-05,3.4948041566746605E-05,3.500399680255795E-05,3.493205435651479E-05,3.4908073541167065E-05,0.0006124551375367433,0.00037237992875682714,0.00035257270431266976,0.00037404310106368353,0.0003622661993800897,0.00032732673267326734,0.000371240622224269,0.0003446884307090844,0.00033739861856971925,0.00037434784088331385,0.00033155156271862633,0.00035088970607712305,0.00032287128712871286,0.00036465008670759846,0.00037909811408274783,0.00036017796300269396,0.00041468222613092105,0.00034527088398634556,0.00032673927831209477,0.000378462768604609,3.491704990972237E-05,3.4980015987210234E-05,0.0003379176777778418,0.0003664321127948484,0.00033453829488491174,0.00036934770885464194,0.00037109706649051804,0.00036568211525488413,0.0003653955869649804,0.00037004745190899235,0.00035545994416874327,0.0003609136186730079,0.00032633663366336634,0.0003439082441728597,0.0003734295433383528,0.00040987956583625197,0.00036573236974049794,0.00036923108501225014,0.00036351710513105116,0.00038847723270819026,0.00038201897087347246,0.00036701246191115744,0.00038140181078594567,0.0003672874929951062,3.5E-05,3.492063492063492E-05,3.492063492063492E-05,3.5E-05,3.495049504950495E-05,3.5E-05,3.5E-05,3.492063492063492E-05,3.5E-05,3.5E-05,3.507936507936508E-05,3.5E-05,3.504950495049505E-05,3.492063492063492E-05,3.5E-05,3.5E-05,3.747035721226708E-05,3.524752475247525E-05,3.492063492063492E-05,3.504950495049505E-05,3.5E-05,3.492063492063492E-05,3.492063492063492E-05,3.495049504950495E-05,3.5E-05,3.5E-05,3.507936507936508E-05,3.5E-05,3.5E-05,3.495049504950495E-05,3.5E-05,3.495049504950495E-05,3.492063492063492E-05,3.5E-05,3.504950495049505E-05,3.504950495049505E-05,3.492063492063492E-05,3.5E-05,3.514851485148515E-05,3.507936507936508E-05,3.495049504950495E-05,3.507936507936508E-05,3.5E-05,3.504950495049505E-05,3.5E-05
Vector - Create Vector128,0.0003687645896426832,0.0003583211723177676,3.4500399680255795E-05,3.448441247002398E-05,3.444444444444445E-05,3.445243804956035E-05,3.454545454545455E-05,4.996003996003996E-05,0.0003716801857024767,0.00032976838163390035,0.0003564391726650759,0.00036231454364307167,0.00033522264930361585,0.00034893303028991814,0.00036682881364075707,0.0003519217346244087,0.000341980198019802,0.00036934770885464194,0.00035020168704559925,0.00033018801627277304,0.00034743815101109956,0.00036495659901238987,0.00036052197251845583,0.00035821380518882097,0.0003717131141326796,0.00033480309655104564,0.00037798065042804257,3.517482517482518E-05,3.4443334137290965E-05,0.00038042697388185727,0.00036384421020501853,0.00034784372253060064,0.0003871911567405782,0.00037074887777954687,0.0003419074095502646,0.00036452050055855946,0.00035640501631606836,0.00034922470012142565,0.00034751731303182305,0.00033490798473918815,0.0003691144611698584,0.00037061291831413777,0.0003531384966130186,0.0003546531047132826,0.00035598102955606154,0.0003750375404984202,0.00038738195487108705,0.0003831971868196035,0.0003550938123972785,0.0003675638071494936,0.0003667819843220236,3.4523809523809526E-05,3.486166145698267E-05,3.4603174603174604E-05,3.4554455445544554E-05,3.4523809523809526E-05,3.4523809523809526E-05,3.444444444444445E-05,3.865079365079365E-05,3.4523809523809526E-05,3.4554455445544554E-05,3.475247524752475E-05,3.4554455445544554E-05,3.444444444444445E-05,3.4523809523809526E-05,3.444444444444445E-05,3.4523809523809526E-05,3.4523809523809526E-05,3.4523809523809526E-05,3.4523809523809526E-05,3.4523809523809526E-05,3.4523809523809526E-05,3.444444444444445E-05,3.4523809523809526E-05,3.4603174603174604E-05,3.4523809523809526E-05,3.4523809523809526E-05,3.4554455445544554E-05,3.484126984126984E-05,3.444444444444445E-05,3.4523809523809526E-05,3.465346534653465E-05,3.444444444444445E-05,3.4554455445544554E-05,3.4523809523809526E-05,3.4523809523809526E-05,3.444444444444445E-05,3.444444444444445E-05,3.4523809523809526E-05,3.468253968253968E-05,3.4603174603174604E-05,3.444444444444445E-05,3.444444444444445E-05,3.4523809523809526E-05,3.4523809523809526E-05,3.4554455445544554E-05
Vector - Dot product double,N/A,N/A,N/A,N/A,N/A,N/A,N/A,N/A,N/A,N/A,N/A,N/A,N/A,N/A,N/A,N/A,N/A,N/A,N/A,N/A,N/A,N/A,N/A,N/A,N/A,N/A,N/A,N/A,N/A,N/A,N/A,N/A,N/A,N/A,N/A,N/A,N/A,N/A,N/A,N/A,N/A,N/A,N/A,N/A,N/A,N/A,N/A,N/A,N/A,N/A,N/A,0.0005232912527937619,0.0005438849703431612,0.0005380510271218656,0.000557720488911084,0.0005505571064847031,0.0005559713030174536,0.0005223328439058612,0.0005716851615478323,0.0005398561927850638,0.0005351356172392948,0.0005479137479012587,0.0005556738082178323,0.0005440545441932831,0.0005817859220664007,0.0005753573483419101,0.0005644091685826782,0.0005252080705695632,0.0005458993591222099,0.0005489209422907831,0.0005566971485644581,0.0005828573510204825,0.0005571331756175239,0.000525379535541097,0.0005292784560274874,0.0005529497198488805,0.0005234300752979019,0.0005458993591222099,0.0005223328439058612,0.0005410815685419536,0.0005232912527937619,0.0005539569142384049,0.0005351356172392948,0.0005273289957842922,0.000495190634510437,0.00050603989281155,0.0004964494912099237,0.0004955074618148385,3.880952380952381E-05,3.881188118811881E-05,3.881188118811881E-05,3.873015873015873E-05,3.880952380952381E-05,3.881188118811881E-05,3.888888888888889E-05,3.880952380952381E-05
Vector - Dot product float,N/A,N/A,N/A,N/A,N/A,N/A,N/A,N/A,N/A,N/A,N/A,N/A,N/A,N/A,N/A,N/A,N/A,N/A,N/A,N/A,N/A,N/A,N/A,N/A,N/A,N/A,N/A,N/A,N/A,N/A,N/A,N/A,N/A,N/A,N/A,N/A,N/A,N/A,N/A,N/A,N/A,N/A,N/A,N/A,N/A,N/A,N/A,N/A,N/A,N/A,N/A,0.0009456295504360132,0.000992890497394086,0.0009716666666666667,0.0010032787215842728,0.0010302642304153592,0.0010124507334241324,0.000945503863357779,0.0009636121690451062,0.0009814317812482669,0.0009716666666666667,0.0009831123151202673,0.000975,0.001002671513197002,0.0010009633845544175,0.0010480281084691329,0.0010013622593172437,0.0009422823851180591,0.0009751260226427568,0.0009864733828642684,0.0010112121564099235,0.0010227818633570319,0.0009982371199682716,0.0009390609068783393,0.0009635567308486902,0.001010728878435316,0.0009406716459981992,0.0009898344506082692,0.0009374501677584794,0.0009683333333333333,0.0009358394286386194,0.0009915149844802696,0.0009488791365199858,0.0009553783086879309,0.0008770078766082843,0.0009210114034504695,0.0008718685639251915,0.0008946031257217646,4.198019801980198E-05,4.198019801980198E-05,4.198019801980198E-05,4.198019801980198E-05,4.1976286244121985E-05,4.190476190476191E-05,4.1984126984126986E-05,4.198019801980198E-05
Vector - Dot product int,N/A,N/A,N/A,N/A,N/A,N/A,N/A,N/A,N/A,N/A,N/A,N/A,N/A,N/A,N/A,N/A,N/A,N/A,N/A,N/A,N/A,N/A,N/A,N/A,N/A,N/A,N/A,N/A,N/A,N/A,N/A,N/A,N/A,N/A,N/A,N/A,N/A,N/A,N/A,N/A,N/A,N/A,N/A,N/A,N/A,N/A,N/A,N/A,N/A,N/A,N/A,0.0009570031017299171,0.0010060877704821706,0.0009734732666721759,0.0009586278947719035,0.0009797512473762664,0.001017616298390582,0.0009422823851180591,0.000968514998760433,0.0010009633845544175,0.0009734732666721759,0.0009472543434779995,0.0009965565860962711,0.0009831123151202673,0.0010077958991247548,0.0010030566117018754,0.0010361165587740155,0.000952140595604093,0.0009535575589570786,0.0010124507334241324,0.0009814317812482669,0.001017616298390582,0.001017616298390582,0.0009487253415974989,0.0009603345766333881,0.0009537793918099521,0.000945503863357779,0.0009471146024776389,0.0009420179941403287,0.0009488791365199858,0.0009471146024776389,0.0010013622593172437,0.0009452112754763976,0.0009551682980769385,0.0008969499126694175,0.0009036039714264915,0.0008748906386701663,0.0008755939623677647,4.158415841584158E-05,4.142857142857143E-05,4.1485148514851486E-05,4.158415841584158E-05,4.150793650793651E-05,4.1485148514851486E-05,4.158415841584158E-05,4.158415841584158E-05
Vector - Dot product ulong,N/A,N/A,N/A,N/A,N/A,N/A,N/A,N/A,N/A,N/A,N/A,N/A,N/A,N/A,N/A,N/A,N/A,N/A,N/A,N/A,N/A,N/A,N/A,N/A,N/A,N/A,N/A,N/A,N/A,N/A,N/A,N/A,N/A,N/A,N/A,N/A,N/A,N/A,N/A,N/A,N/A,N/A,N/A,N/A,N/A,N/A,N/A,N/A,N/A,N/A,N/A,0.0005273289957842922,0.0005464637450981998,0.0005390257572434632,0.0005559713030174536,0.0005433937240583222,0.0005549641086279293,0.0005232912527937619,0.0005659072116840908,0.0005509353310698318,0.0005678573456633378,0.0005454404047515738,0.0005583366844088966,0.0005664880237155794,0.0005636139687605875,0.0005560937480510734,0.0005685668788484806,0.0005273289957842922,0.0005458993591222099,0.0005464637450981998,0.0005675274512820299,0.0005678573456633378,0.0005607905099509615,0.0005252080705695632,0.0005312279162706826,0.0005283037259058898,0.0005252256984015301,0.0005381085928906242,0.0005232912527937619,0.0005433937240583222,0.0005273289957842922,0.0005489209422907831,0.0005351356172392948,0.0005272076821690831,0.0005002176087902647,0.0005127487550268547,0.00050115963818535,0.0005012478483720467,4.0198019801980196E-05,4.0198019801980196E-05,4.0198019801980196E-05,4.0198019801980196E-05,4.02970297029703E-05,4.015873015873016E-05,4.0198019801980196E-05,4.0198019801980196E-05
Vector - Max double,N/A,N/A,N/A,N/A,N/A,N/A,N/A,N/A,N/A,N/A,N/A,N/A,N/A,N/A,N/A,N/A,N/A,N/A,N/A,N/A,N/A,N/A,N/A,N/A,N/A,N/A,N/A,N/A,N/A,N/A,N/A,N/A,N/A,N/A,N/A,N/A,N/A,N/A,N/A,N/A,N/A,N/A,N/A,N/A,N/A,N/A,N/A,N/A,N/A,N/A,N/A,N/A,N/A,N/A,N/A,N/A,N/A,N/A,N/A,3.5873015873015874E-05,3.5873015873015874E-05,3.5841584158415844E-05,3.5841584158415844E-05,3.7063492063492065E-05,3.5873015873015874E-05,3.5793650793650795E-05,3.5873015873015874E-05,3.5873015873015874E-05,3.603960396039604E-05,3.5873015873015874E-05,3.5873015873015874E-05,3.5841584158415844E-05,3.5841584158415844E-05,3.5873015873015874E-05,3.5873015873015874E-05,3.5841584158415844E-05,3.5841584158415844E-05,3.611111111111111E-05,3.5873015873015874E-05,3.5793650793650795E-05,3.5793650793650795E-05,3.5793650793650795E-05,3.5793650793650795E-05,3.5793650793650795E-05,3.602385829120709E-05,3.5873015873015874E-05,3.5793650793650795E-05,3.5841584158415844E-05,3.5841584158415844E-05,3.5793650793650795E-05,3.5841584158415844E-05,3.5793650793650795E-05,3.5793650793650795E-05,3.5793650793650795E-05,3.5873015873015874E-05,3.5873015873015874E-05
Vector - Max float,N/A,N/A,N/A,N/A,N/A,N/A,N/A,N/A,N/A,N/A,N/A,N/A,N/A,N/A,N/A,N/A,N/A,N/A,N/A,N/A,N/A,N/A,N/A,N/A,N/A,N/A,N/A,N/A,N/A,N/A,N/A,N/A,N/A,N/A,N/A,N/A,N/A,N/A,N/A,N/A,N/A,N/A,N/A,N/A,N/A,N/A,N/A,N/A,N/A,N/A,N/A,N/A,N/A,N/A,N/A,N/A,N/A,N/A,N/A,3.5793650793650795E-05,3.5873015873015874E-05,3.5841584158415844E-05,3.5793650793650795E-05,3.5844931842740826E-05,3.594059405940594E-05,3.5873015873015874E-05,3.5873015873015874E-05,3.5841584158415844E-05,3.594059405940594E-05,3.5873015873015874E-05,3.5844931842740826E-05,3.5793650793650795E-05,3.5873015873015874E-05,3.5873015873015874E-05,3.5873015873015874E-05,3.5873015873015874E-05,3.5793650793650795E-05,3.6237623762376236E-05,3.5873015873015874E-05,3.5793650793650795E-05,3.5873015873015874E-05,3.5793650793650795E-05,3.5793650793650795E-05,3.5841584158415844E-05,3.5793650793650795E-05,3.5873015873015874E-05,3.5873015873015874E-05,3.5841584158415844E-05,3.5841584158415844E-05,3.594059405940594E-05,3.5793650793650795E-05,3.5793650793650795E-05,3.594059405940594E-05,3.5873015873015874E-05,3.5844931842740826E-05,3.595238095238095E-05
Vector - Min double,N/A,N/A,N/A,N/A,N/A,N/A,N/A,N/A,N/A,N/A,N/A,N/A,N/A,N/A,N/A,N/A,N/A,N/A,N/A,N/A,N/A,N/A,N/A,N/A,N/A,N/A,N/A,N/A,N/A,N/A,N/A,N/A,N/A,N/A,N/A,N/A,N/A,N/A,N/A,N/A,N/A,N/A,N/A,N/A,N/A,N/A,N/A,N/A,N/A,N/A,N/A,N/A,N/A,N/A,N/A,N/A,N/A,N/A,N/A,3.5445544554455446E-05,3.5396825396825396E-05,3.5396825396825396E-05,3.5643564356435645E-05,3.5396825396825396E-05,3.5445544554455446E-05,3.5476190476190475E-05,3.531746031746032E-05,3.53677946468308E-05,3.554455445544554E-05,3.563492063492063E-05,3.53677946468308E-05,3.5396825396825396E-05,3.531746031746032E-05,3.5445544554455446E-05,3.5396825396825396E-05,3.563492063492063E-05,3.563492063492063E-05,3.5643564356435645E-05,3.5396825396825396E-05,3.5396825396825396E-05,3.5396825396825396E-05,3.53677946468308E-05,3.5396825396825396E-05,3.5476190476190475E-05,3.5396825396825396E-05,3.5396825396825396E-05,3.563492063492063E-05,3.5445544554455446E-05,3.554455445544554E-05,3.563492063492063E-05,3.5476190476190475E-05,3.554455445544554E-05,3.554455445544554E-05,3.5476190476190475E-05,3.5476190476190475E-05,3.555555555555555E-05
Vector - Min float,N/A,N/A,N/A,N/A,N/A,N/A,N/A,N/A,N/A,N/A,N/A,N/A,N/A,N/A,N/A,N/A,N/A,N/A,N/A,N/A,N/A,N/A,N/A,N/A,N/A,N/A,N/A,N/A,N/A,N/A,N/A,N/A,N/A,N/A,N/A,N/A,N/A,N/A,N/A,N/A,N/A,N/A,N/A,N/A,N/A,N/A,N/A,N/A,N/A,N/A,N/A,N/A,N/A,N/A,N/A,N/A,N/A,N/A,N/A,3.5396825396825396E-05,3.5476190476190475E-05,3.5445544554455446E-05,3.5445544554455446E-05,3.5396825396825396E-05,3.5396825396825396E-05,3.5396825396825396E-05,3.5396825396825396E-05,3.735178013248143E-05,3.5476190476190475E-05,3.5396825396825396E-05,3.5445544554455446E-05,3.5445544554455446E-05,3.5445544554455446E-05,3.5445544554455446E-05,3.5396825396825396E-05,3.53677946468308E-05,3.531746031746032E-05,3.6435643564356435E-05,3.5396825396825396E-05,3.53677946468308E-05,3.5396825396825396E-05,3.5396825396825396E-05,3.5396825396825396E-05,3.5445544554455446E-05,3.5445544554455446E-05,3.871287128712871E-05,3.554455445544554E-05,3.5396825396825396E-05,3.5476190476190475E-05,3.5476190476190475E-05,3.5476190476190475E-05,3.554455445544554E-05,3.5476190476190475E-05,3.5487078945808306E-05,3.555555555555555E-05,3.5476190476190475E-05
Vector - Multiply 2 Vector128's,0.0003265346534653465,0.00033998418037154435,3.533972821742606E-05,3.530081964941363E-05,3.53046953046953E-05,3.5354645354645355E-05,3.5323741007194245E-05,0.0006140916271721959,0.0003581139059081226,0.0003780995713646712,0.0003814218009478673,0.000374256346879257,0.00035587027005713306,0.0003573095979951493,0.000369029102915499,0.0003300950327851169,0.00034925816369196994,0.00032906159085881236,0.00034329640840156256,0.00035310128258392163,0.0003574209030421315,0.0003450207953647961,0.00034425321804404765,0.00036830107259266807,0.0003759952678709711,0.00035482700549113955,0.00034141105240402677,3.5323741007194245E-05,3.5299760191846526E-05,0.00033079207920792077,0.00036442074703042386,0.00032475247524752475,0.0003356422020561861,0.0003432492330125699,0.0003741676833103439,0.00036428799197569584,0.0003776516339748102,0.00035572872596252743,0.0003715925845885381,0.0003557863536675208,0.0003653381057391222,0.00037141560718424884,0.00036224202009726525,0.0003501285890220434,0.00037553628709587387,0.00036387869376347596,0.0003888783570300158,0.0003603676729904779,0.00034822786463106954,0.00040276695343426924,0.00036794822274594104,3.5445544554455446E-05,3.5396825396825396E-05,3.5346534653465344E-05,3.5396825396825396E-05,3.531746031746032E-05,3.531746031746032E-05,3.531746031746032E-05,3.5396825396825396E-05,3.5396825396825396E-05,3.5396825396825396E-05,3.531746031746032E-05,3.5396825396825396E-05,3.5396825396825396E-05,3.53677946468308E-05,3.5445544554455446E-05,3.5396825396825396E-05,3.531746031746032E-05,3.5445544554455446E-05,3.5396825396825396E-05,3.5396825396825396E-05,3.5396825396825396E-05,3.5445544554455446E-05,3.53677946468308E-05,3.531746031746032E-05,3.53677946468308E-05,3.5396825396825396E-05,3.6237623762376236E-05,3.531746031746032E-05,3.531746031746032E-05,3.531746031746032E-05,3.531746031746032E-05,3.53677946468308E-05,3.523809523809524E-05,3.5308152497342046E-05,3.5396825396825396E-05,3.5396825396825396E-05,3.531746031746032E-05,3.5476190476190475E-05,3.5346534653465344E-05,3.531746031746032E-05,3.5396825396825396E-05,3.5396825396825396E-05,3.5396825396825396E-05,3.5396825396825396E-05,3.531746031746032E-05
Vector - Sum double,N/A,N/A,N/A,N/A,N/A,N/A,N/A,N/A,N/A,N/A,N/A,N/A,N/A,N/A,N/A,N/A,N/A,N/A,N/A,N/A,N/A,N/A,N/A,N/A,N/A,N/A,N/A,N/A,N/A,N/A,N/A,N/A,N/A,N/A,N/A,N/A,N/A,N/A,N/A,N/A,N/A,N/A,N/A,N/A,N/A,N/A,N/A,N/A,N/A,N/A,N/A,0.00032344574134018597,0.00032917607927731527,0.0003279026708468421,0.00033044795847639313,0.00033429915914929696,0.00033363300878397133,0.0003228090371249494,0.0003323365417766005,0.00032710289544940995,0.00033363300878397133,0.00032726596663160547,0.0003356075707310946,0.000337164380396645,0.0003445524445089221,0.0003432091601248717,0.000341495422849184,0.0003279026708468421,0.00033626177652199343,0.0003344778116285443,0.00033936334672110064,0.0003465673710849977,0.0003388785996855887,0.0003257944838676123,0.0003361798256449177,0.00032917607927731527,0.000323177660704017,0.00032981278349255184,0.0003208989244792396,0.0003228090371249494,0.0003225704593564317,0.0003266292624163689,0.0003257944838676123,0.00032408244555542253,0.0002248855305168749,0.00023476190476190477,0.00022032505201386332,0.00021984736180875753,3.8118811881188116E-05,3.809523809523809E-05,3.821782178217822E-05,3.8118811881188116E-05,3.809523809523809E-05,3.809523809523809E-05,3.8118811881188116E-05,3.809523809523809E-05
Vector - Sum sbyte,N/A,N/A,N/A,N/A,N/A,N/A,N/A,N/A,N/A,N/A,N/A,N/A,N/A,N/A,N/A,N/A,N/A,N/A,N/A,N/A,N/A,N/A,N/A,N/A,N/A,N/A,N/A,N/A,N/A,N/A,N/A,N/A,N/A,N/A,N/A,N/A,N/A,N/A,N/A,N/A,N/A,N/A,N/A,N/A,N/A,N/A,N/A,N/A,N/A,N/A,N/A,N/A,N/A,N/A,N/A,N/A,N/A,N/A,N/A,N/A,N/A,N/A,N/A,N/A,N/A,N/A,N/A,N/A,N/A,N/A,N/A,N/A,N/A,N/A,N/A,N/A,N/A,N/A,N/A,N/A,N/A,N/A,N/A,N/A,N/A,N/A,N/A,N/A,4.4703559079192056E-05,4.475247524752475E-05,4.4653465346534656E-05,4.475247524752475E-05,4.4703559079192056E-05,4.4653465346534656E-05,4.475247524752475E-05,4.485148514851485E-05
Vector - Sum short,N/A,N/A,N/A,N/A,N/A,N/A,N/A,N/A,N/A,N/A,N/A,N/A,N/A,N/A,N/A,N/A,N/A,N/A,N/A,N/A,N/A,N/A,N/A,N/A,N/A,N/A,N/A,N/A,N/A,N/A,N/A,N/A,N/A,N/A,N/A,N/A,N/A,N/A,N/A,N/A,N/A,N/A,N/A,N/A,N/A,N/A,N/A,N/A,N/A,N/A,N/A,N/A,N/A,N/A,N/A,N/A,N/A,N/A,N/A,N/A,N/A,N/A,N/A,N/A,N/A,N/A,N/A,N/A,N/A,N/A,N/A,N/A,N/A,N/A,N/A,N/A,N/A,N/A,N/A,N/A,N/A,N/A,N/A,N/A,N/A,N/A,N/A,N/A,4.425742574257426E-05,4.425742574257426E-05,4.425742574257426E-05,4.425742574257426E-05,4.4229250760049437E-05,4.425742574257426E-05,4.425742574257426E-05,4.445544554455446E-05
Vector - Sum uint,N/A,N/A,N/A,N/A,N/A,N/A,N/A,N/A,N/A,N/A,N/A,N/A,N/A,N/A,N/A,N/A,N/A,N/A,N/A,N/A,N/A,N/A,N/A,N/A,N/A,N/A,N/A,N/A,N/A,N/A,N/A,N/A,N/A,N/A,N/A,N/A,N/A,N/A,N/A,N/A,N/A,N/A,N/A,N/A,N/A,N/A,N/A,N/A,N/A,N/A,N/A,0.0005675274512820299,0.0005773349080749839,0.0005836676492970129,0.0006013013335189068,0.0005946267365803557,0.0005926025800502788,0.0005696063064149311,0.0005860716378827278,0.0005828573510204825,0.0005860716378827278,0.0005980393009681713,0.0005936899242338573,0.0005936899242338573,0.0006275177304964539,0.0006034523653236633,0.0005882532033159648,0.000572057623723293,0.0005775002062500737,0.0005764287772959919,0.0005936899242338573,0.0006089683832882307,0.000578390364945322,0.0005685668788484806,0.0005878894767783657,0.0005904278916831218,0.0005685668788484806,0.0005893405474995434,0.0005659072116840908,0.0005868340199080275,0.0005685668788484806,0.0005789611545129866,0.0005796430641582372,0.0005689772327239683,0.00041169138837056753,0.00043472546581339156,0.0004031793572169105,0.00040372699686007336,4.089108910891089E-05,4.089108910891089E-05,4.089108910891089E-05,4.089108910891089E-05,4.079207920792079E-05,4.089108910891089E-05,4.0873015873015874E-05,4.0873015873015874E-05
WebSocket - PartialReceive_100KB,0.02,0.07,0.05,0.06,0.07,0.07,0.07,0.03,0.06,0.03,0.01,0.03,0.03,0.03,0.02,0.03,0.04,0.04,0.03,0.02,0.03,0.03,0.02,0.01,0.03,0.03,0.04,0.01,0.02,0.03,0.03,0.03,0.03,0.01,0.03,0.04,0.03,0.03,0.02,0.04,0.04,0.03,0.03,0.03,0.02,0.01,0.02,0.04,0.03,0.03,0.02,0.02,0.03,0.03,0.03,0.02,0.03,0.02,0.03,0.03,0.01,0.02,0.03,0.03,0.03,0.03,0.02,0.02,0.03,0.02,0.03,0.03,0.01,0.03,0.02,0.01,0.03,0.02,0.02,0.03,0.02,0.03,0.03,0.02,0.02,0.03,0.03,0.02,0.03,0.03,0.02,0.02,0.03,0.02,0.03,0.03
WebSocket - PartialReceive_10KB,0.023952095808383235,0.08582834331337326,0.05788423153692615,0.0658682634730539,0.06786427145708583,0.07984031936127745,0.06187624750499002,0.023952095808383235,0.06387225548902195,0.027944111776447105,0.027944111776447105,0.03592814371257485,0.03792415169660679,0.02594810379241517,0.03792415169660679,0.027944111776447105,0.031936127744510975,0.027944111776447105,0.029940119760479042,0.03792415169660679,0.033932135728542916,0.03792415169660679,0.027944111776447105,0.03592814371257485,0.02594810379241517,0.021956087824351298,0.029940119760479042,0.01996007984031936,0.023952095808383235,0.03792415169660679,0.03992015968063872,0.023952095808383235,0.04790419161676647,0.03592814371257485,0.02594810379241517,0.029940119760479042,0.02594810379241517,0.03992015968063872,0.02594810379241517,0.027944111776447105,0.027944111776447105,0.02594810379241517,0.029940119760479042,0.031936127744510975,0.029940119760479042,0.027944111776447105,0.023952095808383235,0.027944111776447105,0.02594810379241517,0.027944111776447105,0.023952095808383235,0.02594810379241517,0.023952095808383235,0.02594810379241517,0.027944111776447105,0.021956087824351298,0.023952095808383235,0.021956087824351298,0.021956087824351298,0.021956087824351298,0.017964071856287425,0.021956087824351298,0.021956087824351298,0.033932135728542916,0.029940119760479042,0.01996007984031936,0.021956087824351298,0.027944111776447105,0.02594810379241517,0.021956087824351298,0.021956087824351298,0.021956087824351298,0.01996007984031936,0.043912175648702596,0.041916167664670656,0.023952095808383235,0.023952095808383235,0.021956087824351298,0.021956087824351298,0.023952095808383235,0.021956087824351298,0.021956087824351298,0.021956087824351298,0.021956087824351298,0.023952095808383235,0.021956087824351298,0.029940119760479042,0.023952095808383235,0.023952095808383235,0.02594810379241517,0.02594810379241517,0.021956087824351298,0.023952095808383235,0.03592814371257485,0.023952095808383235,0.021956087824351298
WebSocket - PartialReceive_1B,0.014865280985373364,0.06781370284834488,0.061200923787528866,0.06195535026943803,0.0601693610469592,0.0657428791377983,0.06004618937644342,0.015180908391070055,0.06680523479599693,0.019869130100076984,0.0198306389530408,0.019961508852963817,0.019738260200153963,0.01980754426481909,0.019961508852963817,0.020130869899923017,0.020053887605850654,0.0196612779060816,0.02020785219399538,0.020115473441108544,0.019923017705927637,0.019969207082371054,0.02014626635873749,0.019961508852963817,0.020053887605850654,0.018683602771362585,0.02020785219399538,0.015242494226327945,0.015165511932255581,0.019399538106235566,0.019923017705927637,0.019861431870669747,0.019730561970746727,0.019584295612009237,0.020238645111624327,0.0196612779060816,0.012170900692840646,0.02140877598152425,0.021301000769822942,0.020638953040800614,0.020554272517321018,0.021154734411085452,0.02023094688221709,0.020238645111624327,0.020554272517321018,0.02109314857582756,0.02123941493456505,0.021270207852193995,0.020969976905311778,0.02140877598152425,0.021039260969976905,0.01598922247882987,0.015789068514241725,0.016020015396458816,0.016143187066974596,0.016189376443418012,0.01611239414934565,0.01613548883756736,0.015973826020015396,0.015658198614318705,0.01575827559661278,0.015665896843725942,0.01613548883756736,0.015943033102386452,0.016066204772902232,0.016020015396458816,0.01619707467282525,0.016466512702078523,0.01592763664357198,0.015919938414164742,0.01596612779060816,0.016173979984603543,0.016043110084680522,0.01659738260200154,0.016027713625866052,0.01657428791377983,0.016104695919938416,0.016027713625866052,0.016581986143187066,0.01647421093148576,0.016274056966897613,0.016558891454965356,0.016289453425712086,0.016150885296381833,0.016735950731331793,0.016204772902232486,0.017090069284064664,0.016905311778290993,0.016982294072363357,0.016882217090069283,0.009738260200153965,0.01665896843725943,0.01663587374903772,0.016558891454965356,0.016674364896073903,0.016420323325635103
WebSocket - PartialSend_1B,0.011776892430278884,0.023219123505976096,0.022302788844621516,0.022247011952191236,0.022235059760956175,0.021298804780876493,0.022247011952191236,0.005187250996015936,0.03210756972111554,0.00698804780876494,0.006776892430278884,0.007195219123505976,0.007099601593625498,0.0069601593625498006,0.007039840637450199,0.0067410358565737055,0.006804780876494024,0.007087649402390438,0.007334661354581673,0.007131474103585657,0.0070717131474103585,0.00700796812749004,0.007043824701195219,0.0070756972111553785,0.00700398406374502,0.0069681274900398405,0.0071872509960159365,0.005322709163346613,0.005322709163346613,0.007091633466135458,0.007107569721115538,0.007035856573705179,0.007087649402390438,0.007215139442231075,0.007247011952191235,0.00701593625498008,0.0077569721115537844,0.007721115537848606,0.007450199203187251,0.007876494023904383,0.007565737051792829,0.014864541832669323,0.007820717131474104,0.007450199203187251,0.007924302788844621,0.008625498007968127,0.008183266932270917,0.008306772908366533,0.008374501992031873,0.00852589641434263,0.00802788844621514,0.005752988047808765,0.00600796812749004,0.006083665338645418,0.00600796812749004,0.00599601593625498,0.006107569721115538,0.0060756972111553785,0.006047808764940239,0.005944223107569721,0.0060677290836653386,0.0059641434262948205,0.005944223107569721,0.006047808764940239,0.005932270916334662,0.005828685258964144,0.006,0.006047808764940239,0.0058486055776892434,0.005940239043824702,0.0059641434262948205,0.006195219123505976,0.006047808764940239,0.006258964143426295,0.005940239043824702,0.0064143426294820715,0.006119521912350598,0.00602390438247012,0.006035856573705179,0.006135458167330677,0.006191235059760956,0.0061872509960159364,0.006215139442231075,0.006207171314741036,0.006143426294820717,0.006454183266932271,0.007063745019920319,0.007039840637450199,0.00702788844621514,0.007314741035856573,0.006916334661354582,0.006764940239043824,0.00702390438247012,0.007211155378486056,0.007326693227091633,0.007454183266932271
WebSocket - PartialSend_1MB,1.3454545454545455,1.6545454545454545,1.7818181818181817,1.9181818181818182,1.9545454545454546,1.9454545454545455,1.790909090909091,1.8727272727272728,1.8272727272727274,1.9090909090909092,1.5818181818181818,1.5909090909090908,1.5818181818181818,1.5909090909090908,1.5909090909090908,1.5909090909090908,1.3272727272727274,1.9181818181818182,1.9181818181818182,1.9181818181818182,1.5909090909090908,1.7,1.3636363636363635,1.3454545454545455,1.3454545454545455,1.5909090909090908,1.3818181818181818,1.9090909090909092,1.8909090909090909,1.3909090909090909,1.4545454545454546,1.709090909090909,1.5727272727272728,1.9181818181818182,1.8545454545454545,1.9090909090909092,1.9181818181818182,1.9181818181818182,1.9,1.8909090909090909,1.9363636363636363,1.9090909090909092,1.8909090909090909,1.9363636363636363,1.9090909090909092,1.9363636363636363,1.6,1.5909090909090908,1.5818181818181818,1.5545454545454545,1.5818181818181818,1.7727272727272727,1.6636363636363636,1.9090909090909092,1.8727272727272728,1.9,1.7818181818181817,1.8818181818181818,1.8545454545454545,1.9,1.9272727272727272,1.9090909090909092,1.8727272727272728,1.9,1.9,1.9,1.8454545454545455,1.9090909090909092,1.9181818181818182,1.8909090909090909,1.8545454545454545,1.8818181818181818,1.3181818181818181,1.9090909090909092,1.8909090909090909,1.8909090909090909,1.3727272727272728,1.3727272727272728,1.3818181818181818,1.3818181818181818,1.3818181818181818,1.3545454545454545,1.4181818181818182,1.4,1.4727272727272727,1.8181818181818181,1.9181818181818182,1.9090909090909092,1.8909090909090909,1.8909090909090909,1.8909090909090909,1.9363636363636363,1.9,1.9,1.8909090909090909,1.9090909090909092
WebSocket - PartialSend_64KB,0.1055,0.14925,0.15075,0.152,0.15375,0.1525,0.152,0.15475,0.1525,0.13125,0.1225,0.11175,0.11225,0.1145,0.128,0.12025,0.09875,0.1395,0.149,0.159,0.11125,0.12525,0.1135,0.101,0.10275,0.12075,0.10025,0.14975,0.153,0.10075,0.1145,0.13025,0.113,0.152,0.1435,0.13375,0.1555,0.16275,0.163,0.16575,0.16775,0.1695,0.16675,0.1655,0.149,0.1625,0.146,0.12225,0.13,0.13075,0.14925,0.14475,0.13275,0.14125,0.14975,0.157,0.13125,0.152,0.13,0.1515,0.13675,0.157,0.13525,0.157,0.1565,0.1615,0.14525,0.1565,0.157,0.161,0.145,0.1575,0.11625,0.15075,0.13825,0.15675,0.1245,0.14675,0.111,0.1455,0.10925,0.1255,0.12025,0.1145,0.124,0.1295,0.159,0.16325,0.15775,0.16475,0.15875,0.1665,0.1645,0.16875,0.15525,0.15875
