Task - Measurement,5/24/2022,5/26/2022,5/26/2022,5/28/2022,5/29/2022,5/29/2022,5/30/2022,6/22/2022,6/23/2022,6/24/2022,6/25/2022,6/26/2022,6/27/2022,6/28/2022,6/29/2022,6/30/2022,7/1/2022,7/2/2022,7/3/2022,7/4/2022,7/5/2022,7/6/2022,7/7/2022,7/8/2022,7/9/2022,7/11/2022,7/11/2022,7/12/2022,7/13/2022,7/14/2022,7/15/2022,7/16/2022,7/17/2022,7/18/2022,7/19/2022,7/21/2022,7/21/2022,7/22/2022,7/23/2022,7/24/2022,7/25/2022,7/26/2022,7/27/2022,7/28/2022,7/29/2022,7/30/2022,7/31/2022,8/2/2022,8/2/2022,8/3/2022,8/5/2022,8/6/2022,8/7/2022,8/8/2022,8/9/2022,8/10/2022,8/12/2022,8/12/2022,8/12/2022,8/12/2022,8/12/2022,8/12/2022,8/12/2022,8/13/2022,8/14/2022,8/16/2022,8/16/2022,8/17/2022,8/18/2022,8/19/2022,8/20/2022,8/21/2022,8/22/2022,8/23/2022,8/24/2022,8/25/2022,8/26/2022,8/27/2022,8/27/2022,8/29/2022,8/30/2022,8/31/2022,8/31/2022,9/1/2022,9/3/2022,9/4/2022
AppStart - Page show,115.80392156862744,118.5,116.37254901960785,118.97777777777777,122.8,120.11627906976744,117.6829268292683,118.0576923076923,115.84444444444445,109.62264150943396,110.94117647058823,116.61224489795919,113.28571428571429,113.76595744680851,114.32692307692308,111.9795918367347,113.47727272727273,108.84,114.61702127659575,113.1590909090909,113.6046511627907,112.15094339622641,122.6046511627907,116.54285714285714,107.14,123.45652173913044,126.57894736842105,120,119.54545454545455,118.20454545454545,117.82692307692308,113.06818181818181,118.3913043478261,122.5909090909091,110.02083333333333,121.72093023255815,111.77777777777777,124.30232558139535,122.44680851063829,120.5111111111111,120.08695652173913,121.82051282051282,119.05882352941177,125.88372093023256,126.33333333333333,123.10204081632654,127.54166666666667,125.53333333333333,128.5,124.37777777777778,129.06976744186048,129.55,128.97368421052633,128.26190476190476,116.90384615384616,117.14285714285714,105.16666666666667,114.4047619047619,113.6,119.43137254901961,105.61702127659575,107.30188679245283,108.08,107.5,110.68627450980392,120.8125,111.2,110,110.42,117.74418604651163,118.74468085106383,117.08163265306122,112.86,116.95121951219512,115.14285714285714,118.33333333333333,116.65714285714286,116.3953488372093,115.75,116.6875,116.7843137254902,116.9795918367347,158.08333333333334,156.22857142857143,156.1818181818182,163.08823529411765
AppStart - Reach managed,525,520.0833333333334,528,512,525.8333333333334,535,521.75,583.0909090909091,581.1818181818181,619.7,596.6363636363636,607.5454545454545,610.7272727272727,606.3636363636364,600.3636363636364,611.9,605,601.5454545454545,602.7272727272727,599.4545454545455,605.0909090909091,616,617.9090909090909,615.1818181818181,604.0909090909091,609.9090909090909,1038.4285714285713,1039.2857142857142,1037.857142857143,1040.142857142857,1003.2857142857143,1037.2857142857142,1025.5714285714287,1055.4285714285713,1044.857142857143,1051.4285714285713,1033.5714285714287,1057,1059.4285714285713,1059.7142857142858,1055.7142857142858,1074,1083.5714285714287,1085.857142857143,1074.142857142857,1086.857142857143,1082.5714285714287,1080,1058.5714285714287,1060.857142857143,1063.2857142857142,1061,1064,1070.7142857142858,1060.857142857143,1056.5714285714287,1033.142857142857,1058.857142857143,1053.2857142857142,1055.4285714285713,1069.7142857142858,1078.857142857143,1075.857142857143,1070.4285714285713,1072.142857142857,1090.7142857142858,1073.142857142857,1070.5714285714287,1074.4285714285713,1075.2857142857142,1072,1070.2857142857142,1062,1077.857142857143,1150,1101.857142857143,1090.142857142857,1087.2857142857142,1101.2857142857142,1083.2857142857142,1098.4285714285713,1141.2857142857142,1613.8333333333333,1586.5,1643.2,1721.4
Exceptions - NoExceptionHandling,0.0003693727482469001,0.00036074225334103126,0.00035018109365128825,0.00035360704442964267,0.00034490480370026226,0.0003510812798265738,0.00035018109365128825,0.0003949259372418554,0.00038050890095770986,0.0003517194300539875,0.000390190600552544,0.0003873782391214412,0.00039077655897761394,0.00035854997752987107,0.00037660773728576856,0.0003601110762067278,0.0003530014072550925,0.00038387189646426565,0.00035391855920376743,0.00040497591804145857,0.0003519051295928096,0.0003871654285984948,0.0004083118325709682,0.0003526359813676648,0.0003636457026345889,0.0004018280151912754,0.0003896118178062027,0.00036307314954774284,0.0003972003007143977,0.00041564856308677574,0.00037379555853999296,0.0004006189038115624,0.0004132273093212217,0.0003811966108155875,0.00039961244828958637,0.0003842685083887737,0.00039379815166899534,0.00040192812508196954,0.0004090416195757502,0.00040971066337082537,0.0004021224296933028,0.0003641914446695531,0.0004066941377547061,0.0003794002177427337,0.0003955518326107416,0.0003965124369559117,0.00036215687683055785,0.00037687004937446303,0.0003729858476429558,0.0003922303867156275,0.0003926167572139883,0.00036605526987257026,0.000373508990153888,0.00036439011553660445,0.0003621803554265824,0.0003614381825671017,0.00036636451281582067,0.00036307314954774284,0.0003627003845071394,0.000362355870629663,0.0003632428138214451,0.0003625290832815656,0.00036398945886527125,0.00036690536170033786,0.0003645320418056562,0.00036344591458834625,0.0003644895664861593,0.0003617846703795501,0.00036398945886527125,0.0003636161363433582,0.00036344591458834625,0.00036307314954774284,0.00036381867962894965,0.00036307314954774284,0.00036381867962894965,0.0003629012897325734,0.00036307314954774284,0.00036344591458834625,0.00036124092948926407,0.00036307314954774284,0.00036398945886527125,0.00036307314954774284,0.00036307314954774284,0.0003641914446695531,0.00037032576748062985,0.0003645320418056562
Exceptions - TryCatch,0.0003800894850269825,0.0003838377561851561,0.0003729268496305386,0.0003835593997256015,0.0003516966879378716,0.0003683607494672328,0.00038485531254115705,0.0004171894678980985,0.0004135698025704954,0.00036734936156248915,0.00040408231933926326,0.00040774592759864107,0.0003936906960835986,0.00036732039212294336,0.00039867884701118696,0.00037387901723657044,0.00036714919492631217,0.00040046722483665564,0.00036714919492631217,0.0004010957100147571,0.0003684436960743897,0.00040463231535468,0.000417497341056445,0.0003678969529607853,0.0003854323661389896,0.000396297210862639,0.00038622213256506724,0.00038867485809378346,0.0003857042211923737,0.0004471804574101863,0.0003541796356000706,0.0004144510734774247,0.0004268196144423353,0.0003958749207370002,0.000416181122024305,0.00040046722483665564,0.0003922583229704805,0.00041577109136221207,0.00041036237611848645,0.0004058189075355009,0.0004269594388533089,0.00038849596669861134,0.0003905081815708693,0.0003905745397071451,0.00039081499630660483,0.00039753985639409114,0.00038867485809378346,0.000378738951700877,0.0003926226171023431,0.0004091887063917036,0.00040598879470926604,0.000379339720597462,0.0003809637350800349,0.00037950100190550654,0.0003776567047362862,0.0003776567047362862,0.00037689683209094155,0.00037651689576826926,0.0003798820270078213,0.00037619193744530444,0.0003789592394333722,0.0003772767684136139,0.00037759587639393273,0.00037927871414595134,0.0003781982771051928,0.0003796602822688346,0.00037667635244883384,0.0003781982771051928,0.0003777524416544183,0.0003789592394333722,0.00037797690149624747,0.00037667635244883384,0.0003774373147770133,0.0003785787582692825,0.000378738951700877,0.00037667635244883384,0.00037705683361292355,0.0003772767684136139,0.0003781982771051928,0.00037911997680319174,0.00037705683361292355,0.0003752172959618424,0.0003788971460230681,0.00037835792659856227,0.000583854313521502,0.00037689683209094155
Exceptions - TryCatchFilter,0.0003830128878395727,0.0003599107973750813,0.00036306107416529974,0.0003638354842798363,0.00034507438923879507,0.0003704795951343558,0.0003642823271778692,0.0003656803551913072,0.00037237673112235824,0.0003628543147953847,0.0003526885967688959,0.0003579904946094034,0.00036936571228310915,0.0003507613116815642,0.00036719778769714204,0.0003541126608620499,0.00035402739414862295,0.00035319344732253016,0.0003532038177067032,0.000351895332336093,0.0003532038177067032,0.0003521782178217822,0.0003558937843022946,0.00035425060600319133,0.00035785927014726727,0.0003648417894703381,0.000364879313629423,0.00035468676779339467,0.00036554455445544557,0.00039940594059405943,0.00037696852675987637,0.0003616831683168317,0.0004021707515692084,0.0003583551398802049,0.0003576252942887386,0.00035634418259616754,0.0003586822418313245,0.0003585148514851485,0.00036439875147462427,0.00035894164548903705,0.0003965096248243499,0.00035598612840422327,0.00035671423616159804,0.0003549157616939124,0.00035705649511453413,0.00035616452285594177,0.0003554718590157608,0.00035861222390522516,0.00035927484590899284,0.0003593679705450501,0.0003575346880209015,0.000367653594285644,0.0003577399003248184,0.00036849418487866373,0.0003568536053715035,0.00035657423146333165,0.0003575986024599618,0.0003592667530572087,0.00035744352670320106,0.0003559112745427115,0.0003558026229845942,0.00035657423146333165,0.0003571700427500999,0.00035859578355410833,0.00035698772011469917,0.00035844630119790527,0.00035744352670320106,0.00035741235318784717,0.00035769172709601907,0.00035707888143239955,0.0003593579143749091,0.0003557114616668938,0.00035666735609938893,0.00035666735609938893,0.0003573523653855007,0.0003550733324429911,0.00035534681639609226,0.00035732408679211186,0.0003568965587969988,0.00035648110682727437,0.00035744352670320106,0.00035825047491236275,0.0003568965587969988,0.0003572612040678003,0.0007539089955358867,0.00035703985464361805
Exceptions - TryCatchFilterInline,0.00029634920634920634,0.00031021025741370445,0.0002857919968284556,0.00030955142649352906,0.0002999563810718089,0.0003035927123870503,0.0003104601582655415,0.00029857371879463406,0.0002988580586473611,0.00029595238095238096,0.0002966772496963442,0.0002986315179452552,0.0002991313196489293,0.00029666007043683716,0.00029881771802001784,0.0002983128391281451,0.00029650259686794903,0.00029898038417027373,0.0002985391194106696,0.0002980971288215771,0.0002962763165854245,0.0002963824102787219,0.0002986315179452552,0.0002968797306721565,0.0003024647939648212,0.0003199504491570907,0.0003205789157994898,0.00030365079365079367,0.00032271556315872707,0.0003209316186415423,0.00029595238095238096,0.00030295797947527294,0.0003213776047708385,0.00030365079365079367,0.00030150309867763264,0.00030285714285714285,0.0003251219782968929,0.00030304521183331364,0.00032539147993450426,0.0003215407763329617,0.0003158279065333573,0.000302774379219647,0.0003036295349819959,0.000302152374100263,0.00030333333333333335,0.00030370313498412447,0.00030323875710188574,0.00030296570485154235,0.0003030952380952381,0.00030440216693414837,0.00030304643299437615,0.00030325396825396823,0.00032541363358685126,0.0003159131732467842,0.0003026984126984127,0.0003026190476190476,0.00030373015873015873,0.00030912735372241065,0.00030223260502370186,0.0003025590394759027,0.00030532845757196,0.000305,0.00030476190476190474,0.0003027777777777778,0.00030268759125695225,0.0003038579276115374,0.0003093530658846956,0.00030377903560282164,0.0003034126984126984,0.0003036977025276937,0.00030320970407692613,0.0003042670340535892,0.00030280303870128646,0.00030320970407692613,0.0003026195865922341,0.00030206349206349204,0.0003023150402505189,0.0003026403725510306,0.0003026403725510306,0.00030451103327897304,0.0003026299315746478,0.00030176822714146314,0.00030271323185859344,0.00030353503637743786,0.00037968380947366834,0.00030333333333333335
Exceptions - TryCatchFilterThrow,0.0077658757405603155,0.007907120793946188,0.00776951698056943,0.007877220803949129,0.007882787098898385,0.0076346166677787415,0.007778936617473021,0.007510285079443828,0.007940055212304457,0.00818990164684355,0.008108455718673193,0.00844818747711461,0.007747251851570098,0.008541898261946625,0.007757280398406702,0.007766852223329819,0.008009855696458004,0.0077462451925953725,0.007631472763954271,0.007535290609052952,0.007583319132361176,0.007623165016272371,0.007731166620857361,0.007646267652992603,0.007588876032398356,0.0075364567626846415,0.007714089629345423,0.007726681327479828,0.007415522146321264,0.007541532353093906,0.007215283630883968,0.00741493579925278,0.00759911717710432,0.007678877450644894,0.008025002689437705,0.007632682169302648,0.008221050128494197,0.007864293370311711,0.008268195838370107,0.007651004914103612,0.007326016815125583,0.007600967274244718,0.007824189229112464,0.007870739143571292,0.007491812839262483,0.00783795720847298,0.007709503106683329,0.007442430380543942,0.007872887451052796,0.007686117294905882,0.007809241733703626,0.008037886687521725,0.007864620505881931,0.007562276396813364,0.007804062054681821,0.0078075592362360354,0.008021101515969947,0.0075197169798773755,0.007540652288565827,0.008002545630141154,0.0078098234670189465,0.007513872633482167,0.007519186546235691,0.0074253756308617505,0.007853977748206275,0.008091484869809993,0.007988346150525176,0.007562276396813364,0.007656128605725535,0.007483190890717673,0.008016800840042002,0.007523171980800833,0.007508558720728644,0.007753712964060879,0.007737742687452794,0.00756530937428866,0.007868753978467364,0.007671591956878775,0.00834303145081428,0.007857005520916307,0.007475861813594087,0.007928123529354602,0.007991380585662409,0.007772660535021752,0.06030802574543544,0.008039382299033
Exceptions - TryCatchFilterThrowApplies,0.005932502118750757,0.005767871330176227,0.005663934383893477,0.005843409726824823,0.005757952950611508,0.0056348004619530346,0.005760572866815555,0.005485803866223766,0.00591590821689527,0.006009804952421008,0.00598109140595104,0.006155676025927512,0.005699180665063297,0.006413926722766837,0.00567065570588974,0.005725358751440243,0.005914978648737786,0.005724080550012199,0.005584001645075057,0.005540629044984091,0.005545372162952589,0.005621858523905967,0.0056351828923309035,0.005636043406624624,0.00550885691219072,0.005535147575032057,0.005591684845374053,0.005554857256387072,0.005531873352640656,0.005559325519226815,0.005269339644214966,0.005528171337776853,0.005513297192972498,0.005469938355616043,0.005860359782933812,0.0055467479757208135,0.00594983561089201,0.005633454177904524,0.005902502108036467,0.005569498226546484,0.00550733892191927,0.00553492401809248,0.005685627366213697,0.005731318318785276,0.005457088620241782,0.005592134932804185,0.005349697655797001,0.005402887750349325,0.00562878444618363,0.005481947001841326,0.005704856936137874,0.0056888185183995455,0.0057565340180796565,0.005351714268584307,0.005480860070307464,0.005555135511793807,0.005798990998962073,0.005432420032186913,0.005490220959647643,0.005838067427661269,0.005730580634299303,0.005437439825230885,0.005498092291723262,0.005325129214865863,0.005687308871699834,0.005762794512046457,0.005796140987556559,0.00564506608494803,0.005504174252222957,0.005339919856973102,0.005700546136238227,0.005530529414388296,0.005613658912567545,0.005626156693399136,0.005530614038134978,0.005453926827315667,0.005773024651805888,0.005493700482681758,0.00594109495158267,0.0055908528847092515,0.005352482225999411,0.0055736858072927345,0.0057141838064206155,0.005652469415496149,0.05140051537746062,0.00592791227552074
Exceptions - TryCatchThrow,0.005555111380539804,0.005752192152737644,0.0056221316434346335,0.00563860530990839,0.005775636325547292,0.005536706574663082,0.005451446352654371,0.005435590482513949,0.005725086031722676,0.005780261149234486,0.0060324553917513015,0.006182222222222223,0.00558983599622531,0.006214518722668406,0.005605535555621296,0.005556570003907043,0.005714094767092161,0.0054970526526126485,0.005463752398097159,0.005582618202467669,0.005449487328536419,0.005470249233438131,0.005559562780891083,0.0055314849557053436,0.005471174342436663,0.005472773453239862,0.005621077493515133,0.005474778132160463,0.005328849574773985,0.005315295436305304,0.005067860412682021,0.005368446960374108,0.0055393393606814525,0.005510360505087843,0.005823666040648151,0.005568782330157215,0.0059879394322369375,0.0056329444091503065,0.0059879394322369375,0.005345817062778704,0.005386184072988612,0.005578228229457466,0.00568363744506767,0.005709055094820545,0.005517756513934443,0.005608139988936253,0.0056282130372198235,0.005425627902775448,0.005817615064092369,0.005567767055347706,0.0058164213039038105,0.00585349644167911,0.005699647509546832,0.005665427279243785,0.005617348902861543,0.005695023636582861,0.0059193951941073734,0.0054510940153861525,0.005459690395605615,0.005861623324104228,0.005607083279866547,0.005491455612828748,0.005331060628324565,0.005381173905214564,0.0054806100454090475,0.005737928144967005,0.005866219716593022,0.005560571592863664,0.005494472343617704,0.005440252481978041,0.0058951913522886515,0.005583743897729108,0.005609761774882881,0.005672375541347043,0.005538324085871943,0.005349729226379307,0.005629814227458088,0.0054272852501728135,0.006110686375383639,0.0056044343498118186,0.005436390053766386,0.005670678526016734,0.0057353828509806104,0.005870438731175068,0.04553236336237523,0.006028438503374615
JSInterop - JSExportInt,N/A,N/A,N/A,N/A,N/A,N/A,N/A,N/A,N/A,N/A,N/A,N/A,N/A,N/A,N/A,N/A,N/A,N/A,N/A,N/A,N/A,N/A,N/A,N/A,N/A,N/A,N/A,N/A,N/A,N/A,N/A,N/A,N/A,N/A,N/A,N/A,N/A,N/A,N/A,N/A,N/A,N/A,N/A,N/A,N/A,N/A,N/A,N/A,N/A,N/A,N/A,N/A,N/A,N/A,N/A,N/A,N/A,N/A,N/A,N/A,N/A,N/A,N/A,N/A,N/A,N/A,N/A,N/A,N/A,N/A,N/A,N/A,N/A,N/A,13.923076923076923,12.76574307304786,13.193298969072165,12.8575,12.98992443324937,13.35064935064935,12.69,13.174386920980927,13.126288659793815,13.374025974025974,18.410714285714285,13.64516129032258
JSInterop - JSExportString,N/A,N/A,N/A,N/A,N/A,N/A,N/A,N/A,N/A,N/A,N/A,N/A,N/A,N/A,N/A,N/A,N/A,N/A,N/A,N/A,N/A,N/A,N/A,N/A,N/A,N/A,N/A,N/A,N/A,N/A,N/A,N/A,N/A,N/A,N/A,N/A,N/A,N/A,N/A,N/A,N/A,N/A,N/A,N/A,N/A,N/A,N/A,N/A,N/A,N/A,N/A,N/A,N/A,N/A,N/A,N/A,N/A,N/A,N/A,N/A,N/A,N/A,N/A,N/A,N/A,N/A,N/A,N/A,N/A,N/A,N/A,N/A,N/A,N/A,177.5,180.8918918918919,174.81578947368422,181.2972972972973,183.27027027027026,179.72972972972974,178.8918918918919,183.53333333333333,181.33333333333334,185.93103448275863,195.42857142857142,184.13333333333333
JSInterop - JSImportFail,N/A,N/A,N/A,N/A,N/A,N/A,N/A,N/A,N/A,N/A,N/A,N/A,N/A,N/A,N/A,N/A,N/A,N/A,N/A,N/A,N/A,N/A,N/A,N/A,N/A,N/A,N/A,N/A,N/A,N/A,N/A,N/A,N/A,N/A,N/A,N/A,N/A,N/A,N/A,N/A,N/A,N/A,N/A,N/A,N/A,N/A,N/A,N/A,N/A,N/A,N/A,N/A,N/A,N/A,N/A,N/A,N/A,N/A,N/A,N/A,N/A,N/A,N/A,N/A,N/A,N/A,N/A,N/A,N/A,N/A,N/A,N/A,N/A,N/A,603.3888888888889,605,610.5,593.9444444444445,599.6666666666666,606.7222222222222,589.6666666666666,601.8888888888889,594.5555555555555,596.5555555555555,1644.5,605.4444444444445
JSInterop - JSImportInt,N/A,N/A,N/A,N/A,N/A,N/A,N/A,N/A,N/A,N/A,N/A,N/A,N/A,N/A,N/A,N/A,N/A,N/A,N/A,N/A,N/A,N/A,N/A,N/A,N/A,N/A,N/A,N/A,N/A,N/A,N/A,N/A,N/A,N/A,N/A,N/A,N/A,N/A,N/A,N/A,N/A,N/A,N/A,N/A,N/A,N/A,N/A,N/A,N/A,N/A,N/A,N/A,N/A,N/A,N/A,N/A,N/A,N/A,N/A,N/A,N/A,N/A,N/A,N/A,N/A,N/A,N/A,N/A,N/A,N/A,N/A,N/A,N/A,N/A,15.69578313253012,16.353503184713375,16.015243902439025,15.865853658536585,15.854545454545455,15.440828402366863,16.03481012658228,15.591715976331361,15.716463414634147,15.420118343195266,4.977227722772278,15.754491017964073
JSInterop - JSImportManyArgs,N/A,N/A,N/A,N/A,N/A,N/A,N/A,N/A,N/A,N/A,N/A,N/A,N/A,N/A,N/A,N/A,N/A,N/A,N/A,N/A,N/A,N/A,N/A,N/A,N/A,N/A,N/A,N/A,N/A,N/A,N/A,N/A,N/A,N/A,N/A,N/A,N/A,N/A,N/A,N/A,N/A,N/A,N/A,N/A,N/A,N/A,N/A,N/A,N/A,N/A,N/A,N/A,N/A,N/A,N/A,N/A,N/A,N/A,N/A,N/A,N/A,N/A,N/A,N/A,N/A,N/A,N/A,N/A,N/A,N/A,N/A,N/A,N/A,N/A,839.4666666666667,249,243.36666666666667,249.93333333333334,251.86206896551724,190.63888888888889,249.4,842.375,249.30434782608697,252.5909090909091,194.39285714285714,854.875
JSInterop - JSImportString,N/A,N/A,N/A,N/A,N/A,N/A,N/A,N/A,N/A,N/A,N/A,N/A,N/A,N/A,N/A,N/A,N/A,N/A,N/A,N/A,N/A,N/A,N/A,N/A,N/A,N/A,N/A,N/A,N/A,N/A,N/A,N/A,N/A,N/A,N/A,N/A,N/A,N/A,N/A,N/A,N/A,N/A,N/A,N/A,N/A,N/A,N/A,N/A,N/A,N/A,N/A,N/A,N/A,N/A,N/A,N/A,N/A,N/A,N/A,N/A,N/A,N/A,N/A,N/A,N/A,N/A,N/A,N/A,N/A,N/A,N/A,N/A,N/A,N/A,184.56756756756758,188.91666666666666,184.40540540540542,189.52777777777777,189.47222222222223,128.97916666666666,188,192,189.06896551724137,189.0344827586207,131.609756097561,189.10344827586206
JSInterop - JSImportTask,N/A,N/A,N/A,N/A,N/A,N/A,N/A,N/A,N/A,N/A,N/A,N/A,N/A,N/A,N/A,N/A,N/A,N/A,N/A,N/A,N/A,N/A,N/A,N/A,N/A,N/A,N/A,N/A,N/A,N/A,N/A,N/A,N/A,N/A,N/A,N/A,N/A,N/A,N/A,N/A,N/A,N/A,N/A,N/A,N/A,N/A,N/A,N/A,N/A,N/A,N/A,N/A,N/A,N/A,N/A,N/A,N/A,N/A,N/A,N/A,N/A,N/A,N/A,N/A,N/A,N/A,N/A,N/A,N/A,N/A,N/A,N/A,N/A,N/A,1560.3846153846155,1542.076923076923,1549.6923076923076,1544.8461538461538,1552.5384615384614,1544.2307692307693,1533.8461538461538,1555.5,1540.5,1550.75,1299.75,1537.5
JSInterop - JSImportTaskFail,N/A,N/A,N/A,N/A,N/A,N/A,N/A,N/A,N/A,N/A,N/A,N/A,N/A,N/A,N/A,N/A,N/A,N/A,N/A,N/A,N/A,N/A,N/A,N/A,N/A,N/A,N/A,N/A,N/A,N/A,N/A,N/A,N/A,N/A,N/A,N/A,N/A,N/A,N/A,N/A,N/A,N/A,N/A,N/A,N/A,N/A,N/A,N/A,N/A,N/A,N/A,N/A,N/A,N/A,N/A,N/A,N/A,N/A,N/A,N/A,N/A,N/A,N/A,N/A,N/A,N/A,N/A,N/A,N/A,N/A,N/A,N/A,N/A,N/A,2869.818181818182,2854.5454545454545,2910,2810.909090909091,2918.2727272727275,2894.2727272727275,2829.909090909091,2920,2751,2786.5,5701,2809
JSInterop - LegacyExportInt,N/A,N/A,N/A,N/A,N/A,N/A,N/A,N/A,N/A,N/A,N/A,N/A,N/A,N/A,N/A,N/A,N/A,N/A,N/A,N/A,N/A,N/A,N/A,N/A,N/A,N/A,N/A,N/A,N/A,N/A,N/A,N/A,N/A,N/A,N/A,N/A,N/A,N/A,N/A,N/A,N/A,N/A,N/A,N/A,N/A,N/A,N/A,N/A,N/A,N/A,N/A,N/A,N/A,N/A,N/A,N/A,N/A,N/A,N/A,N/A,N/A,N/A,N/A,N/A,N/A,N/A,N/A,N/A,N/A,N/A,N/A,N/A,N/A,N/A,22.57510729613734,19.334586466165412,21.114285714285714,20.205426356589147,20.085603112840467,20.721115537848604,20.023346303501945,20.99590163934426,21.09282700421941,20.549180327868854,25.593908629441625,20.506224066390043
JSInterop - LegacyExportString,N/A,N/A,N/A,N/A,N/A,N/A,N/A,N/A,N/A,N/A,N/A,N/A,N/A,N/A,N/A,N/A,N/A,N/A,N/A,N/A,N/A,N/A,N/A,N/A,N/A,N/A,N/A,N/A,N/A,N/A,N/A,N/A,N/A,N/A,N/A,N/A,N/A,N/A,N/A,N/A,N/A,N/A,N/A,N/A,N/A,N/A,N/A,N/A,N/A,N/A,N/A,N/A,N/A,N/A,N/A,N/A,N/A,N/A,N/A,N/A,N/A,N/A,N/A,N/A,N/A,N/A,N/A,N/A,N/A,N/A,N/A,N/A,N/A,N/A,189.72222222222223,191.72222222222223,188.30555555555554,193.37142857142857,195.71428571428572,190.55555555555554,189.30555555555554,195.07142857142858,192.5,193.5,186.41379310344828,191.3793103448276
Json - large deserialize,348.7647058823529,335.6470588235294,336.1764705882353,334.5882352941176,333.3333333333333,336.1764705882353,331.72222222222223,347.4117647058824,350.47058823529414,345.4117647058824,349.05882352941177,351.3529411764706,350.2352941176471,346.70588235294116,346.6470588235294,347.47058823529414,343.6470588235294,347.8235294117647,345.88235294117646,347.8235294117647,346.88235294117646,348.70588235294116,345.11764705882354,345.1764705882353,352.2352941176471,351.94117647058823,349.47058823529414,351.05882352941177,346.1764705882353,348.94117647058823,320.6666666666667,349.94117647058823,351.1764705882353,350.29411764705884,349.11764705882354,349.70588235294116,348.88235294117646,349.52941176470586,347.6470588235294,347.70588235294116,350.2352941176471,349.94117647058823,349.7647058823529,349.05882352941177,350.8235294117647,353.11764705882354,349.6470588235294,350.7647058823529,351.88235294117646,351.8235294117647,332.94444444444446,334.27777777777777,332.1666666666667,330,331.44444444444446,332.5,329.05555555555554,332.05555555555554,330.94444444444446,330.94444444444446,331.1111111111111,330.44444444444446,329.05555555555554,330.1111111111111,330.6111111111111,331.55555555555554,331.1111111111111,330,330.3333333333333,331.55555555555554,333.05555555555554,331.44444444444446,330.5,329.1666666666667,332.3333333333333,332.05555555555554,330.1666666666667,328.8333333333333,330.94444444444446,330.8333333333333,328.8333333333333,332.5,334.3888888888889,329.8333333333333,50.857142857142854,329.8333333333333
Json - large serialize,282.7,266.7142857142857,270.9047619047619,268.6666666666667,268.4761904761905,269.95238095238096,267.3333333333333,279.15,273.0952380952381,273,280.1,272.5,273.57142857142856,278.6,267.85714285714283,274.45,271.7142857142857,277.25,276.76190476190476,270.2857142857143,270.6190476190476,276.5238095238095,268.2857142857143,280.8,285.25,289.05,288.65,285.4,285.85,287.8,265.0952380952381,287.45,283.7,285.9,287,286.25,288.85,287.35,287.2,287.35,287.95,281.4,285.7,284.5,285.15,287.95,284.5,286.8,287,286.55,284.1,287.25,285.9,285.25,283.85,284.9,284.75,285.75,283.95,285.3,284.85,284.75,284.5,283.55,284.15,286.35,285.05,284.1,281.8,284.4,285.5,284.7,286.2,284.55,285.7,286.05,284.7,284.15,285.65,284.35,284.35,286.05,285.55,280.9,28.256983240223462,284.6
Json - non-ASCII text deserialize,77.97297297297297,71.15,71.275,71.16455696202532,69.72839506172839,71.9873417721519,71.32911392405063,76.64,77.56756756756756,77.56756756756756,77.8108108108108,77.12162162162163,77.25675675675676,77.16216216216216,77.89189189189189,77.37837837837837,77.43243243243244,77.34246575342466,77.32432432432432,76.94594594594595,77.63513513513513,76.96,77.43243243243244,76.95945945945945,78.27397260273973,78.52054794520548,78.08108108108108,79.06849315068493,77.98630136986301,77.85135135135135,72.0632911392405,77.97297297297297,78.42465753424658,78.65753424657534,77.24324324324324,78.10958904109589,78.0958904109589,77.93243243243244,78.32876712328768,77.87837837837837,77.97297297297297,78.54794520547945,78.28767123287672,78.57534246575342,78.17567567567568,78.04054054054055,78.4931506849315,78.83561643835617,78.98630136986301,80.01388888888889,79.10958904109589,79.16438356164383,78.95890410958904,79.06849315068493,79.3972602739726,79.84722222222223,78.17808219178082,78.64383561643835,78.8082191780822,79.20547945205479,79.15068493150685,78.58904109589041,78.68493150684931,78.8082191780822,79.52054794520548,79.38356164383562,78.68493150684931,83.34285714285714,83.34782608695652,83.17391304347827,83.56521739130434,83.01428571428572,83.58571428571429,83.3,83.27536231884058,83.37142857142857,83.1,83.28571428571429,83.69565217391305,83.79710144927536,83.44927536231884,83.3623188405797,83.37142857142857,83.37142857142857,26.085,83.15714285714286
Json - non-ASCII text serialize,40.45864661654135,38.44604316546763,38.41726618705036,38.43571428571428,38.205673758865245,38.385714285714286,38.177304964539005,41.50757575757576,41.98449612403101,40.765151515151516,41.98449612403101,41.58914728682171,41.72093023255814,41.282442748091604,41.70229007633588,41.12213740458015,41.04545454545455,41.8062015503876,40.92424242424242,41.52713178294574,40.84848484848485,41.64341085271318,41.40769230769231,40.8796992481203,41.91472868217054,43.344,43.408,41.92248062015504,44.0650406504065,43.52,39.837037037037035,43.648,43.328,42.00787401574803,43.54032258064516,41.61538461538461,43.806451612903224,43.504,43.408,43.544,43.448,41.853846153846156,41.6,42.06201550387597,41.7,41.81395348837209,41.8062015503876,41.152671755725194,41.284615384615385,42.02325581395349,41.18320610687023,41.18320610687023,41.221374045801525,41.213740458015266,41.72868217054263,42.02325581395349,41.96153846153846,41.93798449612403,42.15503875968992,41.6124031007752,42.15625,41.82170542635659,41.89922480620155,41.72868217054263,41.640625,41.68217054263566,41.906976744186046,42.00763358778626,41.92248062015504,41.7,41.94656488549618,41.91472868217054,41.6796875,41.86046511627907,41.91472868217054,41.64341085271318,41.883720930232556,42.229007633587784,41.775193798449614,41.59230769230769,42.15625,41.62015503875969,41.97674418604651,41.640625,1.2272509578544062,41.91538461538462
Json - small deserialize,1.237308429118774,1.1862033195020747,1.1944444444444444,1.1910919540229885,1.1831896551724137,1.1892425905598243,1.182436882546652,1.2368295019157087,1.2349137931034482,1.2214730290456433,1.239463601532567,1.2424792531120332,1.2425766283524904,1.2265325670498084,1.2289272030651341,1.2315613026819923,1.2240663900414939,1.2344348659003832,1.2352178423236515,1.2385057471264367,1.2199170124481329,1.2370689655172413,1.2231800766283525,1.2276970954356847,1.2468879668049793,1.2476053639846743,1.2442528735632183,1.2463692946058091,1.2303639846743295,1.2429979253112033,1.1412835249042146,1.2377873563218391,1.2429979253112033,1.2463692946058091,1.2416187739463602,1.2437759336099585,1.2445539419087137,1.2442946058091287,1.2318464730290457,1.2385892116182573,1.237551867219917,1.2365145228215768,1.2435344827586208,1.2424792531120332,1.246168582375479,1.2518153526970954,1.2445539419087137,1.2395978776877967,1.2481846473029046,1.2481846473029046,1.175051867219917,1.184147509578544,1.1788793103448276,1.1637931034482758,1.1657088122605364,1.1774425287356323,1.1649904214559388,1.1736111111111112,1.1733716475095786,1.1749725576289791,1.1733716475095786,1.1678639846743295,1.1661877394636015,1.1716804979253113,1.1677277716794732,1.1798371647509578,1.1764846743295019,1.1700191570881227,1.168103448275862,1.1743295019157087,1.1812759336099585,1.1707375478927202,1.1690613026819923,1.164272030651341,1.1762452107279693,1.174792531120332,1.17211855104281,1.1702586206896552,1.175051867219917,1.1776819923371646,1.1673850574712643,1.1791187739463602,1.1752873563218391,1.1688218390804597,0.17936825269892043,1.1630747126436782
Json - small serialize,0.9074573225516622,0.8573225516621743,0.8702605570530099,0.85814696485623,0.8575022461814915,0.8607367475292004,0.8531895777178796,0.8954177897574124,0.8779874213836478,0.8707996406109614,0.8968553459119497,0.8862275449101796,0.8675651392632525,0.8867924528301887,0.8646706586826347,0.8682634730538922,0.8688230008984726,0.8758310871518419,0.9051212938005391,0.8668662674650699,0.881437125748503,0.8727762803234501,0.8670658682634731,0.8959568733153639,0.8994011976047904,0.9203592814371258,0.9175202156334232,0.9101527403414196,0.9099730458221025,0.9103324348607368,0.8412140575079872,0.9105121293800539,0.911769991015274,0.9107784431137724,0.9088948787061994,0.9101527403414196,0.9200359389038635,0.9067864271457086,0.9106918238993711,0.912848158131177,0.9095808383233533,0.9054313099041533,0.9085354896675651,0.906187624750499,0.9069860279441118,0.9176999101527403,0.9063872255489022,0.9123090745732255,0.9157232704402516,0.9115902964959569,0.9106476399560922,0.9203592814371258,0.9162623539982031,0.9106918238993711,0.9026055705300988,0.9101796407185628,0.9037924151696607,0.9105788423153692,0.9055888223552894,0.9069860279441118,0.90801317233809,0.9089820359281438,0.9070287539936103,0.9039920159680639,0.907185628742515,0.9099800399201596,0.9097804391217564,0.9045822102425876,0.907277628032345,0.9040431266846362,0.907277628032345,0.9056603773584906,0.9070979335130278,0.9049900199600799,0.9139720558882235,0.9083557951482479,0.907277628032345,0.9045822102425876,0.9137724550898204,0.907185628742515,0.9079964061096136,0.9137466307277629,0.9110512129380054,0.8982035928143712,0.11439424230307876,0.9055888223552894
Span - IndexOf bytes,N/A,N/A,N/A,N/A,N/A,N/A,N/A,N/A,N/A,N/A,N/A,N/A,N/A,N/A,N/A,N/A,N/A,N/A,N/A,N/A,N/A,N/A,N/A,N/A,N/A,N/A,N/A,N/A,N/A,N/A,N/A,N/A,N/A,N/A,N/A,N/A,N/A,N/A,N/A,N/A,N/A,N/A,N/A,N/A,N/A,N/A,N/A,N/A,N/A,N/A,N/A,N/A,N/A,N/A,N/A,N/A,N/A,N/A,N/A,N/A,N/A,N/A,N/A,N/A,N/A,N/A,N/A,N/A,N/A,N/A,N/A,N/A,N/A,N/A,N/A,N/A,N/A,N/A,N/A,N/A,N/A,0.03477198328531129,0.034628671423614775,0.035492679858172255,0.07510426935618413,0.03540689694612833
Span - IndexOf chars,N/A,N/A,N/A,N/A,N/A,N/A,N/A,N/A,N/A,N/A,N/A,N/A,N/A,N/A,N/A,N/A,N/A,N/A,N/A,N/A,N/A,N/A,N/A,N/A,N/A,N/A,N/A,N/A,N/A,N/A,N/A,N/A,N/A,N/A,N/A,N/A,N/A,N/A,N/A,N/A,N/A,N/A,N/A,N/A,N/A,N/A,N/A,N/A,N/A,N/A,N/A,N/A,N/A,N/A,N/A,N/A,N/A,N/A,N/A,N/A,N/A,N/A,N/A,N/A,N/A,N/A,N/A,N/A,N/A,N/A,N/A,N/A,N/A,N/A,N/A,N/A,N/A,N/A,N/A,N/A,N/A,5.217166494312306,5.220268872802482,5.270157068062828,12.645390070921986,5.196483971044468
Span - Reverse bytes,N/A,N/A,N/A,N/A,N/A,N/A,N/A,N/A,N/A,N/A,N/A,N/A,N/A,N/A,N/A,N/A,N/A,N/A,N/A,N/A,N/A,N/A,N/A,N/A,N/A,N/A,N/A,N/A,N/A,N/A,N/A,N/A,N/A,N/A,N/A,N/A,N/A,N/A,N/A,N/A,N/A,N/A,N/A,N/A,N/A,N/A,N/A,N/A,N/A,N/A,N/A,N/A,N/A,N/A,N/A,N/A,N/A,N/A,N/A,N/A,N/A,N/A,N/A,N/A,N/A,N/A,N/A,N/A,N/A,N/A,N/A,N/A,N/A,N/A,N/A,N/A,N/A,N/A,N/A,N/A,N/A,3.3171521035598706,3.3189542483660133,3.313915857605178,0.019936012797440512,3.3150326797385623
Span - Reverse chars,N/A,N/A,N/A,N/A,N/A,N/A,N/A,N/A,N/A,N/A,N/A,N/A,N/A,N/A,N/A,N/A,N/A,N/A,N/A,N/A,N/A,N/A,N/A,N/A,N/A,N/A,N/A,N/A,N/A,N/A,N/A,N/A,N/A,N/A,N/A,N/A,N/A,N/A,N/A,N/A,N/A,N/A,N/A,N/A,N/A,N/A,N/A,N/A,N/A,N/A,N/A,N/A,N/A,N/A,N/A,N/A,N/A,N/A,N/A,N/A,N/A,N/A,N/A,N/A,N/A,N/A,N/A,N/A,N/A,N/A,N/A,N/A,N/A,N/A,N/A,N/A,N/A,N/A,N/A,N/A,N/A,3.322977346278317,3.3254901960784315,3.3223300970873786,0.0389177662268426,3.322977346278317
Vector - Add 2 Vector128's,0.0010720852904467458,0.0011317316692667707,0.0011135000699317374,0.0011114064236572537,0.0010913785382863784,0.00109899753038958,0.001118770186453758,0.0012187041564200494,0.0011747838812656555,0.001098780487804878,0.0011588625711662986,0.0011889409951621487,0.0011255120765559482,0.0011169165671498713,0.0011473846837520966,0.0011273203142823384,0.0011009652042922764,0.0011782777134467697,0.0011126829268292683,0.0011543205151737413,0.0011197503900156006,0.0011573243722606734,0.001159622170484884,0.001118356606419146,0.0010827042151685569,0.0011808969393736128,0.0011373488695585895,0.0010674130174085908,0.0011498088853888558,0.0012022229555167447,0.001063919600033416,0.0011979832703716495,0.0011604489691275346,0.0010689888432626074,0.0011846171800175454,0.0011274326261018406,0.001157253494313161,0.0011872322233831278,0.0011646946968096345,0.0011544358505903467,0.0011794585580445448,0.0010638625921243331,0.001095042952303559,0.001063505276531456,0.001088314637885597,0.0011423145224046015,0.0010789540777899136,0.00116659411300133,0.0011976634966412573,0.0011898521507104905,0.0011943701633108856,0.0011661025014914263,0.0011535285124525075,0.0011763414634146342,0.0011842932152458492,0.001181568424330203,0.0012087939624582042,0.001191089679547032,0.0012013728549141965,0.0011812173558240482,0.001215867707106136,0.001223069821730918,0.0012101092043681747,0.0012293339437372223,0.001207409516715157,0.0012052618225744242,0.001192917045610025,0.0012331588181796233,0.0012265109842421213,0.001205843486213581,0.0012059956216951444,0.0012140967623203679,0.001205149995111716,0.0012356354803314301,0.0012130010252379318,0.0012037414754269553,0.0012325741029641185,0.0012003835039943887,0.0012147613318480746,0.0012153945773368741,0.0012088856697663867,0.0012102926571777627,0.0011970923842685355,0.001207599621181529,0.00034634495314928574,0.001213037931894824
Vector - Create Vector128,0.0006074950810156821,0.0006412142779540142,0.0006243392628074805,0.0006357988291084581,0.000625817076934921,0.0006216440037615218,0.0006310564354338991,0.0005656771052027832,0.000578233712202252,0.0005707037312310638,0.0005639178515007898,0.0005620928436212793,0.0005709477308838063,0.0005809862047531796,0.0005678918704695836,0.0005697079850759587,0.0005680079007496627,0.0005712791585246902,0.0005695681740761633,0.0005682527651952111,0.0005747329053295181,0.0005684435427753766,0.0005655577995066159,0.0005732077966061089,0.0006105916438412361,0.0006362269010619551,0.0006314778947268862,0.0005999013925029861,0.0006333858267716535,0.0006478566157210111,0.0005859570331752123,0.0006445626833092103,0.0006504785341306025,0.000601210850413728,0.0006521568343154613,0.0006002838660147743,0.0006394170263892988,0.0006474399777827478,0.0006404724409448818,0.000645984251968504,0.0005499368875026677,0.0004968175685888141,0.0005239783288825762,0.0004975494267806098,0.0005156459978766653,0.0005157661927330173,0.0004976680038603954,0.0005153607595291009,0.0004973553808887369,0.0004981486059372131,0.0005157459193818859,0.0005176743920881514,0.0005173128034557267,0.0005181565102647178,0.000498142312179538,0.000499353901378629,0.0005100000201581035,0.0004985781990521327,0.0005006797263641865,0.0005055009081298504,0.0005054940911262487,0.0005102015603513726,0.0005110456773606065,0.0005031529119423613,0.0005110452671603637,0.0005120940420718142,0.0005084799528279882,0.000505692336235133,0.0004992335124335601,0.0005002173207837683,0.0005007266982622433,0.0005121628090412912,0.0004992103108873919,0.0005064599052779123,0.0005121300330576381,0.0005095219361441634,0.0005100474621623548,0.0005137804272428308,0.000498957345971564,0.0004983508382435304,0.0005131582663960848,0.0004984503023822986,0.0004998027711992657,0.0005012322274881517,0.00036705815331793167,0.0004998420221169036
Vector - Multiply 2 Vector128's,0.0011674661372734407,0.0011037643270229327,0.0011061462094722702,0.0010079782782540774,0.0010674873330984707,0.001096027889287978,0.0010618513025399607,0.001128806563872691,0.0011390866688381993,0.0010912195121951219,0.0011337607291738658,0.0011197560975609755,0.0011107616762884634,0.0011476450514692272,0.0011294851794071763,0.0010904117827885858,0.0010973428357572293,0.0011154754816280275,0.001113833342272669,0.0011414950956050013,0.0011119624018486962,0.001130540521728102,0.0011565694487770748,0.0010842491850924709,0.0011466765401037893,0.0011350294831447235,0.0011388180626917745,0.0011473527758458064,0.001131219512195122,0.0011702536622376274,0.0010393591571507357,0.0011726430270887433,0.001121857465600099,0.0011577319785644315,0.0011706077999281191,0.0011565105566980571,0.001135494687029277,0.0011764772454279687,0.0011411057634266675,0.0011190243902439024,0.0011813642300504286,0.0011444945169066015,0.0011546957878315132,0.0011519512195121951,0.0011440774381171537,0.0011476697571271527,0.0011534102913777539,0.0011424746470331717,0.0011554418949045867,0.001146898127976238,0.0012054925995380245,0.0011414634146341464,0.0011270651342046311,0.001123533951352433,0.0011771606864274572,0.0011894950888120827,0.001182559257390438,0.0011695792961231293,0.0011810730078000856,0.0011828750388571318,0.0011680174488325863,0.0011714097885841138,0.0011687897178898428,0.0011654550824607703,0.0011636529842218915,0.001186396255850234,0.0011466013138810246,0.0012009164368436804,0.0011966897117884248,0.0011974082934802233,0.0011942623137277488,0.0012021834936455835,0.0011848780487804878,0.0012097682878735442,0.0011717073170731708,0.001172041626089546,0.0012118131253400465,0.0011816536661466458,0.0011985488611450665,0.0011695637795937353,0.0011800821747398507,0.0011479128756249918,0.001173658536585366,0.0011872417964172827,0.0003780995713646712,0.0011673357278681597
WebSocket - PartialReceive_100KB,0.02,0.02,0.03,0.02,0.02,0.02,0.02,0.02,0.02,0.01,0.02,0.02,0.02,0.02,0.02,0.02,0.01,0.02,0.01,0.01,0.02,0.03,0.02,0.02,0.04,0.07,0.07,0.07,0.07,0.08,0.07,0.08,0.09,0.07,0.07,0.1,0.08,0.07,0.08,0.1,0.07,0.03,0.03,0.03,0.03,0.03,0.03,0.03,0.02,0.03,0.02,0.04,0.03,0.02,0.03,0.04,0.03,0.02,0.03,0.03,0.03,0.02,0.03,0.03,0.02,0.02,0.02,0.03,0.04,0.03,0.03,0.03,0.04,0.03,0.03,0.03,0.02,0.03,0.03,0.02,0.03,0.03,0.03,0.03,0.02,0.02
WebSocket - PartialReceive_10KB,0.021956087824351298,0.017964071856287425,0.017964071856287425,0.017964071856287425,0.015968063872255488,0.01996007984031936,0.015968063872255488,0.015968063872255488,0.01996007984031936,0.015968063872255488,0.015968063872255488,0.017964071856287425,0.01996007984031936,0.017964071856287425,0.017964071856287425,0.01996007984031936,0.017964071856287425,0.015968063872255488,0.015968063872255488,0.01996007984031936,0.017964071856287425,0.015968063872255488,0.015968063872255488,0.013972055888223553,0.01996007984031936,0.09181636726546906,0.08782435129740519,0.07385229540918163,0.07584830339321358,0.07385229540918163,0.0658682634730539,0.08982035928143713,0.08383233532934131,0.08383233532934131,0.10179640718562874,0.0718562874251497,0.09381237524950099,0.08383233532934131,0.07584830339321358,0.0718562874251497,0.07984031936127745,0.027944111776447105,0.023952095808383235,0.021956087824351298,0.023952095808383235,0.027944111776447105,0.023952095808383235,0.02594810379241517,0.023952095808383235,0.023952095808383235,0.023952095808383235,0.023952095808383235,0.021956087824351298,0.027944111776447105,0.023952095808383235,0.023952095808383235,0.023952095808383235,0.027944111776447105,0.02594810379241517,0.023952095808383235,0.02594810379241517,0.023952095808383235,0.023952095808383235,0.023952095808383235,0.02594810379241517,0.02594810379241517,0.02594810379241517,0.021956087824351298,0.02594810379241517,0.02594810379241517,0.02594810379241517,0.02594810379241517,0.023952095808383235,0.023952095808383235,0.02594810379241517,0.023952095808383235,0.02594810379241517,0.023952095808383235,0.02594810379241517,0.02594810379241517,0.021956087824351298,0.02594810379241517,0.033932135728542916,0.02594810379241517,0.027944111776447105,0.023952095808383235
WebSocket - PartialReceive_1B,0.011693610469591994,0.011647421093148575,0.011793687451886066,0.01176289453425712,0.011562740569668975,0.011655119322555812,0.011562740569668975,0.012117013086989993,0.011986143187066974,0.011963048498845266,0.012055427251732101,0.01170130869899923,0.01170130869899923,0.01193225558121632,0.01178598922247883,0.012155504234026174,0.012309468822170901,0.01190916089299461,0.012117013086989993,0.012147806004618938,0.012078521939953811,0.01189376443418014,0.012355658198614318,0.012209391839876828,0.012532717474980755,0.07628175519630485,0.07897613548883757,0.07632794457274827,0.07634334103156273,0.07759815242494227,0.07209391839876829,0.07535796766743649,0.07619707467282524,0.07617397998460354,0.07541955350269439,0.07725173210161662,0.07849884526558891,0.07915319476520401,0.07708237105465743,0.07744418783679753,0.07562740569668976,0.017806004618937644,0.01840646651270208,0.018352578906851425,0.018090839107005388,0.018306389530408005,0.018244803695150115,0.018360277136258662,0.01844495765973826,0.018498845265588915,0.018290993071593535,0.018606620477290222,0.018337182448036952,0.018244803695150115,0.017906081601231718,0.018075442648190915,0.01822940723633564,0.018329484218629715,0.018090839107005388,0.018137028483448808,0.01840646651270208,0.018375673595073132,0.018475750577367205,0.018290993071593535,0.018622016936104695,0.018460354118552732,0.018290993071593535,0.01851424172440339,0.01829869130100077,0.018398768283294842,0.01822940723633564,0.018421862971516552,0.018206312548113935,0.01852963818321786,0.019207082371054656,0.018714395688991532,0.01916089299461124,0.01849114703618168,0.019130100076982293,0.01899153194765204,0.018568129330254042,0.018945342571208623,0.018337182448036952,0.01907621247113164,0.021439568899153195,0.01905311778290993
WebSocket - PartialSend_1B,0.007661354581673307,0.007796812749003984,0.007553784860557769,0.0076254980079681275,0.007752988047808765,0.007673306772908366,0.007434262948207171,0.007816733067729084,0.007800796812749004,0.007928286852589641,0.007768924302788844,0.0077569721115537844,0.0077330677290836656,0.00802788844621514,0.007677290836653386,0.008330677290836653,0.008151394422310757,0.007808764940239044,0.00801593625498008,0.007693227091633466,0.008306772908366533,0.007816733067729084,0.00803187250996016,0.008227091633466136,0.008621513944223107,0.027709163346613545,0.027756972111553785,0.027776892430278883,0.02744223107569721,0.027286852589641433,0.027649402390438248,0.027266932270916335,0.027334661354581673,0.027290836653386455,0.02752191235059761,0.027163346613545816,0.02752191235059761,0.028107569721115538,0.027780876494023905,0.027848605577689242,0.02743426294820717,0.011159362549800796,0.011171314741035856,0.011697211155378487,0.011270916334661355,0.011326693227091634,0.011414342629482072,0.01099203187250996,0.011274900398406375,0.011410358565737052,0.011147410358565738,0.011219123505976095,0.011063745019920319,0.011199203187250996,0.011123505976095618,0.011075697211155379,0.011191235059760956,0.011302788844621514,0.011139442231075698,0.011402390438247012,0.011290836653386455,0.011338645418326694,0.011350597609561752,0.011143426294820718,0.011239043824701195,0.011139442231075698,0.011370517928286852,0.01148605577689243,0.011358565737051792,0.011191235059760956,0.011127490039840638,0.011346613545816732,0.011079681274900399,0.011322709163346614,0.01200398406374502,0.011729083665338645,0.012123505976095617,0.01151394422310757,0.011454183266932271,0.011729083665338645,0.011533864541832669,0.011478087649402391,0.011458167330677291,0.012123505976095617,0.00854183266932271,0.012099601593625497
WebSocket - PartialSend_1MB,1.490909090909091,1.490909090909091,1.490909090909091,1.490909090909091,1.481818181818182,1.481818181818182,1.481818181818182,1.4636363636363636,1.4636363636363636,1.4727272727272727,1.4545454545454546,1.4545454545454546,1.4454545454545455,1.4636363636363636,1.4636363636363636,1.5,1.4545454545454546,1.509090909090909,1.481818181818182,1.5,1.481818181818182,1.490909090909091,1.490909090909091,1.509090909090909,1.2727272727272727,1.6090909090909091,1.6090909090909091,1.8636363636363635,1.6636363636363636,1.7818181818181817,1.6090909090909091,1.3454545454545455,1.3363636363636364,1.9181818181818182,1.3363636363636364,1.7545454545454546,1.3545454545454545,1.5545454545454545,1.5454545454545454,1.5363636363636364,1.5272727272727273,1.5363636363636364,1.5272727272727273,1.490909090909091,1.7363636363636363,1.5272727272727273,1.5545454545454545,1.7363636363636363,1.8727272727272728,1.7,1.5363636363636364,1.5454545454545454,1.5272727272727273,1.518181818181818,1.5454545454545454,1.481818181818182,1.3545454545454545,1.8909090909090909,1.8545454545454545,1.8545454545454545,1.3545454545454545,1.509090909090909,1.290909090909091,1.3181818181818181,1.309090909090909,1.5363636363636364,1.309090909090909,1.309090909090909,1.3454545454545455,1.518181818181818,1.6,1.6818181818181819,1.7363636363636363,1.6545454545454545,1.7727272727272727,1.790909090909091,1.8636363636363635,1.809090909090909,1.8181818181818181,1.809090909090909,1.8181818181818181,1.8272727272727274,1.9181818181818182,1.8363636363636364,1.5636363636363637,1.5
WebSocket - PartialSend_64KB,0.10925,0.11075,0.11025,0.1115,0.11,0.1095,0.10975,0.11025,0.11225,0.11075,0.1095,0.11025,0.111,0.11075,0.11,0.112,0.11025,0.11,0.11025,0.11025,0.11125,0.1105,0.11025,0.1105,0.1,0.1445,0.15375,0.172,0.15975,0.16175,0.1665,0.12925,0.14575,0.17375,0.1525,0.15675,0.136,0.16225,0.1475,0.1495,0.15525,0.114,0.114,0.1155,0.11625,0.12,0.114,0.1215,0.1435,0.12075,0.11375,0.1135,0.11425,0.11425,0.11375,0.11425,0.102,0.139,0.1385,0.1505,0.103,0.108,0.10225,0.10275,0.10225,0.11325,0.1025,0.1045,0.102,0.11525,0.11725,0.1285,0.1255,0.1195,0.15,0.1525,0.14925,0.1495,0.145,0.15375,0.14825,0.15675,0.156,0.1525,0.129,0.12675
