Task - Measurement,10/12/2022,10/14/2022,10/15/2022,10/15/2022,10/16/2022,10/17/2022,10/19/2022,10/21/2022,10/21/2022,10/22/2022,10/23/2022,10/25/2022,10/25/2022,10/26/2022,10/27/2022,10/29/2022,10/29/2022,11/1/2022,11/2/2022,11/3/2022,11/4/2022,11/5/2022,11/6/2022,11/8/2022,11/8/2022,11/11/2022,11/11/2022,11/12/2022,11/14/2022,11/14/2022,11/15/2022,11/17/2022,11/19/2022,11/21/2022,11/22/2022,11/24/2022,11/24/2022,11/25/2022,11/25/2022,11/26/2022,11/27/2022,11/28/2022,11/29/2022,11/30/2022,12/2/2022,12/2/2022,12/2/2022,12/2/2022,12/3/2022,12/4/2022,12/4/2022,12/5/2022,12/5/2022,12/6/2022,12/7/2022,12/7/2022,12/8/2022,12/9/2022,12/9/2022,12/10/2022,12/12/2022
AppStart - Page show,39.226890756302524,42.71544715447155,45.30909090909091,41.333333333333336,45.504,46.88181818181818,44.47154471544715,43.845454545454544,43.54477611940298,43.67479674796748,44.368852459016395,44.23255813953488,37.73770491803279,39.381294964028775,37.18115942028985,34.69426751592356,39.632,42.46218487394958,40.07142857142857,40.84496124031008,38.41258741258741,38.713235294117645,41.21951219512195,38.9,45.11904761904762,44.59349593495935,39.72868217054263,42.60162601626016,41.570247933884296,37.853846153846156,41.35454545454545,45.1271186440678,47.455357142857146,43.717948717948715,45.203252032520325,45.84033613445378,46.452991452991455,49.45918367346939,49.61290322580645,40.18333333333333,48.495726495726494,51.31531531531532,45.08256880733945,45.2020202020202,45.721739130434784,44.458333333333336,45.0625,44.554621848739494,44.63157894736842,37.808510638297875,44.324561403508774,45.75,44.44827586206897,45.31707317073171,45.90756302521008,45.28695652173913,46.31707317073171,45.764150943396224,46.327586206896555,46.62931034482759,38.47517730496454
AppStart - Reach managed,660.9,661.7,657.4,634.2,636.1,634.4,636.3,638.2,647.6,640.3,631.7,635.6,621.9090909090909,613.5454545454545,616.4545454545455,606.8181818181819,617.3636363636364,598.1818181818181,592.0909090909091,585.1818181818181,589.9090909090909,593,602.9090909090909,615.0909090909091,659,630.7,660.6,697.1,611.3636363636364,637.9,665.5,645.2,617.9090909090909,662.7,651.7,652.6,653.5,712.3333333333334,688.1,717.4,726,704.1111111111111,646.1,637.8,647.1,667.5,642.7,647.3,646,646.1,677,673.6,673.4,707.8,678.5,666.4,585.1818181818181,581.8181818181819,583.6363636363636,584.3636363636364,587.8181818181819
Exceptions - NoExceptionHandling,0.00018999978917479414,0.00018911741913204977,0.00018974268526522067,0.00018843793585796148,0.00018810474218890628,0.0001885136109374578,0.00018865172712450424,0.00019302700328431295,0.00018832930695326111,0.00019322366920107833,0.00018897137353650028,0.00019349443867578393,0.00018876835906034625,0.00019845318396157307,0.0002112260161480134,0.00019982277749920724,0.0001984151226853561,0.00019585732870031858,0.00021217976126562012,0.0002107756302765702,0.00021385587242583754,0.0002091727737725659,0.00021566250987225277,0.00021257132993467826,0.00019765404362347277,0.0002104804323549487,0.00021289966643917743,0.000228757174400408,0.0002091727737725659,0.00021029107303800946,0.00020635602581714255,0.00020496146854113875,0.00019722214322803936,0.0002168500177851299,0.0001939210576866862,0.00020594160137783236,0.0001956422595706719,0.0002051439452782441,0.0002075101077933764,0.00019428206868396216,0.00019423422763099684,0.0001955430836123378,0.00020401174327357296,0.00020085060497587395,0.0002073487228520694,0.00020062420575120941,0.00020031784475047377,0.00019885440846755345,0.0001955947853642592,0.00019475777002353324,0.00021145547195179954,0.00020928859876850181,0.00020923282013693095,0.00019885440846755345,0.00021089907284092737,0.00022016114870308882,0.00021082077347387346,0.0002083713455205637,0.00021063345688017055,0.00020022676475659338,0.00020783322637976702
Exceptions - TryCatch,0.0002803093648145249,0.00027860769354794433,0.00027909289411710917,0.0002755467497894125,0.00027856148446395255,0.0002760835015339199,0.0002736123696720367,0.0002814689291528967,0.0002766643574414966,0.0002817884171542054,0.00027903667757359633,0.00028379000578619896,0.00027851155062494,0.00028890967505795274,0.00029568058020940015,0.0002904603813343835,0.0002891564065584715,0.0003186244498723667,0.0003190810465858328,0.00032238412542638856,0.0002934894850423658,0.00028940071513987103,0.000294062274832902,0.00029038062726788414,0.00028646470472909805,0.00029577429414043033,0.00029657849925308,0.0003140184501299878,0.00029095188722717943,0.00029111236872233945,0.00028570738345828336,0.00028538527817817253,0.00028907407776386664,0.0002856394984234959,0.0002888052956180121,0.0002858912352021371,0.00029049670282918526,0.0003144277813231227,0.00031449263679185664,0.0003003730019950495,0.0003029434560043026,0.00030237104857151325,0.00031242840885204826,0.0002887474403878623,0.0002916064471534498,0.00029005398989187975,0.0002902102729189874,0.0002867887598249454,0.0002873617335478102,0.00028596225491888966,0.0003074001579829576,0.0002837747517776185,0.0003215380924794838,0.00029078637502836146,0.00029867013705315383,0.0002904603813343835,0.00029078637502836146,0.0002907072646438885,0.0002888304128644935,0.00029078637502836146,0.0002862146415768001
Exceptions - TryCatchFilter,0.0002553259141494436,0.0002559745703951378,0.0002587485162991303,0.00025938406774671236,0.0002596463367737566,0.0002619904710843974,0.0002574170500438809,0.00026280095978071415,0.00025754818455740296,0.0002596940864448332,0.000259491464270754,0.00026482718152150614,0.0002617878489103182,0.0002721215797883571,0.0002681366770314663,0.00028594124136242994,0.0002862115680864659,0.0002631386634041795,0.0002705681431204166,0.00026943396761537175,0.0002688120842783969,0.00027562066088620977,0.0002737437988826971,0.00026950348102290926,0.00026725864761045645,0.0002725620709545595,0.0002683217530947717,0.00027075472235858436,0.00027016289877225823,0.00027185141688958485,0.00026442193717334775,0.0002635148049226585,0.00026871328157034355,0.0002652324258696645,0.0002839396526728929,0.0002618553896350113,0.0002634233686051386,0.00026205801180909045,0.00026568024360834646,0.00026344923766589745,0.00026246325615724884,0.00026266587833132806,0.00027179742347164696,0.00027200596369425945,0.00026698848471168416,0.000272492557547022,0.00027064338494953995,0.0002656376702178229,0.0002661779960153674,0.0002643543964486547,0.00027429990614299715,0.00026205801180909045,0.00027165839665657193,0.00026624553674006046,0.00026922542739275926,0.0002709632625811969,0.00026569189010948165,0.0002686094621043177,0.0002692136787427278,0.00027061569554350933,0.0002662363508686465
Exceptions - TryCatchFilterInline,0.00018390370295149664,0.00018617986692614247,0.0001889216098956022,0.0002058893777065982,0.00018681592039800996,0.00018799045190597436,0.00018616915422885573,0.0001875766039105842,0.00018540390193478594,0.0001857660189307523,0.00018524870893651464,0.00019078392587485785,0.00018705929391634653,0.00019473161808078004,0.00019444820391734707,0.00022275259615366408,0.00020576541573619943,0.00018959618590480725,0.00021199324242670659,0.00020753531510939809,0.0001950198979325329,0.0001970246712979159,0.00021156356268527924,0.00019303362383622585,0.00020801870481850383,0.00019545057238175455,0.000194630080889264,0.00019711558137978545,0.00019400040325443733,0.00019416153315747258,0.00019996220966674147,0.00020568245370890316,0.0002078551556847014,0.0002070791906933449,0.0002056307227094794,0.00019367814344836684,0.00019039952598528365,0.00018852198655123893,0.0002083409646245743,0.0001905092553553403,0.00018902507189444973,0.0001979749408626401,0.0001938504468027262,0.00020608514598208084,0.00020676880469680227,0.0001949134727049704,0.00019449304948282502,0.00020742789517404125,0.00020218688676687424,0.00019318092219407245,0.00019304909867698825,0.00020474239679012045,0.0002090391942043937,0.00019210736350327488,0.0002086282389116596,0.00020944124455154345,0.00020701790087546324,0.00020399045724262265,0.0002070485381248308,0.00019233539425640643,0.0002089854842367153
Exceptions - TryCatchFilterThrow,0.06581475460157574,0.06647595228714505,0.0652234233520015,0.06654859166999944,0.055841502621034794,0.06688995763197068,0.06567530556234268,0.06621168582375479,0.07149963793925622,0.06698443981025276,0.06639307301982317,0.06729262679423091,0.0647988067392115,0.06767977259780539,0.06697298164401769,0.06637332283230891,0.06724545538009548,0.0659503878262948,0.06704416501415619,0.06741385847398233,0.06661445142553325,0.06595508496285543,0.07017174780713288,0.0666373194143508,0.06630310152252411,0.06653033479375996,0.06629739704850514,0.06631905025415172,0.066398780814959,0.06645464822829475,0.06498088797412525,0.06547936500731898,0.06522699720148196,0.06604756563476835,0.06509783063813414,0.06608491587017691,0.0657677067996157,0.06527836804079898,0.06605332118035775,0.0655110566226218,0.06434447691605993,0.065485038637421,0.06654287836370908,0.06617890070315795,0.06644021351297348,0.06641474538635858,0.06641737790083635,0.0669056221335364,0.06525532228277495,0.06575790993531078,0.06533102032948966,0.06501829947788507,0.06609889483878319,0.06672425826973466,0.06601867712251669,0.06774967906834836,0.06813355492463588,0.06620040242366206,0.06828211645101663,0.06676430541094087,0.06679025696482827
Exceptions - TryCatchFilterThrowApplies,0.05469603726922413,0.0554096928816092,0.054412830499548995,0.05555965313412077,0.04498952298779736,0.055474836807749,0.05458525550267231,0.054939468581311254,0.059620198062901295,0.05555994542514131,0.05528456993881799,0.05566098406975151,0.053883515297438664,0.05616418771875017,0.055803983887061606,0.0551051358343435,0.0559051166230816,0.05497420626599002,0.05564459158820366,0.05604036429410085,0.05518103158602151,0.054699880234510244,0.05819946254220767,0.055428953365366906,0.05498042216829073,0.05532541268005468,0.05492047192942015,0.054909645340277376,0.0549148848102526,0.0552802375384292,0.0541946570848305,0.05450189971191182,0.054368162937715306,0.054809222650360194,0.05372676281220516,0.05501421244191779,0.054515743365650175,0.054451545584974566,0.0546057787763206,0.05451233768944929,0.053491981376099326,0.054496680723143086,0.05526043390763831,0.05488542621448213,0.055194617618790014,0.05521872077505858,0.05534432436696379,0.05563989836691231,0.05430161310491434,0.054679328954524535,0.05420946269713953,0.054163411966880175,0.054599893402447565,0.05535332919529105,0.054807350201963125,0.05608440970880979,0.056408650989048306,0.05452694767062508,0.05649918498027493,0.054844520784675166,0.05549968142972234
Exceptions - TryCatchThrow,0.044486451831878264,0.04518890873845452,0.04451002206173515,0.045341117979293855,0.035484434244661744,0.04579648242409152,0.04476708155338887,0.04482499183752656,0.04855599049487769,0.04579553342748402,0.04540666275805198,0.045501994823468846,0.04381479504396932,0.045804851896528616,0.04573618560499131,0.044835387440601275,0.04596460940871817,0.04524548995733711,0.045815159364361945,0.04571494151739176,0.04465681851465177,0.044436487670664944,0.047253249785942246,0.045575434625870805,0.04473666789608572,0.04513502987470672,0.04499620565357617,0.045043034897907834,0.044503247534279526,0.044993671876110974,0.04415735666352028,0.044862655190871153,0.04460104976965486,0.045220682637350094,0.04392361842937234,0.04539151071525584,0.044934876647035694,0.04489850085550295,0.04473915550472157,0.04501734356390071,0.04423260427096113,0.04487971629996828,0.045481216457960646,0.04535540464602402,0.045269682108557814,0.04548686163080872,0.04558200413687021,0.04586623984051526,0.04469078400241929,0.0452773427645264,0.04425902583109138,0.044596329582357826,0.04519650447400702,0.04536101134620697,0.04512927657351789,0.04634514122742361,0.04602930097078061,0.044332541120549684,0.04645715965552305,0.04478600455098092,0.045435262377677046
JSInterop - JSExportInt,16.639344262295083,16.61341853035144,15.825,16.7672131147541,16.71661237785016,16.859016393442623,15.326347305389222,15.19047619047619,17.561643835616437,16.588424437299036,16.563106796116504,16.421725239616613,16.29936305732484,16.34185303514377,17.055737704918034,16.78360655737705,17.079470198675498,211,18.12676056338028,17.294314381270905,17.096989966555185,18.073426573426573,18.10211267605634,16.729641693811075,16.973684210526315,16.81311475409836,18.172535211267604,17.844827586206897,16.84039087947883,17.019736842105264,15.053571428571429,14.952380952380953,16.268987341772153,16.218354430379748,16.053797468354432,16.29936305732484,16.956521739130434,15.903125,17.05298013245033,15.962732919254659,15.656441717791411,18.066433566433567,15.374251497005988,16,18.070422535211268,16.024844720496894,17.885813148788927,16.10625,17.317725752508363,18.330960854092528,16.415335463258785,18.60431654676259,19.61132075471698,17.975609756097562,15.774691358024691,18.05226480836237,18.67148014440433,17.719723183391004,18.362676056338028,15.946540880503145,17.644827586206898
JSInterop - JSExportString,173.53125,172.63636363636363,175.65625,176.8125,177.1875,176.46875,176.0625,175.625,190.46666666666667,171.93103448275863,175.5625,177.1,174.09375,173.84375,179.09375,180.3548387096774,179.15625,361.875,177.48275862068965,169.5151515151515,177.25,181.96666666666667,179.96875,178.71875,175.25,175.8125,175.78125,173.1290322580645,174.78125,174.125,174.5,173.72727272727272,172.625,174.125,172.9090909090909,172.4848484848485,171.63636363636363,173.1818181818182,165.44117647058823,174.12121212121212,171.4848484848485,176.31034482758622,172.8181818181818,170.5151515151515,174.5,172.15151515151516,166.46875,170.96969696969697,169.87878787878788,174.84375,172.03030303030303,170.5151515151515,172.21212121212122,174.93103448275863,172.84848484848484,176.15625,169.87878787878788,168.8181818181818,169.45454545454547,172.03030303030303,167
JSInterop - JSImportFail,821.2857142857143,814.7142857142857,799,830.8571428571429,814.4285714285714,831.7142857142857,809.8571428571429,816.5714285714286,825.5714285714286,823.4285714285714,815,816.1428571428571,802.5714285714286,807.5714285714286,849.5,801,815.5714285714286,1030,830.7142857142857,814.2857142857143,813.4285714285714,791,811,816.5714285714286,797,808,793.1428571428571,802.7142857142857,797,783.7142857142857,798.1428571428571,813.1428571428571,797.7142857142857,815.4285714285714,788.2857142857143,801.1428571428571,812.5714285714286,811.4285714285714,789,822.7142857142857,789.2857142857143,822,795.2857142857143,813.7142857142857,809.8571428571429,822.7142857142857,814.4285714285714,821,793.1428571428571,792.5714285714286,796.1428571428571,786.7142857142857,799.8571428571429,797.7142857142857,788.5714285714286,829.8571428571429,835.2857142857143,780,845.7142857142857,798.2857142857143,811
JSInterop - JSImportInt,3.41029207232267,3.278032786885246,3.1946564885496183,3.293918918918919,3.2945945945945945,3.1571246819338423,3.28,3.21882951653944,3.2,3.4074324324324325,3.2891803278688525,3.204834605597964,3.1666666666666665,3.0298329355608593,3.281756756756757,3.0566157760814248,3.089058524173028,148.27906976744185,3.077608142493639,3.062268803945746,3.277377049180328,3.6385011021307863,3.4310810810810812,3.2852459016393443,3.24618320610687,3.4061196105702365,3.256393442622951,3.530598052851182,3.2022900763358777,3.5146036161335186,2.9791169451073984,2.8967704728950405,2.705292479108635,2.8471741637831602,3.070900123304562,2.69693713057496,3.0184956843403206,3.0018495684340323,2.5652874798495433,3.239344262295082,2.953287197231834,2.886634844868735,2.8812649164677806,2.600620796689084,2.9492840095465396,2.9170644391408116,2.7743732590529246,2.5260612573885006,2.734013970983342,3.1564885496183206,3.0852417302798982,3.2372773536895676,2.8217993079584773,3.098027127003699,3.028976572133169,3.0733662145499383,3.0721331689272504,3.0763358778625953,3.033908754623921,3.186806411837238,3.284590163934426
JSInterop - JSImportManyArgs,217.74074074074073,215.53846153846155,170.06060606060606,170.3030303030303,168.14705882352942,171.5151515151515,170.21212121212122,169.73529411764707,174.90625,172.12121212121212,172.54545454545453,171.96969696969697,169,212.2962962962963,211.5185185185185,214.5185185185185,214.85185185185185,355.94117647058823,170.91176470588235,169.7058823529412,170.41176470588235,171.84848484848484,180.8709677419355,173.36363636363637,171.87878787878788,174.12121212121212,215.34615384615384,214.62962962962962,173.84848484848484,216.03703703703704,171.93939393939394,171.7058823529412,168.76470588235293,170.6969696969697,170.66666666666666,169.26470588235293,170.61764705882354,212.14814814814815,175.78787878787878,215.03703703703704,211.8148148148148,173.27272727272728,171.3030303030303,171.52941176470588,173.63636363636363,212.33333333333334,172.24242424242425,171.24242424242425,169.21212121212122,174.3030303030303,211.14814814814815,210.17857142857142,212.92592592592592,208,170.54545454545453,175.8181818181818,167.35294117647058,212.2962962962963,169.4848484848485,171.8181818181818,171.27272727272728
JSInterop - JSImportString,151.57894736842104,150.71052631578948,151.78947368421052,154.57894736842104,149.02631578947367,154.8108108108108,154.1891891891892,153.51351351351352,157.47222222222223,152.97297297297297,152.86486486486487,154,152.89743589743588,154.9189189189189,154.78378378378378,155.94594594594594,156.16216216216216,341.1764705882353,153.8918918918919,154,157.33333333333334,158.27777777777777,162.77142857142857,158.36111111111111,153.35135135135135,155.05405405405406,152.64864864864865,154.02702702702703,155.05405405405406,154.72972972972974,151.02631578947367,153.60526315789474,149.18421052631578,151.48648648648648,151.35135135135135,151.87179487179486,152.7948717948718,151.94736842105263,154.9189189189189,151.52631578947367,152.47368421052633,153.40540540540542,151.97368421052633,147.17073170731706,152.21052631578948,150.60526315789474,152.3783783783784,152.97297297297297,150.26315789473685,150.1315789473684,152.44736842105263,151.87179487179486,153.35135135135135,146.81578947368422,151.6315789473684,156.47222222222223,148.25,148.975,148.78947368421052,151.94594594594594,152.51351351351352
JSInterop - JSImportTask,449.5,450.5,450.54545454545456,456.90909090909093,452.90909090909093,453.6363636363636,453.54545454545456,450.3333333333333,482,457.6363636363636,443.0833333333333,438.5833333333333,445.4166666666667,456.3333333333333,458.3636363636364,459.8181818181818,460.1666666666667,799.7142857142857,447.8333333333333,456.8181818181818,454.6363636363636,453.75,472.8181818181818,453.8181818181818,452.75,453.25,462.09090909090907,451.27272727272725,457.09090909090907,455.09090909090907,441.75,439.3333333333333,440.5833333333333,438.1666666666667,518.2,520.3,516.8,515.5,512.3,514.9,508.72727272727275,517.2,512.4,519.8,514,514.2,519.2,525.2,515.4,525,517.8,516.1,516,521.7,519,524.5,524,525.2,512.6,517.6,519.8
JSInterop - JSImportTaskFail,3276,3191.5,3299.5,3193,3244,3270.5,3374.5,3338,3518.5,3247,3324,3234.5,3239.5,3224.5,3311,3201,3237,4196,3151,3196,3452.5,3090.5,3330,3124,3237.5,3252,3189,3313.5,3126.5,3179.5,3108.5,3475,3120,3026,3256,3268.5,3398.5,3294.5,3421.5,3334,3345.5,3375,3190,3171.5,3345,3168.5,3303,3218.5,3194.5,3323.5,3243,3330,3229.5,3418.5,3327.5,3366.5,3349,3412.5,3370.5,3303.5,3329.5
JSInterop - LegacyExportInt,25.065989847715738,25.304568527918782,23.79326923076923,24.190243902439025,24.091346153846153,23.182242990654206,25.01,23.514423076923077,26.342105263157894,25.42051282051282,24.928934010152282,23.93658536585366,23.27570093457944,24.72906403940887,25.345,22.986363636363638,26.066666666666666,24.521951219512196,26.50526315789474,26.463541666666668,26.542105263157893,24.682926829268293,24.576354679802957,24.571428571428573,21.591304347826085,21.04149377593361,22.75,20.692622950819672,20.5327868852459,21.186721991701244,19.640316205533598,20.639004149377595,21.08016877637131,21.008438818565402,22.128318584070797,20.780082987551868,20.221311475409838,20.278008298755186,21.109704641350213,20.262096774193548,19.93951612903226,22.19730941704036,20.233870967741936,20.108870967741936,22.331858407079647,22.430493273542602,20.549180327868854,21.973913043478262,21.36051502145923,22.457399103139014,21.71244635193133,21.902654867256636,20.78838174273859,23.753554502369667,20.888412017167383,20.450819672131146,21.566523605150216,20.524590163934427,20.419354838709676,21.175965665236053,22.73181818181818
JSInterop - LegacyExportString,177.2258064516129,176.8125,181.1290322580645,181.7741935483871,183.51612903225808,179.25806451612902,180.25806451612902,180.09677419354838,193.13793103448276,177.0625,181.2258064516129,182.83870967741936,181.29032258064515,184.70967741935485,183.2258064516129,185.51612903225808,183.74193548387098,192.58620689655172,182.25806451612902,184.3548387096774,182.56666666666666,187.13333333333333,186.5483870967742,186.03333333333333,174.84375,180.25,177.25,176.78125,170.72727272727272,176.25806451612902,171.87878787878788,172.09375,171,172.6060606060606,174.5625,171.54545454545453,170.63636363636363,172.93939393939394,175.90625,173.75,172.5151515151515,174.28125,171.3030303030303,171.8125,174.15625,168.96969696969697,173.36363636363637,172.4848484848485,169.84848484848484,172.75757575757575,170.84848484848484,170.33333333333334,170.8181818181818,174.40625,173.5,173.25,167.66666666666666,168.66666666666666,167.57575757575756,172.125,172.625
Json - large deserialize,57.494623655913976,57,56.9468085106383,57.01063829787234,56.797872340425535,58.1978021978022,57.58064516129032,58.285714285714285,61.872093023255815,57.225806451612904,57.73913043478261,57.72043010752688,56.62105263157895,56.34736842105263,56.45263157894737,55.479166666666664,57.01063829787234,55.666666666666664,55.8125,56.305263157894736,56.33684210526316,56.757894736842104,58.62637362637363,56.01052631578948,57.32258064516129,57.06382978723404,56.05263157894737,57.02127659574468,56.084210526315786,56.829787234042556,56.65263157894737,56.76842105263158,55.604166666666664,55.53125,56.14736842105263,55.09278350515464,54.81443298969072,55.25773195876289,54.51546391752577,55.78947368421053,55.45360824742268,54.265306122448976,55.854166666666664,54.896907216494846,55.989583333333336,55.11340206185567,56.11578947368421,55.59375,55.5625,55.71875,54.47959183673469,55.822916666666664,55.50515463917526,54.704081632653065,55.729166666666664,56.14736842105263,53.898989898989896,54.303030303030305,54.36363636363637,53.79,55.23711340206186
Json - large serialize,33.97959183673469,34.61904761904762,34.27333333333333,33.846666666666664,34.55555555555556,33.626666666666665,33.986666666666665,34.62758620689655,36.8014705882353,33.793103448275865,33.608108108108105,34.641379310344824,34.97241379310345,34.61904761904762,34.18666666666667,33.568627450980394,34.67567567567568,33.372549019607845,34.36,34.304054054054056,33.92666666666667,33.94,35.451388888888886,34.33783783783784,35.227586206896554,34.62758620689655,34.04666666666667,34.306666666666665,34.28,34.1,33.45695364238411,33.529411764705884,34.16,33.36601307189542,32.98701298701299,33.26797385620915,33.130718954248366,33.526666666666664,32.88079470198676,33.15584415584416,33.49324324324324,32.80392156862745,33.64052287581699,32.666666666666664,33.99324324324324,32.77272727272727,33.31818181818182,33.22875816993464,33.27450980392157,33.89333333333333,32.743589743589745,33.23376623376623,33.88079470198676,33.86754966887417,34.086666666666666,33.35064935064935,33.806666666666665,33.209150326797385,33.705882352941174,33.733333333333334,33.58940397350993
Json - non-ASCII text deserialize,2.2713807931199237,2.2519468621163536,2.2752030578117535,2.2607361963190185,2.265689418231791,2.2572139303482586,2.2588181401740726,2.261825131390349,2.279980888676541,2.272139303482587,2.2651183172655567,2.2656473960821786,2.2637362637362637,2.291849255039439,2.283325370281892,2.2629272567922873,2.2790253225035833,2.274247491638796,2.2904260192395784,2.2968392120934493,2.29454878607421,2.2950068712780576,2.302794319743472,2.290014333492594,2.2863032524049474,2.2838031533683707,2.290096406660824,2.2840796019900496,2.276225377920293,2.2853870819972513,2.2607361963190185,2.2246861924686194,2.2243645924627518,2.2264691829909222,2.22858451672011,2.2107191937700414,2.215162138475022,2.217391304347826,2.211635364177737,2.2182296231375984,2.2245580506450073,2.228380315336837,2.250358337314859,2.252269469660774,2.248924988055423,2.244617498854787,2.244159413650939,2.2473660100778745,2.2365026278069755,2.224003664681631,2.218824653607262,2.2138475021910606,2.24988055422838,2.228380315336837,2.212094653812445,2.2253779202931745,2.2250358337314857,2.095530236634531,2.107800175284838,2.1186440677966103,2.114373356704645
Json - non-ASCII text serialize,1.416234439834025,1.4113070539419088,1.3984674329501916,1.4132923764311645,1.416753112033195,1.4172898594077177,1.4094827586206897,1.4183189053337057,1.4208321697849762,1.4110477178423237,1.4106800766283525,1.420902489626556,1.3936721991701244,1.4479195755375593,1.4310165975103735,1.4019709543568464,1.4312739463601531,1.4132923764311645,1.4401005305780508,1.4425287356321839,1.449315833566043,1.4317946058091287,1.4423345434236248,1.41649377593361,1.4243295019157087,1.4180396537280089,1.4364702597039933,1.395746887966805,1.4030082987551866,1.4449233716475096,1.4034961685823755,1.4039750957854407,1.4089730290456433,1.4046355766545657,1.4137931034482758,1.3910788381742738,1.402122312203295,1.3892767383412454,1.4111590038314177,1.4063796680497926,1.4136410788381744,1.4092323651452283,1.446058091286307,1.4325726141078838,1.4432053941908713,1.4317946058091287,1.431992337164751,1.4459648142976822,1.4491701244813278,1.4263485477178424,1.4300474727729684,1.4276452282157677,1.4362033195020747,1.4380186721991701,1.4271265560165975,1.4160848924881317,1.414688634459648,1.3189655172413792,1.3060344827586208,1.3174533479692645,1.3165708812260537
Json - small deserialize,0.2044782087165134,0.20139944022391043,0.202718912435026,0.20343862455017994,0.20199920031987206,0.20807676929228308,0.20471811275489804,0.20747700919632148,0.22039184326269493,0.20503798480607757,0.2045581767293083,0.20547780887644942,0.20151939224310275,0.2,0.20075969612155137,0.1968812475009996,0.20231907237105157,0.19684126349460215,0.1984288798272967,0.20083966413434626,0.20055977608956418,0.2003998400639744,0.20959616153538585,0.1993202718912435,0.20355857656937226,0.20319872051179527,0.19964014394242302,0.20298632765651237,0.19984006397441023,0.20187924830067971,0.19976009596161534,0.20207916833266693,0.19800079968012796,0.1973610555777689,0.20064763732309907,0.19820071971211514,0.19680127948820472,0.19920031987205117,0.1960015993602559,0.20063974410235905,0.1995201919232307,0.19460215913634546,0.2014394242303079,0.19828068772491003,0.2028388644542183,0.19740103958416633,0.2011595361855258,0.19944022391043584,0.19968012794882048,0.2003998400639744,0.19528188724510195,0.20079968012794883,0.19936025589764095,0.19724110355857657,0.19996001599360255,0.2017592962814874,0.19440223910435825,0.19588164734106359,0.19548180727708916,0.19304278288684526,0.19920031987205117
Json - small serialize,0.11785642871425715,0.12085582883423315,0.1201759648070386,0.11819636072785443,0.11943611277744451,0.11845630873825234,0.1184363127374525,0.12129574085182963,0.12974810075969612,0.11845630873825234,0.11699660067986403,0.12061587682463508,0.1223110755697721,0.11979604079184163,0.11913617276544691,0.11851259496201519,0.12205558888222355,0.11739304278288684,0.12065586882623475,0.12009598080383924,0.11857628474305139,0.11899240303878449,0.12435025989604158,0.12015193922431028,0.12167566486702659,0.1209758048390322,0.11851259496201519,0.12031187524990004,0.11997600479904019,0.11919616076784643,0.11677664467106579,0.11727309076369452,0.11811275489804078,0.11585682863427314,0.11415716856628674,0.1154369126174765,0.11551689662067587,0.11705658868226354,0.11459708058388322,0.11521695660867827,0.11625674865026994,0.11439712057588482,0.11833633273345331,0.1160735705717713,0.11807638472305539,0.11411435425829668,0.11607678464307139,0.11583366653338664,0.11535692861427714,0.11887622475504898,0.11565686862627475,0.11641671665666867,0.11811637672465507,0.1182327069172331,0.11923615276944612,0.11725654869026195,0.11757648470305938,0.11729654069186163,0.11823635272945411,0.11829634073185363,0.11897620475904819
Span - IndexOf bytes,0.0003633273345330934,0.00034373125374925013,0.00034413117376524694,0.0003443311337732454,0.00034393121375724857,0.00034613077384523094,0.00034473105378924213,0.00034273145370925813,0.0003473305338932214,0.00034113177364527094,0.00034773045390921813,0.00036592681463707257,0.000365126974605079,0.0003845230953809238,0.0003675264947010598,0.00038032393521295743,0.0003885222955408918,0.0003643271345730854,0.0003657268546290742,0.00038332333533293343,0.0003677264547090582,0.00036592681463707257,0.0004389122175564887,0.0003783243351329734,0.00036492701459708057,0.000386122775444911,0.0003839232153569286,0.00038432313537292543,0.000367126574685063,0.000367126574685063,0.0003657268546290742,0.0003713257348530294,0.0003567286542691462,0.0003713257348530294,0.00037192561487702457,0.0003715256948610278,0.0003707258548290342,0.0003703259348130374,0.00036792641471705657,0.0003729254149170166,0.0003543291341731654,0.0003573285342931414,0.0003577284543091382,0.0003729254149170166,0.0003655268946210758,0.0003739252149570086,0.00036792641471705657,0.0003697260547890422,0.0003747250549890022,0.000368126374725055,0.0003735252949410118,0.0003733253349330134,0.0003735252949410118,0.000361127774445111,0.000359128174365127,0.00036052789442111576,0.00035692861427714457,0.0003797240551889622,0.00036292741451709657,0.0003423315336932613,0.0003753249350129974
Span - IndexOf chars,0.10567659404357385,0.10565660603637818,0.10567659404357385,0.10571657005796523,0.10569658205076954,0.10569658205076954,0.10569658205076954,0.10569658205076954,0.10565660603637818,0.10569658205076954,0.10569658205076954,0.10571657005796523,0.10567659404357385,0.1059685584865441,0.10571657005796523,0.10575654607235659,0.10571657005796523,0.10571657005796523,0.1057365580651609,0.10594191313615774,0.1057365580651609,0.10594191313615774,0.10579652208674795,0.10569658205076954,0.1057365580651609,0.10569658205076954,0.10591526778577139,0.1057365580651609,0.1057365580651609,0.10569658205076954,0.10571657005796523,0.10571657005796523,0.10571657005796523,0.10569658205076954,0.10571657005796523,0.10571657005796523,0.1057365580651609,0.1057365580651609,0.10571657005796523,0.1057365580651609,0.10571657005796523,0.1057365580651609,0.10571657005796523,0.10569658205076954,0.10571657005796523,0.10571657005796523,0.10571657005796523,0.1057365580651609,0.1057365580651609,0.10571657005796523,0.09410353787727363,0.09408354987007796,0.1057365580651609,0.09412352588446932,0.09410353787727363,0.09410353787727363,0.09408354987007796,0.09406356186288227,0.09412352588446932,0.09410353787727363,0.094143513891665
Span - Reverse bytes,0.019609411451043123,0.019616076784643072,0.019616076784643072,0.01967606478704259,0.019622742118243018,0.019609411451043123,0.019669399453442645,0.019669399453442645,0.019622742118243018,0.019669399453442645,0.019622742118243018,0.019669399453442645,0.019616076784643072,0.019649403452642804,0.01965606878624275,0.019682730120642537,0.01967606478704259,0.019649403452642804,0.01967606478704259,0.01967606478704259,0.019669399453442645,0.01965606878624275,0.019682730120642537,0.01967606478704259,0.0196627341198427,0.019629407451842964,0.01965606878624275,0.019669399453442645,0.019669399453442645,0.01964273811904286,0.01964273811904286,0.01964273811904286,0.018749583416650003,0.01964273811904286,0.01871625674865027,0.018749583416650003,0.018762914083849898,0.018742918083050057,0.01873625274945011,0.018762914083849898,0.01871625674865027,0.018729587415850162,0.018722922082250217,0.01870959141505032,0.018702926081450376,0.018742918083050057,0.018729587415850162,0.01873625274945011,0.018722922082250217,0.01875624875024995,0.01783643271345731,0.017823102046257415,0.018762914083849898,0.017863094047857096,0.0178497633806572,0.01783643271345731,0.01783643271345731,0.017803106045457574,0.01782976737985736,0.017823102046257415,0.0178497633806572
Span - Reverse chars,0.04703451952552312,0.04705725521562354,0.047061175529788085,0.04709058188362328,0.04705725521562354,0.0470505898820236,0.04708391655002333,0.04708391655002333,0.047037259214823705,0.04708783153405305,0.0470505898820236,0.04709724721722322,0.04702392854762381,0.04710391255082317,0.04709724721722322,0.04709058188362328,0.04708783153405305,0.04705725521562354,0.04708391655002333,0.04710391255082317,0.04709724721722322,0.04708783153405305,0.04712390855162301,0.04709058188362328,0.04710115953618552,0.04706392054922349,0.04708783153405305,0.04710391255082317,0.04710115953618552,0.04707725121642338,0.04706392054922349,0.04706392054922349,0.048020791683326666,0.04706392054922349,0.04801039792041591,0.04803411968545915,0.04804372458841565,0.04798373658601613,0.04801039792041591,0.04802372858761581,0.04798373658601613,0.04799706725321602,0.04798373658601613,0.04798373658601613,0.04799413567906171,0.048030393921215754,0.04799040191961608,0.04801706325401586,0.04801039792041591,0.04801706325401586,0.04434446444044524,0.04429114177164567,0.0480370592548157,0.04435112977404519,0.0443377991068453,0.04433113377324535,0.0443377991068453,0.04429780710524562,0.04433113377324535,0.0443244684396454,0.044364460441245084
Vector - Add 2 Vector128's,0.00017129773607599025,0.00017129773607599025,0.00017142857142857143,0.0001719502900946518,0.00017175575141309182,0.00017282983122045566,0.00017312979742439656,0.00017038170540178708,0.0001722137667501934,0.00017129773607599025,0.00017523809523809525,0.00017358781276149814,0.00017450384343570128,0.00017982930049476113,0.00018140692687768526,0.0001961904761904762,0.00020698301253528061,0.00017571428571428572,0.0001961904761904762,0.00019428571428571428,0.00018047619047619048,0.0001795238095238095,0.00019981033388306792,0.00017857142857142857,0.0001938095238095238,0.00018095238095238095,0.00017857142857142857,0.00019476190476190477,0.00018,0.0001804183332707224,0.00017596966203938953,0.00019095238095238095,0.0001919047619047619,0.00019142857142857142,0.0001938095238095238,0.00017496185877280288,0.0001803030576216754,0.00017646395884287095,0.0001780952380952381,0.00017992403646724096,0.00017666666666666666,0.00017857142857142857,0.00018047619047619048,0.0001795238095238095,0.000186844191715981,0.00017982930049476113,0.0001912928629473139,0.00018140692687768526,0.0001795238095238095,0.00018085396887364865,0.00017666666666666666,0.00019190842624556125,0.00019571428571428572,0.00018428571428571428,0.00019776099712529287,0.0001951145336052723,0.00019674245405188698,0.00018476190476190478,0.0001804183332707224,0.0001804183332707224,0.00019666666666666666
Vector - Create Vector128,0.0001680916287162792,0.0001697514372801422,0.0001722137667501934,0.00017063097840594606,0.00017038170540178708,0.0001693116667172403,0.0001699236900646855,0.00016711281390273066,0.00016946567472758394,0.00016671758270497445,0.0001722137667501934,0.00017083972073888865,0.00017267178208729496,0.00017931696630531737,0.00017761904761904763,0.00017904761904761904,0.00018719699806015122,0.00017428571428571428,0.0001919047619047619,0.00019178715975079531,0.00017761904761904763,0.00017523809523809525,0.00019666666666666666,0.00017714285714285713,0.00019053438023425653,0.00019333333333333333,0.0001780952380952381,0.00017844114605679667,0.00017714285714285713,0.00017666666666666666,0.00018857142857142857,0.00018870231888585022,0.0001861904761904762,0.0001880952380952381,0.00019047619047619048,0.0001919047619047619,0.00018339629562124363,0.0001738095238095238,0.00017571428571428572,0.00017893544286027812,0.00017450384343570128,0.00017666666666666666,0.00017714285714285713,0.00019095238095238095,0.00017857142857142857,0.0001797727545110234,0.00018751431333641758,0.00017893544286027812,0.00017666666666666666,0.00018142857142857142,0.00017818184517906746,0.00019007636489715493,0.00019333333333333333,0.0001771212389577635,0.0001841966913669313,0.00019142857142857142,0.00017726762954754232,0.00018285714285714286,0.0001795238095238095,0.00017904761904761904,0.0001938095238095238
Vector - Dot product double,0.00017312979742439656,0.00017450384343570128,0.00017523809523809525,0.00017541987410990445,0.0001740458280985997,0.0001740458280985997,0.00017666666666666666,0.00017333333333333334,0.0001740458280985997,0.00017129773607599025,0.00017666666666666666,0.00017666666666666666,0.0001763359047841076,0.0001840151793962393,0.00019714285714285713,0.00018437270769857385,0.00019981139615524382,0.00017904761904761904,0.00019523809523809525,0.00019666666666666666,0.00019857142857142857,0.00019428571428571428,0.00020167309582042395,0.00019476190476190477,0.00019714285714285713,0.00018437270769857385,0.00019920161180301678,0.00019920161180301678,0.000193149989420299,0.00019761904761904763,0.0001938095238095238,0.00019523809523809525,0.00018333333333333334,0.00019428571428571428,0.00019574153417864677,0.00017942973966375954,0.00018364848692833927,0.0001938095238095238,0.00018142857142857142,0.0001819047619047619,0.0001795238095238095,0.00018091263007420384,0.0001819047619047619,0.00018047619047619048,0.00019047619047619048,0.00018509440946958849,0.0001962358309821282,0.00018387841089509242,0.00018454548250689128,0.0001819047619047619,0.00018283025767179534,0.00019523809523809525,0.0001962358309821282,0.00018136366384297937,0.00020390900739861804,0.00019523809523809525,0.0001993939696051469,0.0001995238095238095,0.00019904761904761904,0.00018437270769857385,0.00019714285714285713
Vector - Dot product float,0.00017666666666666666,0.00017541987410990445,0.00017857142857142857,0.0001780952380952381,0.0001795238095238095,0.00017857142857142857,0.00017745255244983383,0.00017666666666666666,0.00017844114605679667,0.00017761904761904763,0.00018047619047619048,0.0001795238095238095,0.00017954201214381865,0.0002039320511562454,0.000186844191715981,0.00018733848851946243,0.00019462124160927904,0.00018285714285714286,0.00020167309582042395,0.0001995238095238095,0.0001848670045020553,0.000183384114091611,0.0002056274702482754,0.00018536130130553672,0.0001995238095238095,0.000186844191715981,0.000186844191715981,0.00020117879901694253,0.0001883270821264253,0.000186844191715981,0.00019714285714285713,0.00019857142857142857,0.00018546497657864254,0.00019722442458909107,0.00018585559810901814,0.0001823809523809524,0.00020283564227906127,0.00019673012778560964,0.00018476190476190478,0.00018585559810901814,0.00018285714285714286,0.00018437270769857385,0.00018536130130553672,0.00018536130130553672,0.00018095238095238095,0.00020283564227906127,0.00020064282452469305,0.00020173923340187716,0.00020083500226195545,0.00020098487893710287,0.00020064282452469305,0.00019857142857142857,0.00019920161180301678,0.0001993939696051469,0.00020660385154862323,0.00019969590860649823,0.00020257578826905884,0.0001863498949124996,0.00019376434696472106,0.00018733848851946243,0.0001863498949124996
Vector - Dot product int,0.00017587788944700602,0.00017725193545831076,0.0001804183332707224,0.0001781679661325139,0.00017761904761904763,0.0001781679661325139,0.00017666666666666666,0.00017333333333333334,0.0001780952380952381,0.00017523809523809525,0.0001795238095238095,0.0001781679661325139,0.00017908399680671708,0.00018748591799848366,0.00018733848851946243,0.000186844191715981,0.00019409093849862704,0.0001823809523809524,0.00020216739262390537,0.00019904761904761904,0.00018536130130553672,0.00018285714285714286,0.00020513317344479396,0.00019622399455696156,0.00020047619047619048,0.00020216739262390537,0.00018585559810901814,0.000186844191715981,0.00018585559810901814,0.0001863498949124996,0.00019666666666666666,0.0001823809523809524,0.0001848670045020553,0.0001980952380952381,0.0001848670045020553,0.00019857142857142857,0.00018858232687566777,0.00019722442458909107,0.0001838095238095238,0.0001848670045020553,0.00018392797401031125,0.000183384114091611,0.00018536130130553672,0.00019673632874640532,0.0001880952380952381,0.00019899821120891687,0.0001987856655041804,0.00019622399455696156,0.0001863498949124996,0.00018585559810901814,0.00018285714285714286,0.0001980952380952381,0.00019969590860649823,0.00018474489580552338,0.00020773592744751979,0.0001995238095238095,0.00020283564227906127,0.00019030426934035102,0.00018783278532294388,0.000186844191715981,0.00020068450221346108
Vector - Dot product ulong,0.00017714285714285713,0.0001763359047841076,0.00017571428571428572,0.0001763359047841076,0.00017358781276149814,0.0001763359047841076,0.00017523809523809525,0.00017496185877280288,0.0001761904761904762,0.00017312979742439656,0.0001795238095238095,0.0001767939201212092,0.00017857142857142857,0.00018613639183884725,0.0001848670045020553,0.00019969590860649823,0.00020946972870753466,0.00018047619047619048,0.00020047619047619048,0.000183384114091611,0.00018285714285714286,0.0001819047619047619,0.00020315598623086824,0.000183384114091611,0.00019761904761904763,0.00018536130130553672,0.00018437270769857385,0.000183384114091611,0.00018288981728812955,0.00018333333333333334,0.0001804183332707224,0.00019523809523809525,0.00019571428571428572,0.00018095238095238095,0.00019673012778560964,0.00018,0.0001869377135598916,0.0001938095238095238,0.00018285714285714286,0.00018387841089509242,0.0001819012236811667,0.00018288981728812955,0.000183384114091611,0.00018285714285714286,0.00017857142857142857,0.0001858413046827075,0.00019827333131473664,0.00018536130130553672,0.00018437270769857385,0.00018638950912129956,0.0001863498949124996,0.0001947529405716839,0.00019722442458909107,0.00018295457317493534,0.00020544600996694933,0.00019666666666666666,0.0001984500067703248,0.00018437270769857385,0.00018476190476190478,0.0001848670045020553,0.0001848670045020553
Vector - Max double,0.00017312979742439656,0.00017175575141309182,0.00017267178208729496,0.00017129773607599025,0.00016946567472758394,0.00017151051953174989,0.00017312979742439656,0.0001723809523809524,0.0001722137667501934,0.0001699236900646855,0.00017476190476190475,0.00017358781276149814,0.0001740458280985997,0.00019574153417864677,0.0001804183332707224,0.00018239552048464813,0.00018984851361341116,0.00017496185877280288,0.00019523809523809525,0.0001919047619047619,0.00017904761904761904,0.00019285714285714286,0.00019821301819605394,0.00017942973966375954,0.00019142857142857142,0.00019714285714285713,0.00018,0.00019376434696472106,0.00018285714285714286,0.00018,0.0001923809523809524,0.00018047619047619048,0.0001795238095238095,0.00019,0.00019277575335775819,0.00019236644158266285,0.00019333333333333333,0.0001919047619047619,0.0001795238095238095,0.0001795238095238095,0.00017666666666666666,0.00017857142857142857,0.00018,0.00018931567573338818,0.00017476190476190475,0.00019417465779918651,0.00019425864376820248,0.00019462124160927904,0.00019621215094123499,0.00019570898457736452,0.000186844191715981,0.0001923809523809524,0.0001962358309821282,0.0001935849787113127,0.00019790180233173276,0.0001919047619047619,0.00019462124160927904,0.00017992403646724096,0.00018140692687768526,0.00017992403646724096,0.00019285714285714286
Vector - Max float,0.0001699236900646855,0.00017038170540178708,0.0001722137667501934,0.0001722137667501934,0.00016843212559143644,0.00017129773607599025,0.00017476190476190475,0.00017129773607599025,0.00017267178208729496,0.00017083972073888865,0.00017476190476190475,0.00017496185877280288,0.0001740458280985997,0.00018242427006428334,0.00019870731499953536,0.00018239552048464813,0.0001885389817153051,0.00017666666666666666,0.00019428571428571428,0.00019285714285714286,0.00019476190476190477,0.00019376434696472106,0.0001980952380952381,0.0001938095238095238,0.00019142857142857142,0.00018239552048464813,0.00018882137892990673,0.0001962358309821282,0.00019523809523809525,0.0001923809523809524,0.00019142857142857142,0.0001932700501612396,0.00019333333333333333,0.00018904761904761904,0.00019079856614383247,0.00017571428571428572,0.00018454548250689128,0.00017571428571428572,0.00017904761904761904,0.0001795238095238095,0.0001761904761904762,0.00017857142857142857,0.0001804183332707224,0.00017904761904761904,0.0001880952380952381,0.00018295457317493534,0.00019621215094123499,0.00018285714285714286,0.00018189396695363137,0.00018047619047619048,0.00018142857142857142,0.0001895238095238095,0.00019574153417864677,0.00018169818177289878,0.00019899821120891687,0.0001919047619047619,0.0001932700501612396,0.00019285714285714286,0.00019523809523809525,0.00017893544286027812,0.00019142857142857142
Vector - Min double,0.00016946567472758394,0.00017129773607599025,0.0001740458280985997,0.00017175575141309182,0.00016946567472758394,0.00017267178208729496,0.00017358781276149814,0.0001680916287162792,0.00017312979742439656,0.00017038170540178708,0.0001738095238095238,0.00017496185877280288,0.00017450384343570128,0.00018085396887364865,0.00018047619047619048,0.00018288981728812955,0.0001885389817153051,0.00019142857142857142,0.00019428571428571428,0.00019285714285714286,0.00017992403646724096,0.00019333333333333333,0.00019870731499953536,0.00018931567573338818,0.00019285714285714286,0.00018288981728812955,0.00018,0.00019574153417864677,0.0001823809523809524,0.00018095238095238095,0.00017745255244983383,0.00019428571428571428,0.00017794684925331525,0.00019,0.00019376434696472106,0.00017571428571428572,0.00019468699198863028,0.00019047619047619048,0.0001923809523809524,0.0001938095238095238,0.0001919047619047619,0.0001919047619047619,0.0001898099725368696,0.00018,0.00017312979742439656,0.00018295457317493534,0.00019250002916667108,0.00018931567573338818,0.00018882137892990673,0.0001795238095238095,0.0001780952380952381,0.00017714285714285713,0.00019285714285714286,0.00018056610587400222,0.00019673632874640532,0.0001923809523809524,0.00019621215094123499,0.00018,0.00018095238095238095,0.0001795238095238095,0.00019428571428571428
Vector - Min float,0.00017129773607599025,0.00016843212559143644,0.00017267178208729496,0.0001722137667501934,0.0001722137667501934,0.00017175575141309182,0.00017358781276149814,0.00017175575141309182,0.0001722137667501934,0.00017312979742439656,0.00017450384343570128,0.0001738095238095238,0.00017450384343570128,0.0001819012236811667,0.00017992403646724096,0.000183384114091611,0.00018905131590474887,0.00017587788944700602,0.00019428571428571428,0.00019285714285714286,0.00017904761904761904,0.0001795238095238095,0.00020019020540997965,0.00019523809523809525,0.00019285714285714286,0.00019761904761904763,0.00018095238095238095,0.0001829033056314237,0.0001823809523809524,0.00018,0.00019142857142857142,0.00019428571428571428,0.00017844114605679667,0.0001895238095238095,0.00017904761904761904,0.00019282445691976442,0.00018145566917397103,0.0001804183332707224,0.00017893544286027812,0.00018,0.00017666666666666666,0.0001780952380952381,0.00017904761904761904,0.0001938095238095238,0.00017358781276149814,0.00018239552048464813,0.000193149989420299,0.00018187863725253618,0.00019030426934035102,0.00018295457317493534,0.00017893544286027812,0.00019145041090845967,0.00019285714285714286,0.0001803030576216754,0.00019886366649449493,0.00019142857142857142,0.00019425864376820248,0.00018189396695363137,0.00018,0.00017942973966375954,0.00019428571428571428
Vector - Multiply 2 Vector128's,0.00017129773607599025,0.0001722137667501934,0.0001723809523809524,0.00017267178208729496,0.0001722137667501934,0.00017175575141309182,0.0001738095238095238,0.0001699236900646855,0.0001723809523809524,0.00016946567472758394,0.00017523809523809525,0.0001738095238095238,0.00017450384343570128,0.00017942973966375954,0.0001804183332707224,0.0001819012236811667,0.00018931821050275916,0.00019142857142857142,0.00019476190476190477,0.00019523809523809525,0.0001795238095238095,0.0001938095238095238,0.00019673632874640532,0.00019079856614383247,0.00019476190476190477,0.00018047619047619048,0.00017904761904761904,0.0001804183332707224,0.00018047619047619048,0.0001795238095238095,0.00018961834956005336,0.00019236644158266285,0.00018882137892990673,0.0001909923955713581,0.0001795238095238095,0.0001761904761904762,0.00019833336338384293,0.00019047619047619048,0.00019523809523809525,0.00019524723737516535,0.000186844191715981,0.0001938095238095238,0.0001938095238095238,0.00019030426934035102,0.00018183208882932653,0.00018,0.0001792628514196028,0.0001834848762855873,0.0001896787357528519,0.00018666666666666666,0.0001797727545110234,0.00019142857142857142,0.00019030426934035102,0.00019356063538797505,0.0001858413046827075,0.00019428571428571428,0.00019886366649449493,0.0001895238095238095,0.00017904761904761904,0.00018140692687768526,0.00017904761904761904
Vector - Sum double,0.00017175575141309182,0.00017107074896884796,0.00017428571428571428,0.00017312979742439656,0.00017083972073888865,0.00017358781276149814,0.00017450384343570128,0.00017312979742439656,0.00017358781276149814,0.00017129773607599025,0.00017666666666666666,0.0001761904761904762,0.00017496185877280288,0.00019673012778560964,0.00018047619047619048,0.00018288981728812955,0.0001900759842836364,0.00017714285714285713,0.00019476190476190477,0.00019376434696472106,0.00018,0.0001795238095238095,0.00020047619047619048,0.00018,0.00019476190476190477,0.0002,0.00018091263007420384,0.00019673012778560964,0.00018047619047619048,0.00018,0.0001919047619047619,0.00019571428571428572,0.00018095238095238095,0.00019142857142857142,0.0001947529405716839,0.00019333333333333333,0.00018255207805115516,0.0001761904761904762,0.00018047619047619048,0.0001804183332707224,0.00017857142857142857,0.0001780952380952381,0.0001804183332707224,0.00019425864376820248,0.00017571428571428572,0.00019519932617807404,0.0001932700501612396,0.0001829033056314237,0.00019568184783058301,0.00019519932617807404,0.00018882137892990673,0.00019333333333333333,0.0001947529405716839,0.0001932700501612396,0.00020185967064084297,0.00019333333333333333,0.0001972486629358491,0.00018142857142857142,0.00018285714285714286,0.0001838095238095238,0.00019571428571428572
Vector - Sum sbyte,0.00018142857142857142,0.0001781679661325139,0.00018333333333333334,0.00018285714285714286,0.00018285714285714286,0.00018285714285714286,0.00018285714285714286,0.00017992403646724096,0.00018333333333333334,0.00018285714285714286,0.0001848670045020553,0.00018428571428571428,0.00018428571428571428,0.00019187155350722013,0.00018956365009419263,0.00019263765523085523,0.00020009462008610098,0.00020216739262390537,0.00020513317344479396,0.00020463887664131254,0.00019030426934035102,0.00018956365009419263,0.00020749534672472438,0.00019030426934035102,0.00020463887664131254,0.00019079856614383247,0.00019058831847308018,0.00020698301253528061,0.0001898099725368696,0.00019079856614383247,0.00020167309582042395,0.0001885389817153051,0.0001900759842836364,0.0001887879073921072,0.00020365028303434966,0.0001861904761904762,0.00020773592744751979,0.00020216739262390537,0.0002041445798378311,0.0002056274702482754,0.00020315598623086824,0.00020390900739861804,0.00020463887664131254,0.00018931567573338818,0.00018476190476190478,0.0001935849787113127,0.0002039320511562454,0.0001916129868519677,0.00018931567573338818,0.0001935849787113127,0.0001883270821264253,0.00018783278532294388,0.00020612176705175683,0.0001896787357528519,0.00021053033492883863,0.0001883270821264253,0.00020647067834583685,0.0001898099725368696,0.0001912928629473139,0.0001900759842836364,0.00019079856614383247
Vector - Sum short,0.00017857142857142857,0.0001767939201212092,0.00017992403646724096,0.00018000002748092022,0.0001763359047841076,0.0001786259814696155,0.0001819047619047619,0.00017857142857142857,0.00018,0.0001780952380952381,0.00018142857142857142,0.00018137407349222496,0.00018142857142857142,0.0001882576042814552,0.00020315598623086824,0.00018931567573338818,0.0001973535978931407,0.00018437270769857385,0.00020019020540997965,0.0001995238095238095,0.00020513317344479396,0.00019904761904761904,0.00020204548515840684,0.00020315598623086824,0.00020167309582042395,0.0001883270821264253,0.00020365028303434966,0.00020266168942738682,0.00020315598623086824,0.00020216739262390537,0.0002,0.00020216739262390537,0.00019870731499953536,0.00019870731499953536,0.00020216739262390537,0.00018333333333333334,0.0001896787357528519,0.00018536130130553672,0.000186844191715981,0.000186844191715981,0.00018546497657864254,0.0001848670045020553,0.0001883270821264253,0.0001883270821264253,0.000193149989420299,0.00018751431333641758,0.00020204548515840684,0.00018783278532294388,0.00018733848851946243,0.0001882576042814552,0.00018638950912129956,0.00019524723737516535,0.00020167309582042395,0.00018529310024411545,0.0002088658911035739,0.0002,0.00020448025559483744,0.0002041445798378311,0.0002041445798378311,0.0001912928629473139,0.00020216739262390537
Vector - Sum uint,0.00017312979742439656,0.00017450384343570128,0.0001780952380952381,0.00019419850293106916,0.00017312979742439656,0.00017725193545831076,0.00017761904761904763,0.00017267178208729496,0.0001761904761904762,0.00017476190476190475,0.0001780952380952381,0.00017770995079541233,0.0001780952380952381,0.00018529310024411545,0.00018437270769857385,0.00020216739262390537,0.0002115909411501426,0.0001961904761904762,0.00019761904761904763,0.00019571428571428572,0.00018437270769857385,0.00019714285714285713,0.00020365028303434966,0.00019376434696472106,0.00019761904761904763,0.0001848670045020553,0.00018476190476190478,0.00019969590860649823,0.0001861904761904762,0.00018428571428571428,0.00019476190476190477,0.00019920161180301678,0.0001819047619047619,0.0001962358309821282,0.00019821301819605394,0.00018,0.00018529310024411545,0.00019476190476190477,0.00019714285714285713,0.00019571428571428572,0.0001961904761904762,0.0001962358309821282,0.00019761904761904763,0.00018523809523809525,0.0001880952380952381,0.00018387841089509242,0.0001993939696051469,0.00018748591799848366,0.00019079856614383247,0.00018387841089509242,0.0001819012236811667,0.00019666666666666666,0.00019722442458909107,0.00018295457317493534,0.00019981139615524382,0.00019714285714285713,0.0002004545758264509,0.0001863498949124996,0.00018666666666666666,0.00018585559810901814,0.00019920161180301678
WebSocket - PartialReceive_100KB,0.01,0.01,0.01,0.01,0.01,0.01,0.01,0.01,0.01,0.01,0.01,0.01,0.01,0.01,0.01,0.01,0.01,0.04,0.01,0.01,0.01,0.01,0.01,0.01,0.01,0.01,0.01,0.01,0.02,0.01,0.02,0.01,0.01,0.01,0.01,0.01,0.01,0.01,0.01,0.01,0.01,0.01,0.01,0.01,0.01,0.01,0.01,0.01,0.01,0.01,0.01,0.01,0.01,0.01,0.02,0.02,0.01,0.01,0.01,0.01,0.02
WebSocket - PartialReceive_10KB,0.013972055888223553,0.013972055888223553,0.013972055888223553,0.013972055888223553,0.013972055888223553,0.011976047904191617,0.013972055888223553,0.013972055888223553,0.013972055888223553,0.011976047904191617,0.011976047904191617,0.011976047904191617,0.013972055888223553,0.013972055888223553,0.011976047904191617,0.011976047904191617,0.013972055888223553,0.03992015968063872,0.011976047904191617,0.013972055888223553,0.011976047904191617,0.013972055888223553,0.013972055888223553,0.011976047904191617,0.013972055888223553,0.011976047904191617,0.013972055888223553,0.011976047904191617,0.013972055888223553,0.013972055888223553,0.011976047904191617,0.011976047904191617,0.011976047904191617,0.011976047904191617,0.011976047904191617,0.013972055888223553,0.013972055888223553,0.013972055888223553,0.011976047904191617,0.011976047904191617,0.011976047904191617,0.013972055888223553,0.011976047904191617,0.013972055888223553,0.013972055888223553,0.011976047904191617,0.011976047904191617,0.013972055888223553,0.011976047904191617,0.013972055888223553,0.013972055888223553,0.013972055888223553,0.013972055888223553,0.011976047904191617,0.013972055888223553,0.013972055888223553,0.011976047904191617,0.013972055888223553,0.013972055888223553,0.013972055888223553,0.011976047904191617
WebSocket - PartialReceive_1B,0.010246343341031562,0.010153964588144727,0.00997690531177829,0.00993841416474211,0.010046189376443419,0.01,0.009892224788298692,0.009399538106235566,0.010192455735180909,0.009107005388760586,0.009076212471131639,0.009176289453425713,0.009361046959199384,0.009368745188606621,0.008976135488837567,0.00939183987682833,0.009199384141647421,0.03515011547344111,0.009260969976905311,0.009461123941493456,0.009491916859122401,0.009491916859122401,0.009792147806004618,0.00918398768283295,0.009083910700538876,0.00918398768283295,0.009122401847575057,0.008953040800615859,0.009438029253271748,0.009376443418013856,0.009337952270977674,0.008953040800615859,0.009276366435719784,0.008714395688991532,0.009168591224018476,0.009060816012317167,0.00918398768283295,0.009091608929946112,0.00909930715935335,0.009014626635873749,0.009130100076982294,0.008937644341801386,0.008914549653579677,0.009060816012317167,0.009284064665127021,0.008891454965357967,0.008829869130100077,0.00896843725943033,0.009353348729792148,0.00939183987682833,0.009353348729792148,0.009230177059276366,0.009130100076982294,0.009083910700538876,0.009022324865280986,0.009376443418013856,0.009091608929946112,0.00916089299461124,0.009030023094688222,0.009207082371054658,0.008814472671285604
WebSocket - PartialSend_1B,0.00597211155378486,0.0058565737051792825,0.0059681274900398405,0.005908366533864542,0.005876494023904382,0.006,0.00603187250996016,0.005525896414342629,0.005908366533864542,0.0056215139442231075,0.005541832669322709,0.005338645418326693,0.005462151394422311,0.005581673306772908,0.0054103585657370515,0.0053944223107569725,0.005378486055776893,0.030119521912350598,0.005689243027888446,0.005653386454183267,0.005784860557768924,0.005370517928286853,0.0057290836653386456,0.005466135458167331,0.0055219123505976095,0.005486055776892431,0.005597609561752988,0.005561752988047809,0.005589641434262948,0.005573705179282869,0.005250996015936255,0.005195219123505976,0.005258964143426295,0.005187250996015936,0.005235059760956175,0.005231075697211155,0.005398406374501992,0.005298804780876494,0.005402390438247012,0.005095617529880478,0.005239043824701195,0.005239043824701195,0.005258964143426295,0.005258964143426295,0.0052828685258964145,0.0050677290836653385,0.005047808764940239,0.005266932270916335,0.00549402390438247,0.005342629482071713,0.005314741035856573,0.005466135458167331,0.005262948207171315,0.005306772908366533,0.0050717131474103585,0.005274900398406375,0.005254980079681275,0.005298804780876494,0.005235059760956175,0.005191235059760956,0.005254980079681275
WebSocket - PartialSend_1MB,2.536363636363636,2.581818181818182,2.5090909090909093,2.7818181818181817,2.536363636363636,2.5454545454545454,2.518181818181818,2.8,2.7636363636363637,2.4909090909090907,2.5090909090909093,2.4909090909090907,2.5545454545454547,2.390909090909091,2.3363636363636364,2.390909090909091,2.4909090909090907,8.963636363636363,2.481818181818182,2.409090909090909,2.463636363636364,2.5272727272727273,2.290909090909091,2.4545454545454546,2.5636363636363635,2.5727272727272728,2.272727272727273,2.5,2.6454545454545455,2.4272727272727272,2.4909090909090907,2.618181818181818,2.618181818181818,2.581818181818182,2.5727272727272728,2.6545454545454548,2.4545454545454546,2.272727272727273,2.1272727272727274,2.2636363636363637,2.3727272727272726,2.1636363636363636,1.8636363636363635,2.1363636363636362,2.0454545454545454,2.272727272727273,2.518181818181818,2.4,2.5727272727272728,2.4909090909090907,2.4545454545454546,2.3545454545454545,2.7545454545454544,2.3636363636363638,2.690909090909091,2.3363636363636364,2.4454545454545453,2.3181818181818183,2.4545454545454546,2.3545454545454545,2.463636363636364
WebSocket - PartialSend_64KB,0.159,0.1775,0.17575,0.17125,0.17625,0.16775,0.17225,0.176,0.17375,0.1845,0.17475,0.17275,0.17275,0.16875,0.1675,0.15575,0.1635,1.20275,0.1645,0.16025,0.16475,0.1595,0.16175,0.168,0.17175,0.172,0.154,0.16575,0.18325,0.18025,0.174,0.178,0.17225,0.174,0.16975,0.17125,0.16825,0.1725,0.15525,0.17525,0.162,0.16075,0.14375,0.1505,0.1615,0.161,0.167,0.1705,0.16425,0.17125,0.16,0.17075,0.17725,0.15475,0.1585,0.17025,0.16375,0.158,0.16675,0.16575,0.1645
