Task - Measurement,5/24/2022,5/26/2022,5/26/2022,5/28/2022,5/29/2022,5/29/2022,5/30/2022,6/22/2022,6/23/2022,6/24/2022,6/25/2022,6/26/2022,6/27/2022,6/28/2022,6/29/2022,6/30/2022,7/1/2022,7/2/2022,7/3/2022,7/4/2022,7/5/2022,7/6/2022,7/7/2022,7/8/2022,7/9/2022,7/11/2022,7/11/2022,7/11/2022,7/11/2022,7/11/2022,7/11/2022,7/12/2022,7/13/2022,7/14/2022,7/15/2022,7/16/2022,7/17/2022,7/18/2022,7/19/2022,7/21/2022,7/21/2022,7/22/2022,7/23/2022,7/24/2022,7/25/2022,7/26/2022,7/27/2022,7/28/2022,7/29/2022,7/30/2022,7/31/2022,8/2/2022,8/2/2022,8/3/2022,8/5/2022,8/6/2022,8/7/2022,8/8/2022,8/9/2022,8/10/2022,8/12/2022,8/12/2022,8/12/2022,8/12/2022,8/12/2022,8/12/2022,8/12/2022,8/13/2022,8/14/2022,8/16/2022,8/16/2022,8/17/2022,8/17/2022,8/17/2022,8/18/2022,8/19/2022,8/20/2022,8/21/2022,8/22/2022,8/23/2022,8/24/2022,8/25/2022,8/26/2022,8/27/2022,8/27/2022,8/29/2022,8/30/2022,8/31/2022,8/31/2022,9/1/2022,9/3/2022,9/4/2022,9/5/2022,9/6/2022,9/6/2022,9/7/2022,9/8/2022,9/9/2022,9/9/2022,9/9/2022,9/10/2022,9/11/2022,9/12/2022,9/14/2022,9/14/2022,9/15/2022,9/16/2022,9/17/2022,9/18/2022,9/19/2022,9/20/2022,9/20/2022,9/21/2022
AppStart - Page show,37.58741258741259,36.710144927536234,36.794117647058826,36.9645390070922,37.286764705882355,37.3134328358209,36.7463768115942,37.84285714285714,37.669117647058826,38.14414414414414,37.34965034965035,37.26618705035971,37.97761194029851,37.51748251748252,37.836879432624116,38.0863309352518,38.05594405594405,37.94915254237288,38.849624060150376,37.97037037037037,38.05691056910569,38.87903225806452,37.906976744186046,38.0722891566265,36.618705035971225,38.584,37.774436090225564,38.036764705882355,37.05263157894737,37.63970588235294,37.34615384615385,37.17293233082707,38.19767441860465,38.16935483870968,36.824561403508774,36.08108108108108,35.70198675496689,37.15909090909091,36.22377622377623,38.12173913043478,36.5948275862069,38.148936170212764,38.67479674796748,38.11888111888112,37.78313253012048,37.12765957446808,38.16438356164384,37.81294964028777,38.15384615384615,37.73728813559322,37.39160839160839,36.898648648648646,37.83720930232558,38.55244755244755,38.094202898550726,37.666666666666664,37.770114942528735,37.5,36.41830065359477,36.641379310344824,34.564935064935064,36.12582781456954,36.83448275862069,36.40816326530612,34.276923076923076,34.86013986013986,34.72549019607843,34.50574712643678,34.42675159235669,36.863945578231295,34.144654088050316,35.71527777777778,36.35251798561151,34.95364238410596,34.88,37.04,35.94405594405595,36.493506493506494,37.1484375,36.82312925170068,36.416666666666664,36.61029411764706,36.205673758865245,36.608695652173914,36.78358208955224,36.666666666666664,35.5,37.114285714285714,43.60162601626016,43.22522522522522,43.724137931034484,43.026315789473685,43.491379310344826,43.36607142857143,38.67625899280576,38.764227642276424,38.7563025210084,37.67175572519084,38.6,37.256,38.054263565891475,37.3515625,37.92307692307692,38.192,39.510791366906474,37.74242424242424,38.03703703703704,39.184,38.346774193548384,37.492753623188406,37.48888888888889,37.27272727272727,37.896
AppStart - Reach managed,391.4,382.0625,380.75,380.93333333333334,377.4375,380.5625,386,422.85714285714283,420.07142857142856,431.7857142857143,435.35714285714283,434.85714285714283,425.57142857142856,424.57142857142856,440.35714285714283,442.07142857142856,438.42857142857144,437.7857142857143,436.57142857142856,435.64285714285717,437.07142857142856,439.07142857142856,433.2857142857143,428.2857142857143,408.1333333333333,435.85714285714283,433.42857142857144,438.35714285714283,437.92857142857144,959.875,965.875,955.625,980.875,985.875,919.875,961.375,957.75,963.625,958.875,985.75,957,989.25,987.875,983.25,993.625,1004.8571428571429,1013.1428571428571,1021.1428571428571,1013,1003.7142857142857,1012,985,980.125,972.125,978.25,968.125,962.625,970.625,988.25,971.5,936.5,980.25,981,982.625,968.5,977.25,974.5,977.125,984.25,1015.7142857142857,977.25,1019.8571428571429,1023.1428571428571,977.25,978.125,994.2857142857143,989.375,999.4285714285714,992,1000.5,1116,1021.5714285714286,1016.1428571428571,1009.1428571428571,1017,1035.7142857142858,1027.7142857142858,965.25,997.375,994.625,1073.142857142857,1074.4285714285713,1075.5714285714287,1073.142857142857,996.25,1088,996.25,1089.2857142857142,1093.2857142857142,1000.125,1002.8571428571429,1019.2857142857143,1037.5714285714287,1039.2857142857142,1043.5714285714287,1031,1036.857142857143,1030,1040.5714285714287,1038,1121.2857142857142,1033.2857142857142,1036.142857142857
Exceptions - NoExceptionHandling,0.0004620413148008662,0.0005108958805017692,0.000511380126044143,0.0005108958805017692,0.0005146384540387576,0.0005231293662766004,0.000511380126044143,0.00047126779684466755,0.0004717001526215893,0.0004721985016894838,0.0004717001526215893,0.00047126779684466755,0.00047176568913064835,0.00047126779684466755,0.00047126779684466755,0.00047176568913064835,0.00047126779684466755,0.0004721985016894838,0.00047176568913064835,0.00047176568913064835,0.0004721985016894838,0.00047176568913064835,0.00047126779684466755,0.0004721985016894838,0.0004963184113506721,0.0004871540644549755,0.0004931888536660371,0.0004935842895883374,0.0004936319703359977,0.0004931888536660371,0.0004936319703359977,0.0004936319703359977,0.000489157524659294,0.0004948122791972708,0.0004503716733621073,0.0004915023811447787,0.0004900428776451027,0.0004936319703359977,0.00048808576905915406,0.0004967959577772801,0.0004972726370228687,0.000492471678429785,0.0004927908819049495,0.0004934379879497718,0.0004972726370228687,0.0004977218444637204,0.0004967959577772801,0.00048764486050535173,0.0004956270818118665,0.0004910166573076319,0.0004910166573076319,0.0005080153786846261,0.0005114416413885166,0.0005114416413885166,0.0005215924257685758,0.0005090254121148048,0.0005076044081624585,0.0005085397355683302,0.0005094754787921831,0.0005061820112149131,0.0005109894383457328,0.0005107488602484207,0.0005061820112149131,0.0005080536156033103,0.0005183240944973299,0.0005066303566632877,0.0005080536156033103,0.0005071552007216068,0.0005066690481757446,0.0005080536156033103,0.0005080536156033103,0.000495942330387279,0.0005155424951456785,0.000515963671816355,0.000508502823044162,0.0005164158748591388,0.0005116778231332333,0.0005183240944973299,0.0005169015958770987,0.000514574102962709,0.0005075666018483322,0.0005163812113137633,0.0005145395796031095,0.0005154776571382362,0.0005159294342259997,0.0005178068526124352,0.0005159294342259997,0.0005089893728234746,0.0005159294342259997,0.000493141613095433,0.0004926989366025288,0.0004941215503529376,0.0004936319703359977,0.0004936319703359977,0.0004926989366025288,0.0004922080328527855,0.0004926989366025288,0.0005164313615166194,0.0004931888536660371,0.0004926989366025288,0.0004926989366025288,0.0004978101248084276,0.0004926989366025288,0.0004956270818118665,0.0004926989366025288,0.0004922080328527855,0.0004926989366025288,0.000493141613095433,0.000493141613095433,0.0004926989366025288,0.0005055961204249312,0.0004922080328527855,0.0004978101248084276
Exceptions - TryCatch,0.0004762284786365119,0.0005262857338647967,0.0005258288886097057,0.0005258288886097057,0.000534113709925453,0.00053377985098301,0.0005258288886097057,0.0004860606321157105,0.00048699452361703876,0.0004908861438063899,0.00048649931499668135,0.00048649931499668135,0.00048655539419989083,0.0004860606321157105,0.0004860606321157105,0.00048649931499668135,0.00048649931499668135,0.00048649931499668135,0.00048649931499668135,0.00048649931499668135,0.00048655539419989083,0.00048699452361703876,0.0004860606321157105,0.00048649931499668135,0.0005142936844099502,0.0005092316356076144,0.0005075666018483322,0.0005076044081624585,0.0005071178250120385,0.0005071178250120385,0.0005076044081624585,0.0005075666018483322,0.0005101615103320176,0.00051792826875207,0.00046619683038147554,0.0005120220691961254,0.0005197734460797577,0.0005080536156033103,0.0005115677461533603,0.0005120621356677905,0.0005116069693249746,0.0005116069693249746,0.0005115880374800764,0.0005206542070086598,0.0005206829359241667,0.0005124975273244855,0.000511133292557872,0.0005115880374800764,0.0005211376808463712,0.0005188896308100277,0.0005220757952097383,0.0005383774379854478,0.0005313934418719708,0.0005268324622333569,0.0005346993683834976,0.0005384016098668307,0.0005355442261867371,0.00053377985098301,0.0005356405759700777,0.0005290792190863955,0.0005350857122944539,0.0005318761150484718,0.0005323346289407549,0.0005278176465959443,0.000529561050693102,0.0005346001264349914,0.0005342396096832538,0.0005281867573089503,0.0005350857122944539,0.0005374328897904287,0.00053377985098301,0.0005103756121469396,0.0005220773457587742,0.0005290792190863955,0.0005352183838525398,0.0005314403410029628,0.0005239260304742048,0.0005295369000717643,0.0005300191484878192,0.0005276562696300695,0.0005297082263641372,0.0005304772462825364,0.0005276562696300695,0.0005304522620425021,0.0005299945810571333,0.0005323346289407549,0.0005304772462825364,0.000537917679285204,0.0005304522620425021,0.0005066690481757446,0.0005071178250120385,0.0005085397355683302,0.0005071178250120385,0.0005129519238838584,0.0005071178250120385,0.0005066303566632877,0.0005071178250120385,0.0005239260304742048,0.0005075666018483322,0.0005066303566632877,0.0005071178250120385,0.0005113121621566831,0.0005066303566632877,0.0005109598862606003,0.0005071178250120385,0.0005066690481757446,0.0005066303566632877,0.0005061820112149131,0.0005071178250120385,0.0005071178250120385,0.0005204260334174092,0.0005071178250120385,0.0005113468036090082
Exceptions - TryCatchFilter,0.000453438753100346,0.0004996249881282068,0.0004992341471987714,0.0004992341471987714,0.0005018153236420361,0.000506511456349916,0.000498724134751578,0.00046295397904786724,0.0004631015482117985,0.0004632240294464485,0.0004632240294464485,0.00046334651068109854,0.00046307450859200884,0.0004623571717041469,0.00046464139266584956,0.0004631015482117985,0.0004629249194831984,0.0004629249194831984,0.00046295397904786724,0.0004632240294464485,0.00046307450859200884,0.00046307450859200884,0.0004626877653236271,0.0004632240294464485,0.00047500200957377887,0.0004736723026954662,0.0004803455510672257,0.00048050552922590837,0.0004840671703514761,0.00048050552922590837,0.0004803791469194313,0.00048050552922590837,0.0004735888365430404,0.0004743127962085308,0.00043553361405271204,0.00047444229289220766,0.0004740865652204372,0.00048088467614533964,0.0004745706245916646,0.0004761745323620849,0.00047919056577211346,0.000474124859330302,0.00047400237809565196,0.00047721677484057926,0.0004758539415862337,0.00048329718015473465,0.0004746111686443435,0.0004753496716768024,0.00047487172926396706,0.0004742109973897864,0.00048442338072669826,0.000509826224328594,0.0005025405057691112,0.0005050236966824645,0.0005043235823722919,0.0005150078988941548,0.0005019905213270142,0.0005038302520678408,0.0005149951099205922,0.0005029548285094507,0.0005045756399010547,0.0005026224328593997,0.0005038258536948951,0.00050344525696947,0.000499346295598324,0.0005102468370406864,0.0005062875197472354,0.0005128134710298247,0.0005093008691462597,0.0005032036928481491,0.0005037598736176935,0.0004906757742004341,0.000483433433163705,0.0004999683998414603,0.0005051500789889416,0.0005013156934226107,0.00048612802032600586,0.0005013156934226107,0.0005014381746572608,0.00049898854996426,0.0005135834612265661,0.0005015606558919108,0.0004987435874949599,0.0005018056183612109,0.0005020505808305109,0.0005040102805849116,0.0005019280995958609,0.0004938443381089584,0.000501834938985308,0.0004791699794138332,0.00047893282525426185,0.0004804743272914754,0.00047946652659526577,0.0004793915524202537,0.0004791699794138332,0.00047869567109469057,0.0004790514023340475,0.0004819976470222393,0.0004966008101423245,0.00047869567109469057,0.0004790514023340475,0.0004839261197285048,0.00047893282525426185,0.0004816360583898145,0.0004790514023340475,0.00047893282525426185,0.0004790514023340475,0.0004791699794138332,0.0004791699794138332,0.0004790514023340475,0.00048367839563300506,0.00048284135383123045,0.00048260029474294725
Exceptions - TryCatchFilterInline,0.00038297029702970297,0.0004210682534230292,0.0004206330407579925,0.0004203324216158566,0.0004248517519659284,0.000425883780513214,0.0004205242375917333,0.000390956268734373,0.000390956268734373,0.0003908552986236461,0.000390956268734373,0.00039102932009686903,0.000390956268734373,0.000390956268734373,0.0003925717905060026,0.00039105723884509983,0.0003908552986236461,0.00039105723884509983,0.0003913381087150029,0.000390956268734373,0.000390956268734373,0.000390956268734373,0.00039055238829146556,0.00039092639055749107,0.0003985459980073788,0.0003975262330602954,0.0004021457103496887,0.00040235108971485307,0.0004022462015267105,0.0004022754365489832,0.0004024891286799521,0.00040235108971485307,0.00039788415799991186,0.00039789474786412044,0.00036591568127411353,0.0003989812106724155,0.00039885636245348054,0.0004024629119927093,0.00039864267032251163,0.00040006924233500733,0.0004035199109460862,0.00039885636245348054,0.000398734196142446,0.0003989557151403029,0.0003987636043398972,0.0003988449556413745,0.0003987495163879961,0.0003999604391687482,0.000398654801173638,0.00039843719484111966,0.0003988449556413745,0.00041818920612437936,0.00042620895521750175,0.0004211076149259944,0.0004283580655623943,0.0004373892612684776,0.00042609179237777496,0.00043151900782526935,0.00043993672974383213,0.00042409812139706274,0.00041601267797528534,0.0004259952630865328,0.0004151266019838577,0.00042609179237777496,0.00042357072624699035,0.0004228797669088497,0.00041833862745278296,0.000415016846956282,0.0004290108845599494,0.0004164859632584161,0.0004166073236064028,0.00040465862985398935,0.00041850387068880705,0.0004246062642352349,0.0004262025518767034,0.0004244994181697504,0.00040461601929475975,0.00042585559273843315,0.00042596439590469236,0.00042364464964587473,0.00041634495647207073,0.00042585559273843315,0.0004232172653839369,0.0004254610327591105,0.00042585559273843315,0.0004278140497310984,0.000425567878824595,0.00043860761575669063,0.00042542038007339645,0.0004016310626527989,0.00040216859048349874,0.0004035575893347967,0.000403085307031851,0.0004011164149559091,0.00040173399219217687,0.0004011973196452849,0.00040173399219217687,0.00040410137159786996,0.0004015119842097126,0.00040132227403466504,0.0004016310626527989,0.0004067563936168405,0.00040183692173155483,0.0004038781275312501,0.00040173399219217687,0.00040161687239785517,0.0004016310626527989,0.0004016310626527989,0.0004018266487741403,0.00040193153696228286,0.0004018266487741403,0.00040539284717098725,0.0004052879589828447
Exceptions - TryCatchFilterThrow,0.01073767583345369,0.011051776263295439,0.010602087529108883,0.010912300990989195,0.01106199949892745,0.010865667553819292,0.010749666645785418,0.010428581625848955,0.01107739720512126,0.01055329095120423,0.010987373966754473,0.010870172844403971,0.011144935666921117,0.011088059351357692,0.010729740098678634,0.010944085900749712,0.010824241270092218,0.010772934322507897,0.010981923880461441,0.010564955630004615,0.010777456362675646,0.010667528115415199,0.010330983072228508,0.010532832222130379,0.010719239683917562,0.010859279058007657,0.01091607419527664,0.010912300990989195,0.01111199184481554,0.010697620470909431,0.010942145582054301,0.010667184554586694,0.01069369354944877,0.010810781655651523,0.00978595295596652,0.010651269291025995,0.010807162168469655,0.01086289099183703,0.010650807692171053,0.010933217890917786,0.010880079114723568,0.010759457448635037,0.010612691855070093,0.01098537224365039,0.01096717851684739,0.010683220075046235,0.010805387951183378,0.010799089506145115,0.010768562900031572,0.010866380417364504,0.010613297482711712,0.01064663153396952,0.010870114859495773,0.010906862967239533,0.011136131539699216,0.011027578990809438,0.010909788062174217,0.01096899788952769,0.011098265045979314,0.010578056231370907,0.0110233896285391,0.010785570244230339,0.011016902795251901,0.011090912767048556,0.010732630343959252,0.010789155276719696,0.011114090705380168,0.010774848394543998,0.01071627893707351,0.01106565696280542,0.011103469146331398,0.010799910374187765,0.0106827814310735,0.01094855448265361,0.01118960440120745,0.011144493422906816,0.01099000990828023,0.010877066506786166,0.010938517549699508,0.01121438880376765,0.010890906859737391,0.010781123960468613,0.011163329685186378,0.01094674180807039,0.010707164221620852,0.010683798668169391,0.011173503835184824,0.011127227746464873,0.010782920515036263,0.010405277384253023,0.011171405325607165,0.011009839121980352,0.011074483087009871,0.010979275890613881,0.010885445529590419,0.010779247530427463,0.010903539228920185,0.0112000088610586,0.011122862845002805,0.011001746597773088,0.010996457443909528,0.012042331804923602,0.010928744153719175,0.011013256021734771,0.01058543732614189,0.01109096569785543,0.01092763345263513,0.01123724662428365,0.010953992506403273,0.011127674161702347,0.011191257878214192,0.010591811280878816,0.011027578990809438
Exceptions - TryCatchFilterThrowApplies,0.008070281392425509,0.008365322677019846,0.008025067382016103,0.008119201206134886,0.00834889420552022,0.008167199817205529,0.008060221510919752,0.0076844582070230765,0.008195064033348102,0.007708053870230667,0.008098382875436324,0.008138991340831486,0.008352575656544186,0.00835803581057645,0.007929972841029306,0.008074465616670157,0.007990234936758588,0.007846070730997797,0.008073050781272106,0.007855512750867037,0.007921559551808701,0.007843072206302933,0.0076380688910630545,0.007813467737273696,0.00795920159825341,0.008036593947923998,0.008222309215611203,0.008071757742788082,0.008261918939988896,0.00786364345591596,0.008095688147640903,0.007750190886354665,0.00793520646823555,0.008075880452068206,0.007280682552655746,0.00793520646823555,0.008095688147640903,0.008022540724306358,0.00781168456615486,0.008095735463928892,0.00801689243698658,0.007935424749946383,0.007739263581615356,0.008105591995427252,0.008116814068955348,0.00801829546331437,0.008050628126705716,0.008060462647118622,0.008019719239601401,0.007977598879943997,0.00786809932679734,0.007751556799447079,0.007977598879943997,0.008108376058691896,0.008075993403664128,0.008209764711606435,0.0080013314573584,0.008130717243890228,0.008119649637189044,0.007757801756272548,0.008125320773656438,0.007983149791749999,0.008112624989377674,0.008115311796580727,0.007921309434140565,0.007973237388384445,0.008142277680479822,0.007914241330914128,0.007832736461656616,0.00808164095149886,0.008085784299854555,0.007980215541183663,0.00789162336629005,0.0080042002100105,0.008235214828262144,0.008098517818437003,0.008150062835599223,0.00788193699708717,0.007952230848911796,0.008150722298625871,0.007940891277401153,0.007914360917093074,0.008087199135252604,0.007918806822863734,0.007860689655172413,0.007743864335338733,0.008288377076749856,0.008222643896268185,0.00784551724137931,0.00777109311288915,0.008090082017375868,0.008094347934127001,0.008051902183053584,0.008077423790711174,0.007981692264059473,0.007878620689655173,0.007950629581350312,0.008323975132269007,0.008180198327724366,0.00820848581884721,0.008170538843125654,0.0088582077735417,0.008029477390202608,0.008057640854219481,0.007834771514411535,0.008042191307523226,0.007952020767628765,0.008201473780418142,0.008060516571892311,0.00811974034940775,0.008159308765047673,0.007759164687009771,0.008350004722367708
Exceptions - TryCatchThrow,0.007811316790169612,0.007901619429829792,0.007641317241908619,0.007901619429829792,0.007915951876394541,0.007705815373218279,0.007653435630486096,0.007351951592175159,0.007825418188809843,0.007606409889943247,0.007780869483482412,0.007796143441290224,0.007887117018470932,0.008092858476844805,0.007538336724786871,0.007706870613551772,0.007564699844707042,0.0077017438038373175,0.007729237850468558,0.007639471631139125,0.007694966486164106,0.007665122466141393,0.007336466437607783,0.007552702963896054,0.007521183591123066,0.0075822423856578055,0.0077599058670509875,0.007783786154179263,0.007886708293674164,0.007796156124173382,0.007824897700768238,0.007427999438505165,0.007600967274244718,0.007770872444104073,0.0068722902469794634,0.007411046800374414,0.007767341535543672,0.007667757498060119,0.0075021538869375045,0.007725516619301973,0.007764926437179958,0.007612225239107975,0.007524500458989214,0.007790098083857391,0.007865188729972451,0.007426683199627614,0.007515408575783683,0.007435806531964611,0.0074987327393795595,0.007822424649829202,0.007448363018838119,0.007411325201183669,0.007713136496004662,0.0077851368854177224,0.007970354797199989,0.007764926437179958,0.007715807239896795,0.007907412400045583,0.007767342271433108,0.007533016797669872,0.007893527083543565,0.007592744619933916,0.007769881837953151,0.007876589804207676,0.00759701594688933,0.0075440973997343745,0.007987345560736553,0.00769596341032456,0.007750325026790911,0.007815804652951355,0.00794784720879341,0.007814302271609194,0.007595617306077029,0.008021938342327924,0.00782953827560634,0.008109725148371107,0.007793900105311899,0.008043630473844493,0.007827231111832924,0.008167694443180266,0.007743155995996436,0.007907412400045583,0.008072946418370844,0.007755772394465556,0.007512002484096211,0.007610927747016286,0.007876401928971238,0.008008324405669323,0.007555881764195636,0.00746942590471677,0.007982775476780038,0.007798586480533649,0.007839971934517529,0.007799669908780509,0.007875543249195418,0.007598784194528876,0.0076736329447818896,0.007992524155834027,0.007940617507951029,0.007655682582380632,0.007902056965783368,0.008553768681933173,0.007704632776910149,0.007875643099443084,0.00754099668834537,0.007792832890978281,0.007852885434119812,0.008039201960098006,0.007883917505363991,0.008030801540077005,0.007858643407868543,0.007564699844707042,0.00788916629734945
JSInterop - JSExportInt,N/A,N/A,N/A,N/A,N/A,N/A,N/A,N/A,N/A,N/A,N/A,N/A,N/A,N/A,N/A,N/A,N/A,N/A,N/A,N/A,N/A,N/A,N/A,N/A,N/A,N/A,N/A,N/A,N/A,N/A,N/A,N/A,N/A,N/A,N/A,N/A,N/A,N/A,N/A,N/A,N/A,N/A,N/A,N/A,N/A,N/A,N/A,N/A,N/A,N/A,N/A,N/A,N/A,N/A,N/A,N/A,N/A,N/A,N/A,N/A,N/A,N/A,N/A,N/A,N/A,N/A,N/A,N/A,N/A,N/A,N/A,N/A,N/A,N/A,N/A,N/A,N/A,N/A,N/A,N/A,12.804568527918782,13.386842105263158,12.662531017369727,11.853488372093024,12.816120906801007,12.964735516372796,13.352480417754569,N/A,12.819796954314722,12.081885856079404,13.688172043010752,13.64516129032258,13.421052631578947,11.718535469107552,13.244031830238727,12.687657430730479,12.635235732009926,12.233173076923077,12.916243654822335,12.447941888619855,12.13365155131265,13.097186700767264,12.814720812182742,14.3109243697479,13.502673796791443,12.213942307692308,13.43157894736842,13.437665782493369,13.969780219780219,12.7425,13.257894736842106,13,13.506631299734748
JSInterop - JSExportString,N/A,N/A,N/A,N/A,N/A,N/A,N/A,N/A,N/A,N/A,N/A,N/A,N/A,N/A,N/A,N/A,N/A,N/A,N/A,N/A,N/A,N/A,N/A,N/A,N/A,N/A,N/A,N/A,N/A,N/A,N/A,N/A,N/A,N/A,N/A,N/A,N/A,N/A,N/A,N/A,N/A,N/A,N/A,N/A,N/A,N/A,N/A,N/A,N/A,N/A,N/A,N/A,N/A,N/A,N/A,N/A,N/A,N/A,N/A,N/A,N/A,N/A,N/A,N/A,N/A,N/A,N/A,N/A,N/A,N/A,N/A,N/A,N/A,N/A,N/A,N/A,N/A,N/A,N/A,N/A,185.63888888888889,188.22222222222223,184.88888888888889,185.52777777777777,185.27777777777777,185.61111111111111,183.35135135135135,N/A,187.6,190.96666666666667,190.8,186.43333333333334,193.79310344827587,190.03333333333333,189.13333333333333,189.36666666666667,190.13333333333333,184.06451612903226,189.46666666666667,192.86206896551724,188.26666666666668,202.21428571428572,190.26666666666668,189.6,188.82758620689654,182.48387096774192,190.5,191.13333333333333,190.56666666666666,192.10344827586206,191.83333333333334,189.6,189.96666666666667
JSInterop - JSImportFail,N/A,N/A,N/A,N/A,N/A,N/A,N/A,N/A,N/A,N/A,N/A,N/A,N/A,N/A,N/A,N/A,N/A,N/A,N/A,N/A,N/A,N/A,N/A,N/A,N/A,N/A,N/A,N/A,N/A,N/A,N/A,N/A,N/A,N/A,N/A,N/A,N/A,N/A,N/A,N/A,N/A,N/A,N/A,N/A,N/A,N/A,N/A,N/A,N/A,N/A,N/A,N/A,N/A,N/A,N/A,N/A,N/A,N/A,N/A,N/A,N/A,N/A,N/A,N/A,N/A,N/A,N/A,N/A,N/A,N/A,N/A,N/A,N/A,N/A,N/A,N/A,N/A,N/A,N/A,N/A,703.6470588235294,728.7647058823529,630.2941176470588,685.6470588235294,683.8823529411765,721.4117647058823,722.1176470588235,N/A,678.25,695.1428571428571,705.1428571428571,710.4285714285714,692.2857142857143,692.2857142857143,594.875,600.625,704.4285714285714,709.7142857142857,701.8571428571429,712.1428571428571,696.5714285714286,727.5714285714286,596.25,594.875,696.1428571428571,700.4285714285714,698.8571428571429,688.375,615.4444444444445,680.375,692.625,692.125,686.625
JSInterop - JSImportInt,N/A,N/A,N/A,N/A,N/A,N/A,N/A,N/A,N/A,N/A,N/A,N/A,N/A,N/A,N/A,N/A,N/A,N/A,N/A,N/A,N/A,N/A,N/A,N/A,N/A,N/A,N/A,N/A,N/A,N/A,N/A,N/A,N/A,N/A,N/A,N/A,N/A,N/A,N/A,N/A,N/A,N/A,N/A,N/A,N/A,N/A,N/A,N/A,N/A,N/A,N/A,N/A,N/A,N/A,N/A,N/A,N/A,N/A,N/A,N/A,N/A,N/A,N/A,N/A,N/A,N/A,N/A,N/A,N/A,N/A,N/A,N/A,N/A,N/A,N/A,N/A,N/A,N/A,N/A,N/A,15.311377245508982,15.717791411042946,15.522012578616351,15.290909090909091,15.331325301204819,15.515337423312884,15.05151515151515,N/A,15.293413173652695,16.946666666666665,17.030508474576273,16.70903010033445,16.657232704402517,16.68092105263158,16.832236842105264,16.72168284789644,16.82894736842105,16.873287671232877,16.612244897959183,16.86868686868687,16.3343949044586,16.872964169381106,16.638977635782748,15.97452229299363,16.41368078175896,16.160377358490567,16.99337748344371,16.133757961783438,16.0188679245283,16.69736842105263,16.549342105263158,16.194267515923567,17.17763157894737
JSInterop - JSImportManyArgs,N/A,N/A,N/A,N/A,N/A,N/A,N/A,N/A,N/A,N/A,N/A,N/A,N/A,N/A,N/A,N/A,N/A,N/A,N/A,N/A,N/A,N/A,N/A,N/A,N/A,N/A,N/A,N/A,N/A,N/A,N/A,N/A,N/A,N/A,N/A,N/A,N/A,N/A,N/A,N/A,N/A,N/A,N/A,N/A,N/A,N/A,N/A,N/A,N/A,N/A,N/A,N/A,N/A,N/A,N/A,N/A,N/A,N/A,N/A,N/A,N/A,N/A,N/A,N/A,N/A,N/A,N/A,N/A,N/A,N/A,N/A,N/A,N/A,N/A,N/A,N/A,N/A,N/A,N/A,N/A,974.7333333333333,293.51851851851853,293.0740740740741,294.9259259259259,292.9259259259259,291.5925925925926,287.7037037037037,N/A,288.0952380952381,299.6,985.625,980.75,987.875,986,300,988.75,300.45,999.125,994.25,300.4,297.1,305.63157894736844,296.7,298.8,297.5,292.1,301.8,300.35,298.55,302.15,995.875,301.3,298.2
JSInterop - JSImportString,N/A,N/A,N/A,N/A,N/A,N/A,N/A,N/A,N/A,N/A,N/A,N/A,N/A,N/A,N/A,N/A,N/A,N/A,N/A,N/A,N/A,N/A,N/A,N/A,N/A,N/A,N/A,N/A,N/A,N/A,N/A,N/A,N/A,N/A,N/A,N/A,N/A,N/A,N/A,N/A,N/A,N/A,N/A,N/A,N/A,N/A,N/A,N/A,N/A,N/A,N/A,N/A,N/A,N/A,N/A,N/A,N/A,N/A,N/A,N/A,N/A,N/A,N/A,N/A,N/A,N/A,N/A,N/A,N/A,N/A,N/A,N/A,N/A,N/A,N/A,N/A,N/A,N/A,N/A,N/A,221.34375,224.65625,223.09375,220.875,222.5,223.3125,215.96969696969697,N/A,218.73076923076923,223.73076923076923,222.34615384615384,220.5,220.1153846153846,220.5,221.96153846153845,220.3846153846154,222.07692307692307,222.8846153846154,223.80769230769232,225.6153846153846,220.26923076923077,230.16,223.73076923076923,221.76923076923077,220.84615384615384,214.37037037037038,224.92307692307693,219.65384615384616,222.15384615384616,226.4,226.08,223.92307692307693,222.46153846153845
JSInterop - JSImportTask,N/A,N/A,N/A,N/A,N/A,N/A,N/A,N/A,N/A,N/A,N/A,N/A,N/A,N/A,N/A,N/A,N/A,N/A,N/A,N/A,N/A,N/A,N/A,N/A,N/A,N/A,N/A,N/A,N/A,N/A,N/A,N/A,N/A,N/A,N/A,N/A,N/A,N/A,N/A,N/A,N/A,N/A,N/A,N/A,N/A,N/A,N/A,N/A,N/A,N/A,N/A,N/A,N/A,N/A,N/A,N/A,N/A,N/A,N/A,N/A,N/A,N/A,N/A,N/A,N/A,N/A,N/A,N/A,N/A,N/A,N/A,N/A,N/A,N/A,N/A,N/A,N/A,N/A,N/A,N/A,946.0666666666667,952,938.8666666666667,938.1333333333333,942.1333333333333,945.6,947.4,N/A,943.8333333333334,944.1666666666666,947.8333333333334,952.5,944.3333333333334,939.3333333333334,946.5,943.6666666666666,951.5,956.1666666666666,945.8333333333334,948.1666666666666,949.3333333333334,977.6666666666666,951.3333333333334,952.1666666666666,950.3333333333334,947.8333333333334,955.3333333333334,950.1666666666666,953.5,959.8333333333334,962.3333333333334,953.3333333333334,964.6666666666666
JSInterop - JSImportTaskFail,N/A,N/A,N/A,N/A,N/A,N/A,N/A,N/A,N/A,N/A,N/A,N/A,N/A,N/A,N/A,N/A,N/A,N/A,N/A,N/A,N/A,N/A,N/A,N/A,N/A,N/A,N/A,N/A,N/A,N/A,N/A,N/A,N/A,N/A,N/A,N/A,N/A,N/A,N/A,N/A,N/A,N/A,N/A,N/A,N/A,N/A,N/A,N/A,N/A,N/A,N/A,N/A,N/A,N/A,N/A,N/A,N/A,N/A,N/A,N/A,N/A,N/A,N/A,N/A,N/A,N/A,N/A,N/A,N/A,N/A,N/A,N/A,N/A,N/A,N/A,N/A,N/A,N/A,N/A,N/A,2237.75,2229.6666666666665,2133.6666666666665,2223.5,2223.5833333333335,2208.25,2242.5833333333335,N/A,2175.3333333333335,2181,2189.6666666666665,2190.6666666666665,2193.3333333333335,2175.6666666666665,2188,2198.3333333333335,2185,2214,2194,2208,2184.3333333333335,2284.6666666666665,2194,2197,2180,2186,2188.6666666666665,2664,2688,2676.5,2713,2694.5,2682
JSInterop - LegacyExportInt,N/A,N/A,N/A,N/A,N/A,N/A,N/A,N/A,N/A,N/A,N/A,N/A,N/A,N/A,N/A,N/A,N/A,N/A,N/A,N/A,N/A,N/A,N/A,N/A,N/A,N/A,N/A,N/A,N/A,N/A,N/A,N/A,N/A,N/A,N/A,N/A,N/A,N/A,N/A,N/A,N/A,N/A,N/A,N/A,N/A,N/A,N/A,N/A,N/A,N/A,N/A,N/A,N/A,N/A,N/A,N/A,N/A,N/A,N/A,N/A,N/A,N/A,N/A,N/A,N/A,N/A,N/A,N/A,N/A,N/A,N/A,N/A,N/A,N/A,N/A,N/A,N/A,N/A,N/A,N/A,19.67680608365019,21.609958506224068,18.82846715328467,18.99261992619926,19.24907063197026,18.695970695970697,18.915750915750916,N/A,19.314176245210728,20.012096774193548,18.44360902255639,20.896995708154506,18.894736842105264,18.984674329501917,19.42292490118577,18.725563909774436,20.68032786885246,19.43579766536965,20.286307053941908,19.399193548387096,17.535714285714285,20.877637130801688,19.260536398467433,19.733870967741936,18.727969348659006,19.634241245136188,18.945525291828794,19.770750988142293,20.620253164556964,19,23,20.58091286307054,19.31800766283525
JSInterop - LegacyExportString,N/A,N/A,N/A,N/A,N/A,N/A,N/A,N/A,N/A,N/A,N/A,N/A,N/A,N/A,N/A,N/A,N/A,N/A,N/A,N/A,N/A,N/A,N/A,N/A,N/A,N/A,N/A,N/A,N/A,N/A,N/A,N/A,N/A,N/A,N/A,N/A,N/A,N/A,N/A,N/A,N/A,N/A,N/A,N/A,N/A,N/A,N/A,N/A,N/A,N/A,N/A,N/A,N/A,N/A,N/A,N/A,N/A,N/A,N/A,N/A,N/A,N/A,N/A,N/A,N/A,N/A,N/A,N/A,N/A,N/A,N/A,N/A,N/A,N/A,N/A,N/A,N/A,N/A,N/A,N/A,197.42857142857142,197.88571428571427,193.97142857142856,193.02857142857144,193.14285714285714,194.11428571428573,191.8,N/A,195.93103448275863,198.10714285714286,198.92857142857142,198.67857142857142,201.25,198.31034482758622,198.3448275862069,199.32142857142858,199.78571428571428,200.92857142857142,196.78571428571428,199.92857142857142,194.28571428571428,209.77777777777777,198.5,198.71428571428572,197.31034482758622,195.93103448275863,198.92857142857142,198.28571428571428,199.5,198.75,202.25,199.25,199.14285714285714
Json - large deserialize,398.93333333333334,434.57142857142856,432.92857142857144,430.5,435.14285714285717,431.5,430.42857142857144,396.8,395.8,395.4,393.6,394.8,393.46666666666664,395.3333333333333,399.73333333333335,396.73333333333335,397.46666666666664,394.2,397.46666666666664,393.73333333333335,394.93333333333334,396.53333333333336,395.1333333333333,396.6,396.26666666666665,395.1333333333333,394.6,397.73333333333335,399.8666666666667,398.46666666666664,399.73333333333335,398,398.6,395.6,364.125,392,395.1333333333333,397.06666666666666,394.2,397.8666666666667,393.1333333333333,395.06666666666666,396.73333333333335,398.4,396.6666666666667,397.8666666666667,394.6,400.8666666666667,399.06666666666666,397.46666666666664,396.6,398.6,403.93333333333334,406.6,377.5625,376.0625,378.5625,376.0625,378.125,374.5625,378.3125,377.125,376.3125,381.625,371.3125,375.125,378.3125,376.125,374,378.0625,378.6875,380,374.8125,376.5625,374.5,375.1875,374.375,375.125,377.6875,375.5625,375.375,374.625,372.6875,374.25,375,375.5625,374.125,377.375,378.5,373.875,378.6875,378.3125,378.625,374.9375,376.5,376.8125,376.625,376.625,375,376.25,378.125,380.1875,376.375,374.5625,375.25,376.75,380.25,374.4375,378.625,378.3125,377.3125,374.375,375.3125
Json - large serialize,308.4736842105263,334.2352941176471,335,334.7647058823529,336.70588235294116,335,334.05882352941177,305.36842105263156,306.57894736842104,306.1578947368421,305.3157894736842,305.1578947368421,305.42105263157896,305.6842105263158,308.05263157894734,307.36842105263156,305.42105263157896,304.4736842105263,304.1578947368421,305.42105263157896,303,305.05263157894734,304.05263157894734,309.7894736842105,309.8421052631579,309.2631578947368,310.4736842105263,311.63157894736844,310,312.1578947368421,311.94736842105266,311.6842105263158,309.7368421052632,308.2631578947368,284.6,307.2105263157895,308.7368421052632,311.4736842105263,307,310.2631578947368,307.7894736842105,308.4736842105263,309.63157894736844,310.2631578947368,309.3157894736842,310.3157894736842,308.7894736842105,313,311.89473684210526,311.7368421052632,310.10526315789474,316.6666666666667,318.94444444444446,320.72222222222223,318.6111111111111,315.94444444444446,315.6111111111111,317.05555555555554,316.1111111111111,314.94444444444446,315.1666666666667,319.5,315.3333333333333,316.27777777777777,314.22222222222223,316.05555555555554,316.6111111111111,314.72222222222223,314.1666666666667,317.05555555555554,315.94444444444446,318.8333333333333,313.72222222222223,317.05555555555554,313.94444444444446,313.1666666666667,315.6111111111111,314.6111111111111,317.72222222222223,316.6666666666667,313.1666666666667,315.1666666666667,314.8333333333333,314.1111111111111,317.3888888888889,317.55555555555554,316.44444444444446,313.5,315.77777777777777,314.6666666666667,318,317.27777777777777,318,315.3333333333333,317.22222222222223,316.77777777777777,318.3888888888889,315.27777777777777,313.55555555555554,316.5,317.8888888888889,319.1666666666667,314.94444444444446,312.5263157894737,315.55555555555554,314.72222222222223,316.6666666666667,316.3888888888889,317.5,317.3333333333333,317.8333333333333,315.94444444444446,314.77777777777777
Json - non-ASCII text deserialize,84.81159420289855,91.875,91.90625,92.0625,92.171875,91.96875,91.71875,84.52173913043478,84.69565217391305,83.92753623188406,84.27536231884058,84.1304347826087,84.2463768115942,84.2463768115942,85,84.56521739130434,84.18840579710145,83.6231884057971,83.6231884057971,83.6086956521739,84.31884057971014,83.71014492753623,83.47826086956522,84.21739130434783,83.89855072463769,83.71014492753623,85.27941176470588,85.3529411764706,85.13235294117646,85.36764705882354,85.41176470588235,85.23529411764706,83.92753623188406,83.72463768115942,77.14666666666666,83.82608695652173,83.84057971014492,84.97058823529412,83.33333333333333,84.14492753623189,84.10144927536231,83.3623188405797,84.3768115942029,84.1304347826087,83.94202898550725,84.30434782608695,84.14492753623189,84.5072463768116,84.3623188405797,84.78260869565217,84.05797101449275,83.78260869565217,84.1159420289855,84.30434782608695,83.47826086956522,83.53623188405797,83.4,83.78260869565217,83.69565217391305,83.47826086956522,83.33333333333333,83.52173913043478,83.78260869565217,84.4927536231884,83.2,83.6086956521739,83.94202898550725,83.23188405797102,83.46376811594203,83.82608695652173,84.07246376811594,84.3913043478261,89.22727272727273,88.0909090909091,88.62121212121212,88.83076923076923,88.89393939393939,88.6969696969697,88.60606060606061,88.8923076923077,88.43939393939394,88.6969696969697,88.62121212121212,88.93939393939394,88.87692307692308,89.10606060606061,88.65151515151516,88.74242424242425,88.9090909090909,89,89.1969696969697,88.72727272727273,89.53030303030303,89.39393939393939,89.31818181818181,89.01515151515152,89.35384615384615,88.72727272727273,88.66666666666667,89.0923076923077,88.96969696969697,89.16923076923077,88.51515151515152,88.71212121212122,88.60606060606061,88.8030303030303,89.27272727272727,89.18181818181819,88.98484848484848,88.96969696969697,89.16666666666667,88.84848484848484,89.06060606060606
Json - non-ASCII text serialize,45.99145299145299,50.293577981651374,49.972727272727276,50.137614678899084,50.416666666666664,50.08181818181818,49.89090909090909,45.95798319327731,45.771186440677965,45.375,45.705882352941174,45.525,45.7,45.56666666666667,45.81512605042017,45.87394957983193,45.72268907563025,45.63333333333333,45.475,45.72268907563025,45.7563025210084,45.79831932773109,45.69491525423729,45.88135593220339,45.47107438016529,45.28333333333333,46.60683760683761,46.44444444444444,46.43589743589744,46.260504201680675,46.64957264957265,46.52136752136752,45.25833333333333,45.03305785123967,41.86259541984733,45.20661157024794,45.099173553719005,46.58974358974359,45.175,45.16528925619835,45.13223140495868,45.233333333333334,45.38333333333333,45.325,45.225,45.66386554621849,45.16528925619835,45.80672268907563,45.166666666666664,45.57142857142857,45.483333333333334,45.1900826446281,45.5,45.21666666666667,45.18333333333333,45.21008403361345,45.17355371900826,45.24166666666667,45.391666666666666,45.10084033613445,45.43333333333333,44.94957983193277,45.05785123966942,45.46666666666667,44.97520661157025,45.11570247933884,45.596638655462186,45.291666666666664,45.04132231404959,45.445378151260506,45.49166666666667,45.8235294117647,46,45.05785123966942,45.01652892561984,44.775,46.21367521367522,45.17355371900826,45.3801652892562,45.256198347107436,45.291666666666664,45.15833333333333,45.06611570247934,44.88429752066116,45.00826446280992,45.25,45.44166666666667,45,45.12396694214876,45.680672268907564,45.94117647058823,46.101694915254235,46.05042016806723,46.87179487179487,45.90756302521008,46.55555555555556,45.95798319327731,45.983193277310924,45.75,46.36134453781513,46.81196581196581,46.52136752136752,46.067796610169495,45.773109243697476,45.79831932773109,46.144067796610166,46.24576271186441,46.04237288135593,45.84873949579832,45.84873949579832,45.83050847457627,45.61666666666667,45.65546218487395
Json - small deserialize,1.420273666573583,1.5432056929854288,1.5355661881977671,1.528548644338118,1.5450194436135207,1.5311004784688995,1.5282954930532022,1.4086150164522884,1.4047262937481304,1.4019138755980862,1.3968165316950572,1.3987240829346093,1.3952153110047847,1.401136703559677,1.4166915943763088,1.4113072090936285,1.4157941968291954,1.3957523182769966,1.4089314194577351,1.3952153110047847,1.4018430605975984,1.4029314986539037,1.401136703559677,1.407119353873766,1.4093828539514102,1.4017349685910858,1.407017543859649,1.4140350877192982,1.4217768471432846,1.4175438596491228,1.4223751121746935,1.4159489633173843,1.418877408545099,1.407974481658692,1.2922717842323652,1.3954531857612922,1.4074184863894705,1.4159489633173843,1.397247980855519,1.4137002692192642,1.3993620414673047,1.4057416267942584,1.4131020041878553,1.4145976667663775,1.411606341609333,1.4139994017349686,1.404427161232426,1.425366437331738,1.420414673046252,1.414354066985646,1.4130781499202552,1.4146730462519936,1.434090138935954,1.4456140350877194,1.3370566880759565,1.333831887526174,1.3415247137671042,1.3353275501046964,1.346096320670057,1.3287466347591983,1.3451989231229435,1.3401136703559677,1.335028417588992,1.3529763685312592,1.314437308014521,1.327003630270874,1.3437032605444212,1.330541429853425,1.323960514507927,1.3392162728088544,1.3425067304816034,1.343758726612678,1.3280601659751037,1.3332336224947652,1.3270228215767634,1.3289583915107512,1.3287466347591983,1.3326353574633563,1.3392116182572613,1.3320370924319473,1.3325886623848087,1.3285788381742738,1.3236613819922225,1.3256073722423904,1.3293448997906072,1.3339849204132923,1.3303546495392349,1.3386929460580912,1.3407676348547717,1.3219771013683328,1.3395154053245588,1.339569952527227,1.3398145378402633,1.3267243786651772,1.3356266826204009,1.3342641720189892,1.3362041467304626,1.3368232126832187,1.3278413850879642,1.33350622406639,1.3381736944987435,1.345498055638648,1.3352472089314193,1.327003630270874,1.3296440323063117,1.3353275501046964,1.3475919832485792,1.3237639553429028,1.342207597965899,1.339569952527227,1.3330143540669857,1.3253281206366936,1.3278413850879642
Json - small serialize,1.0161676646706588,1.0917145593869733,1.0938697318007662,1.0943486590038314,1.1015325670498084,1.09198682766191,1.0933908045977012,1.0026344676180021,1.0046103183315038,1.0031130268199233,0.9996007984031936,0.9991218441273326,1.000219538968167,1.0025948103792415,1.009181636726547,1.0077844311377246,1.0029940119760479,0.9964873765093304,0.9958083832335329,1,0.9931942919868276,1,0.9932135728542915,1.0162835249042146,1.021734357848518,1.0191616766467066,1.0208333333333333,1.0259055982436882,1.0186608122941823,1.0261015325670497,1.0245883644346871,1.0244252873563218,1.0217564870259481,1.0153677277716795,0.9369261477045908,1.011635565312843,1.0169045005488475,1.0245883644346871,1.0109780439121756,1.0237068965517242,1.0138309549945115,1.017563117453348,1.0210757409440177,1.0230515916575191,1.0199780461031833,1.023271130625686,1.017563117453348,1.0333699231613611,1.0283205268935236,1.0289791437980242,1.0230515916575191,1.02788144895719,1.0360043907793632,1.0474137931034482,1.0353457738748628,1.0255489021956088,1.0282567049808429,1.030735455543359,1.0285400658616906,1.0201149425287357,1.0256860592755215,1.0388583973655323,1.0270032930845225,1.0296377607025247,1.0177826564215149,1.0274423710208562,1.0299329501915708,1.021551724137931,1.0199780461031833,1.0305389221556887,1.0272228320526893,1.0380747126436782,1.0226125137211854,1.0311745334796927,1.020417124039517,1.0177644710578841,1.03205268935236,1.0195389681668496,1.0309549945115257,1.02788144895719,1.0182217343578486,1.0230515916575191,1.023271130625686,1.0212952799121844,1.0318486590038314,1.0311745334796927,1.027661909989023,1.0208562019758507,1.0283205268935236,1.0215148188803513,1.0340038314176245,1.0333699231613611,1.0344827586206897,1.0272228320526893,1.032088122605364,1.030735455543359,1.0364434687156971,1.0254665203073545,1.0187624750499003,1.0327113062568607,1.034131736526946,1.040834248079034,1.024807903402854,1.0165229885057472,1.0265642151481889,1.0231536926147704,1.0302963776070253,1.0296934865900382,1.0307385229540917,1.0331503841931944,1.0366379310344827,1.0259055982436882,1.0258620689655173
Span - IndexOf bytes,N/A,N/A,N/A,N/A,N/A,N/A,N/A,N/A,N/A,N/A,N/A,N/A,N/A,N/A,N/A,N/A,N/A,N/A,N/A,N/A,N/A,N/A,N/A,N/A,N/A,N/A,N/A,N/A,N/A,N/A,N/A,N/A,N/A,N/A,N/A,N/A,N/A,N/A,N/A,N/A,N/A,N/A,N/A,N/A,N/A,N/A,N/A,N/A,N/A,N/A,N/A,N/A,N/A,N/A,N/A,N/A,N/A,N/A,N/A,N/A,N/A,N/A,N/A,N/A,N/A,N/A,N/A,N/A,N/A,N/A,N/A,N/A,N/A,N/A,N/A,N/A,N/A,N/A,N/A,N/A,N/A,N/A,N/A,N/A,N/A,N/A,N/A,N/A,0.03369318142321889,0.03131955484896661,0.031339069823987896,0.031236883942766296,0.0313577106518283,0.0312241653418124,0.03131955484896661,0.031264774615353444,0.03128139904610493,0.031268680445151034,0.031217806041335453,0.03130047694753577,0.03133863275039746,0.031313195548489665,0.03131955484896661,0.031268680445151034,0.03128775834658187,0.031275612234862145,0.03133227344992051,0.03128775834658187,0.031313195548489665,0.03130839589548569,0.03128503694498102,0.031339069823987896,0.03129179105485688
Span - IndexOf chars,N/A,N/A,N/A,N/A,N/A,N/A,N/A,N/A,N/A,N/A,N/A,N/A,N/A,N/A,N/A,N/A,N/A,N/A,N/A,N/A,N/A,N/A,N/A,N/A,N/A,N/A,N/A,N/A,N/A,N/A,N/A,N/A,N/A,N/A,N/A,N/A,N/A,N/A,N/A,N/A,N/A,N/A,N/A,N/A,N/A,N/A,N/A,N/A,N/A,N/A,N/A,N/A,N/A,N/A,N/A,N/A,N/A,N/A,N/A,N/A,N/A,N/A,N/A,N/A,N/A,N/A,N/A,N/A,N/A,N/A,N/A,N/A,N/A,N/A,N/A,N/A,N/A,N/A,N/A,N/A,N/A,N/A,N/A,N/A,N/A,N/A,N/A,N/A,4.6771799628942485,5.0531594784353056,5.024752475247524,5.048514851485148,5.02988047808765,5.051153460381143,5.054162487462387,5.050150451354062,5.052156469408224,5.0531594784353056,5.0531594784353056,5.054162487462387,5.05049504950495,5.054162487462387,5.0531594784353056,5.0531594784353056,5.0531594784353056,5.051153460381143,5.05049504950495,5.055165496489469,5.055165496489469,5.045544554455446,5.054162487462387,5.0495049504950495,5.054162487462387
Span - Reverse bytes,N/A,N/A,N/A,N/A,N/A,N/A,N/A,N/A,N/A,N/A,N/A,N/A,N/A,N/A,N/A,N/A,N/A,N/A,N/A,N/A,N/A,N/A,N/A,N/A,N/A,N/A,N/A,N/A,N/A,N/A,N/A,N/A,N/A,N/A,N/A,N/A,N/A,N/A,N/A,N/A,N/A,N/A,N/A,N/A,N/A,N/A,N/A,N/A,N/A,N/A,N/A,N/A,N/A,N/A,N/A,N/A,N/A,N/A,N/A,N/A,N/A,N/A,N/A,N/A,N/A,N/A,N/A,N/A,N/A,N/A,N/A,N/A,N/A,N/A,N/A,N/A,N/A,N/A,N/A,N/A,N/A,N/A,N/A,N/A,N/A,N/A,N/A,N/A,3.4259757738896366,3.4924554183813443,3.4924554183813443,3.4911684782608696,3.4918478260869565,3.4924554183813443,3.4917695473251027,3.4917695473251027,3.4911684782608696,3.4911684782608696,3.4917695473251027,3.4917695473251027,3.4911684782608696,3.4924554183813443,3.4917695473251027,3.4917695473251027,3.4917695473251027,3.4917695473251027,3.4917695473251027,3.4924554183813443,3.4918478260869565,3.4924554183813443,3.4911684782608696,3.4911684782608696,3.4924554183813443
Span - Reverse chars,N/A,N/A,N/A,N/A,N/A,N/A,N/A,N/A,N/A,N/A,N/A,N/A,N/A,N/A,N/A,N/A,N/A,N/A,N/A,N/A,N/A,N/A,N/A,N/A,N/A,N/A,N/A,N/A,N/A,N/A,N/A,N/A,N/A,N/A,N/A,N/A,N/A,N/A,N/A,N/A,N/A,N/A,N/A,N/A,N/A,N/A,N/A,N/A,N/A,N/A,N/A,N/A,N/A,N/A,N/A,N/A,N/A,N/A,N/A,N/A,N/A,N/A,N/A,N/A,N/A,N/A,N/A,N/A,N/A,N/A,N/A,N/A,N/A,N/A,N/A,N/A,N/A,N/A,N/A,N/A,N/A,N/A,N/A,N/A,N/A,N/A,N/A,N/A,3.4558423913043477,3.509342560553633,3.509342560553633,3.508650519031142,3.5075445816186557,3.50960219478738,3.5102880658436213,3.5082304526748973,3.506858710562414,3.5082304526748973,3.5082304526748973,3.506858710562414,3.50960219478738,3.5082304526748973,3.507266435986159,3.506858710562414,3.5075445816186557,3.50960219478738,3.5089163237311385,3.5075445816186557,3.50960219478738,3.506172839506173,3.508650519031142,3.5102880658436213,3.5089163237311385
Vector - Add 2 Vector128's,0.0013291876641886218,0.0015555560064413544,0.0014636663701845217,0.00153900875894791,0.001476826853997965,0.0014887302509472861,0.0014620597111612674,0.0014335793290113572,0.001354487851061212,0.0013592566009692642,0.0013393885774690745,0.001418641248034459,0.0013520981107384895,0.0014302641430228966,0.001351832571022103,0.0013429170096680328,0.0013515375399066462,0.0013332324907702673,0.0014038117288945012,0.0013990697674418605,0.0013515375399066462,0.0013397484762675592,0.0013357282850221636,0.0014070033896124855,0.0013896587363636144,0.001440488840371689,0.001462456757884007,0.0014063132771629887,0.0014047852142833512,0.0013678744060744395,0.001392251833839656,0.0013656990334485627,0.001359254227113902,0.001374765818077558,0.0012823567782370819,0.001359903044650781,0.0013633387845249098,0.0013648139401021928,0.0013644899232324458,0.0013971272050471795,0.0014240435978378927,0.0013638674939714685,0.001385355726681489,0.0014430484489816918,0.0013891094328597107,0.001397833033720284,0.0013622436996971175,0.0013712004671336583,0.0013952762288175445,0.0013944996986500976,0.0013689457310580673,0.0013919024280051255,0.0013882112005277952,0.0014019878606497235,0.0013952021449942218,0.0014025578490419102,0.001402030241928899,0.00140182888541412,0.001389705185892117,0.0013963150595075289,0.001381747706965797,0.0013912935468030235,0.0013975765245148937,0.0013989045618292982,0.001386351211530524,0.0013789754336441093,0.0014085438260722162,0.0013915979874040746,0.0013529028720268696,0.001412125334733978,0.0013922320636180871,0.0014127125605026723,0.0014483554040872245,0.0013957950375492916,0.0014116878735560643,0.0013969546028842332,0.0014097245897740287,0.0014069046645092112,0.0014043462424624704,0.001385761149299611,0.001381335682567762,0.0014076716173199726,0.0014118161692840791,0.0013976836975529594,0.0014034498512438772,0.001410248731882508,0.0014019878606497235,0.0013842400662746706,0.0014055932158601033,0.0014198062063752366,0.0013990610969862288,0.0013774545059046784,0.0014043462424624704,0.0013829309454744968,0.0014284353001312443,0.0014057808912697946,0.0014009857929834734,0.0014011054978820226,0.0013986662800811829,0.0014482464858724974,0.0014669513710445998,0.0014815526287353976,0.0014363925354682994,0.0014411003728787763,0.001434037793606876,0.0014363925354682994,0.0014409660798927828,0.00145052098663684,0.0014548876262169303,0.0014315939427877891,0.0014058205657490564,0.001440731891801035,0.0014458800700459084
Vector - Create Vector128,0.0007567092206041111,0.000819466299495529,0.000819466299495529,0.0008630837175365979,0.0008515686274509804,0.0008371650269409564,0.0008192779164381737,0.0007650884838004405,0.0007643812145757578,0.0007643812145757578,0.0007646789126115716,0.0007643812145757578,0.0007640814225030986,0.0007643812145757578,0.0007661493876374644,0.0007649116664942698,0.000764256309530451,0.000764256309530451,0.0007645580318819284,0.0007643812145757578,0.0007644311965578035,0.0007646789126115716,0.0007643812145757578,0.000764256309530451,0.0007806992217579663,0.0007804476855361899,0.0007907655882533366,0.0007900943524062917,0.0007908560893910244,0.0007905301719015609,0.0007903082786618225,0.0007909520455955326,0.0007801571949897936,0.0007806992217579663,0.0007175689563444464,0.0007806992217579663,0.0007806992217579663,0.0007905301719015609,0.0007806992217579663,0.0007816025997049207,0.0007855605856754068,0.0007808128926889911,0.0007812412485261389,0.0007806992217579663,0.0006693232764476586,0.0006683275353526226,0.0006683435400098235,0.0006718773194612074,0.0006684973514551301,0.0006679591170760162,0.0006683275353526226,0.0006967558967070405,0.0006901417293692729,0.0007018993894608226,0.0006887547157980542,0.000708751340609847,0.0007108612462763908,0.0007162734656870742,0.0007144296954256012,0.0007138549776420074,0.0007076978681932889,0.0007073697081169205,0.000687774979360219,0.0006964293178944288,0.00068931560807484,0.0006917123171820606,0.0007134578303986081,0.0006999528846836497,0.0007104408831862863,0.0006878862983730333,0.0007044657132121516,0.0006790551181102362,0.000696266028488123,0.000686399163541781,0.0007018978488728179,0.0006976939311600049,0.0007151033573417279,0.0006871879153884626,0.0006995318166142399,0.0006884281369854425,0.0006908653987595515,0.0006965487821512341,0.0006949509161670077,0.0006881015581728308,0.000699368527207934,0.0006978552849831224,0.000710757240630441,0.0007070431293043088,0.0006965926073007347,0.0007042672093971094,0.0006772019956240844,0.000678321251350465,0.0006939418873236644,0.0006768503937007874,0.000703614051771886,0.000701870277858057,0.0007101031903921911,0.0006990411916494783,0.0006910344827586207,0.000711512125293763,0.0007068339832395303,0.0007175306694532672,0.0007096222829761754,0.0007119863989022465,0.0007086942554906193,0.0007101031903921911,0.0007134247552636651,0.0007101031903921911,0.0007082281331078528,0.0007134247552636651,0.0006988317111796166,0.0007292466752392705,0.0007221370607423337
Vector - Dot product double,N/A,N/A,N/A,N/A,N/A,N/A,N/A,N/A,N/A,N/A,N/A,N/A,N/A,N/A,N/A,N/A,N/A,N/A,N/A,N/A,N/A,N/A,N/A,N/A,N/A,N/A,N/A,N/A,N/A,N/A,N/A,N/A,N/A,N/A,N/A,N/A,N/A,N/A,N/A,N/A,N/A,N/A,N/A,N/A,N/A,N/A,N/A,N/A,N/A,N/A,N/A,N/A,N/A,N/A,N/A,N/A,N/A,N/A,N/A,N/A,N/A,N/A,N/A,N/A,N/A,N/A,N/A,N/A,N/A,N/A,N/A,N/A,N/A,N/A,N/A,N/A,N/A,N/A,N/A,N/A,N/A,N/A,N/A,N/A,N/A,N/A,N/A,N/A,N/A,N/A,N/A,N/A,N/A,N/A,N/A,0.0009672939209162879,0.0009858569494921505,0.0009718729584850953,0.0009827876908095827,0.000989409587147978,0.0009647136733397171,0.0009853883999160922,0.0009858569494921505,0.0009539352081436132,0.0009777889724994664,0.000981862860023727,0.0009858569494921505,0.0009858569494921505,0.0009840806306642366,0.000981862860023727,0.0009755745701430903,0.000981862860023727,0.00099335081392123
Vector - Dot product float,N/A,N/A,N/A,N/A,N/A,N/A,N/A,N/A,N/A,N/A,N/A,N/A,N/A,N/A,N/A,N/A,N/A,N/A,N/A,N/A,N/A,N/A,N/A,N/A,N/A,N/A,N/A,N/A,N/A,N/A,N/A,N/A,N/A,N/A,N/A,N/A,N/A,N/A,N/A,N/A,N/A,N/A,N/A,N/A,N/A,N/A,N/A,N/A,N/A,N/A,N/A,N/A,N/A,N/A,N/A,N/A,N/A,N/A,N/A,N/A,N/A,N/A,N/A,N/A,N/A,N/A,N/A,N/A,N/A,N/A,N/A,N/A,N/A,N/A,N/A,N/A,N/A,N/A,N/A,N/A,N/A,N/A,N/A,N/A,N/A,N/A,N/A,N/A,N/A,N/A,N/A,N/A,N/A,N/A,N/A,0.0013824551751148743,0.0013721783609474036,0.0013847864654607678,0.0014073512868195697,0.001385935256375302,0.0013204692642531054,0.0013623273767104965,0.001385935256375302,0.0013690715716447067,0.001330813952209481,0.001369954408984766,0.0013813912063543995,0.0013662118589872591,0.0013566106972089404,0.0013721783609474036,0.0013668235066666367,0.0013591422716559389,0.0013668235066666367
Vector - Dot product int,N/A,N/A,N/A,N/A,N/A,N/A,N/A,N/A,N/A,N/A,N/A,N/A,N/A,N/A,N/A,N/A,N/A,N/A,N/A,N/A,N/A,N/A,N/A,N/A,N/A,N/A,N/A,N/A,N/A,N/A,N/A,N/A,N/A,N/A,N/A,N/A,N/A,N/A,N/A,N/A,N/A,N/A,N/A,N/A,N/A,N/A,N/A,N/A,N/A,N/A,N/A,N/A,N/A,N/A,N/A,N/A,N/A,N/A,N/A,N/A,N/A,N/A,N/A,N/A,N/A,N/A,N/A,N/A,N/A,N/A,N/A,N/A,N/A,N/A,N/A,N/A,N/A,N/A,N/A,N/A,N/A,N/A,N/A,N/A,N/A,N/A,N/A,N/A,N/A,N/A,N/A,N/A,N/A,N/A,N/A,0.0011835153222965833,0.001202547770700637,0.0011855281034569517,0.001206624203821656,0.001206624203821656,0.0011889811626493822,0.001158746175112183,0.001191006684221187,0.001181305835158615,0.0011835153222965833,0.001195817131326049,0.0012031598136520154,0.0012051853352238202,0.001192356687898089,0.0011855281034569517,0.0011978932027346012,0.001199108770508406,0.0012086624203821656
Vector - Dot product ulong,N/A,N/A,N/A,N/A,N/A,N/A,N/A,N/A,N/A,N/A,N/A,N/A,N/A,N/A,N/A,N/A,N/A,N/A,N/A,N/A,N/A,N/A,N/A,N/A,N/A,N/A,N/A,N/A,N/A,N/A,N/A,N/A,N/A,N/A,N/A,N/A,N/A,N/A,N/A,N/A,N/A,N/A,N/A,N/A,N/A,N/A,N/A,N/A,N/A,N/A,N/A,N/A,N/A,N/A,N/A,N/A,N/A,N/A,N/A,N/A,N/A,N/A,N/A,N/A,N/A,N/A,N/A,N/A,N/A,N/A,N/A,N/A,N/A,N/A,N/A,N/A,N/A,N/A,N/A,N/A,N/A,N/A,N/A,N/A,N/A,N/A,N/A,N/A,N/A,N/A,N/A,N/A,N/A,N/A,N/A,0.0009384109689050208,0.0009223894669955384,0.0009229142740056718,0.0009326962989602537,0.0009315235489497545,0.0009033333333333334,0.0009366891139162043,0.0009125831440727725,0.0009383333333333333,0.0009016666666666667,0.0009125831440727725,0.0009206813383529541,0.000918338992470298,0.000909015783819519,0.0009111577778163453,0.0009326962989602537,0.00093,0.000941098968320256
Vector - Max double,N/A,N/A,N/A,N/A,N/A,N/A,N/A,N/A,N/A,N/A,N/A,N/A,N/A,N/A,N/A,N/A,N/A,N/A,N/A,N/A,N/A,N/A,N/A,N/A,N/A,N/A,N/A,N/A,N/A,N/A,N/A,N/A,N/A,N/A,N/A,N/A,N/A,N/A,N/A,N/A,N/A,N/A,N/A,N/A,N/A,N/A,N/A,N/A,N/A,N/A,N/A,N/A,N/A,N/A,N/A,N/A,N/A,N/A,N/A,N/A,N/A,N/A,N/A,N/A,N/A,N/A,N/A,N/A,N/A,N/A,N/A,N/A,N/A,N/A,N/A,N/A,N/A,N/A,N/A,N/A,N/A,N/A,N/A,N/A,N/A,N/A,N/A,N/A,N/A,N/A,N/A,N/A,N/A,N/A,N/A,N/A,N/A,N/A,N/A,N/A,N/A,N/A,0.0013263583370613744,0.0013404919488887905,0.0013232514177693763,0.0013796280147219948,0.0013846126623491524,0.0013204692642531054,0.0013223185560826654,0.001366917931839898,0.0013246164035510797,0.0013160455816257919,0.0013286064020394445
Vector - Max float,N/A,N/A,N/A,N/A,N/A,N/A,N/A,N/A,N/A,N/A,N/A,N/A,N/A,N/A,N/A,N/A,N/A,N/A,N/A,N/A,N/A,N/A,N/A,N/A,N/A,N/A,N/A,N/A,N/A,N/A,N/A,N/A,N/A,N/A,N/A,N/A,N/A,N/A,N/A,N/A,N/A,N/A,N/A,N/A,N/A,N/A,N/A,N/A,N/A,N/A,N/A,N/A,N/A,N/A,N/A,N/A,N/A,N/A,N/A,N/A,N/A,N/A,N/A,N/A,N/A,N/A,N/A,N/A,N/A,N/A,N/A,N/A,N/A,N/A,N/A,N/A,N/A,N/A,N/A,N/A,N/A,N/A,N/A,N/A,N/A,N/A,N/A,N/A,N/A,N/A,N/A,N/A,N/A,N/A,N/A,N/A,N/A,N/A,N/A,N/A,N/A,N/A,0.0020133595099547804,0.0019889301494782365,0.0020074813695224645,0.002018308733665507,0.0020201422677058223,0.001979241388396844,0.0019742408573846008,0.0019889301494782365,0.001968584073369739,0.0019821692602731704,0.0019964802792114644
Vector - Min double,N/A,N/A,N/A,N/A,N/A,N/A,N/A,N/A,N/A,N/A,N/A,N/A,N/A,N/A,N/A,N/A,N/A,N/A,N/A,N/A,N/A,N/A,N/A,N/A,N/A,N/A,N/A,N/A,N/A,N/A,N/A,N/A,N/A,N/A,N/A,N/A,N/A,N/A,N/A,N/A,N/A,N/A,N/A,N/A,N/A,N/A,N/A,N/A,N/A,N/A,N/A,N/A,N/A,N/A,N/A,N/A,N/A,N/A,N/A,N/A,N/A,N/A,N/A,N/A,N/A,N/A,N/A,N/A,N/A,N/A,N/A,N/A,N/A,N/A,N/A,N/A,N/A,N/A,N/A,N/A,N/A,N/A,N/A,N/A,N/A,N/A,N/A,N/A,N/A,N/A,N/A,N/A,N/A,N/A,N/A,N/A,N/A,N/A,N/A,N/A,N/A,N/A,0.0013542738116715909,0.0013334388030691693,0.0013286142597264902,0.0013286064020394445,0.001373567701600847,0.0013514350426443004,0.0013545469155359644,0.0013266586057654277,0.0013628196580520494,0.0013338843354684666,0.0013450388061871784
Vector - Min float,N/A,N/A,N/A,N/A,N/A,N/A,N/A,N/A,N/A,N/A,N/A,N/A,N/A,N/A,N/A,N/A,N/A,N/A,N/A,N/A,N/A,N/A,N/A,N/A,N/A,N/A,N/A,N/A,N/A,N/A,N/A,N/A,N/A,N/A,N/A,N/A,N/A,N/A,N/A,N/A,N/A,N/A,N/A,N/A,N/A,N/A,N/A,N/A,N/A,N/A,N/A,N/A,N/A,N/A,N/A,N/A,N/A,N/A,N/A,N/A,N/A,N/A,N/A,N/A,N/A,N/A,N/A,N/A,N/A,N/A,N/A,N/A,N/A,N/A,N/A,N/A,N/A,N/A,N/A,N/A,N/A,N/A,N/A,N/A,N/A,N/A,N/A,N/A,N/A,N/A,N/A,N/A,N/A,N/A,N/A,N/A,N/A,N/A,N/A,N/A,N/A,N/A,0.001972090061727303,0.001972818290717106,0.001985992291059509,0.0020171845191440277,0.0020162349220058475,0.0019530684037577732,0.0019588638589618022,0.001994795920536075,0.0020319732619530012,0.0019569528528476134,0.001967529900891537
Vector - Multiply 2 Vector128's,0.0013334475406458423,0.0015377575344798229,0.0014653294291757442,0.0015157140493843064,0.001471552622146463,0.0014781263013938087,0.0015225226092373018,0.001438976039657163,0.001355372944407582,0.001354487851061212,0.0013442098298939468,0.0014112444655115769,0.0013497088689037736,0.0013743361284915914,0.0013367820922661458,0.001351832571022103,0.0013370884126355927,0.0013326461967989522,0.001428984523469654,0.0013830572815439527,0.0013341119317272397,0.0013358708136411847,0.001336163960626842,0.0013391462330574694,0.0013896587363636144,0.0013560802755412987,0.0014629908154232191,0.0013721137889368112,0.0014103198676962167,0.0013718093483357603,0.001379515221272678,0.0013819748439687788,0.001370466349545679,0.001369945763092151,0.001333996508993542,0.0013632850115063324,0.0013638540722141182,0.0013659940645640192,0.0014348401560403705,0.001393592018221382,0.0014573669066540844,0.0013583838112716461,0.0013919084892515781,0.0014476150579974566,0.0013903797661316446,0.0013965775185679971,0.001428688994798386,0.0013681727370168277,0.0013990381007936757,0.0013706896004166693,0.001365437025770585,0.0014070033896124855,0.0014029209854117001,0.0014055932158601033,0.0014088592752970407,0.001387236304876894,0.001405233202919746,0.0014006797476388104,0.0014097245897740287,0.0013934319583014823,0.0013435757229207132,0.0013887379989066019,0.0014013977984188102,0.0013900039829649812,0.0013869412737614372,0.001391650620548604,0.0014005509015082018,0.0013960872383405917,0.0013816199742257968,0.0014066231365000325,0.0013638585072568638,0.0013987586768440493,0.0014476700660059133,0.001387314809309202,0.0014118161692840791,0.0014052426336810635,0.0014127125605026723,0.0013881213982232636,0.0014046450395353348,0.0013856999447442126,0.001381015449432438,0.0014013582717338267,0.0014038662531750106,0.0013957950375492916,0.0014097500187798418,0.0014126089808061608,0.001403758047342463,0.0013837865421151983,0.0013949042940664905,0.00142130960134175,0.001384625635653423,0.001387314809309202,0.001406005077891202,0.0013791690492009731,0.0014029209854117001,0.001403477531472808,0.001434037793606876,0.00139587207567096,0.0014174245303032777,0.0014481662447754166,0.001445739370231151,0.0014701977637259433,0.0014363925354682994,0.0014340479909129632,0.0014363925354682994,0.0014363925354682994,0.0014387472773297228,0.0014434567610525696,0.0014411020191911462,0.0014292509085115407,0.001398167917900682,0.0014481662447754166,0.0014624449808320317
Vector - Sum double,N/A,N/A,N/A,N/A,N/A,N/A,N/A,N/A,N/A,N/A,N/A,N/A,N/A,N/A,N/A,N/A,N/A,N/A,N/A,N/A,N/A,N/A,N/A,N/A,N/A,N/A,N/A,N/A,N/A,N/A,N/A,N/A,N/A,N/A,N/A,N/A,N/A,N/A,N/A,N/A,N/A,N/A,N/A,N/A,N/A,N/A,N/A,N/A,N/A,N/A,N/A,N/A,N/A,N/A,N/A,N/A,N/A,N/A,N/A,N/A,N/A,N/A,N/A,N/A,N/A,N/A,N/A,N/A,N/A,N/A,N/A,N/A,N/A,N/A,N/A,N/A,N/A,N/A,N/A,N/A,N/A,N/A,N/A,N/A,N/A,N/A,N/A,N/A,N/A,N/A,N/A,N/A,N/A,N/A,N/A,0.0007672887858379541,0.0008033057067311683,0.0007660959478510782,0.0007645849104785909,0.0008139465586841354,0.0007603244050795006,0.0007677560421502557,0.0007602051673405294,0.0007721400973410275,0.0007603244050795006,0.0008051710539509504,0.0008018235928811108,0.0007778757092626805,0.0007618065189295581,0.0007570088705166114,0.0007647628412062001,0.0008012973385481255,0.0007736511347135148
Vector - Sum uint,N/A,N/A,N/A,N/A,N/A,N/A,N/A,N/A,N/A,N/A,N/A,N/A,N/A,N/A,N/A,N/A,N/A,N/A,N/A,N/A,N/A,N/A,N/A,N/A,N/A,N/A,N/A,N/A,N/A,N/A,N/A,N/A,N/A,N/A,N/A,N/A,N/A,N/A,N/A,N/A,N/A,N/A,N/A,N/A,N/A,N/A,N/A,N/A,N/A,N/A,N/A,N/A,N/A,N/A,N/A,N/A,N/A,N/A,N/A,N/A,N/A,N/A,N/A,N/A,N/A,N/A,N/A,N/A,N/A,N/A,N/A,N/A,N/A,N/A,N/A,N/A,N/A,N/A,N/A,N/A,N/A,N/A,N/A,N/A,N/A,N/A,N/A,N/A,N/A,N/A,N/A,N/A,N/A,N/A,N/A,0.0009342680714767958,0.0009326382388510444,0.0009342680714767958,0.0009554213108309874,0.0009070163092122794,0.00088228028280024,0.0008974050876482441,0.0008967675373567734,0.0008980067638547194,0.0009145986773220694,0.0009053081805696951,0.0009394707534213817,0.0009211924190168552,0.0008984756659993577,0.0009106685397901,0.0009545432392962596,0.0009108493586242477,0.0009444600360642569
WebSocket - PartialReceive_100KB,0.01,0.02,0.01,0.01,0.01,0.01,0.01,0.01,0.01,0.01,0.01,0.01,0.01,0.01,0.02,0.01,0.01,0.01,0.02,0.01,0.01,0.02,0.02,0.01,0.02,0.08,0.07,0.08,0.08,0.07,0.07,0.08,0.07,0.07,0.08,0.07,0.08,0.07,0.09,0.08,0.07,0.09,0.08,0.08,0.07,0.02,0.02,0.02,0.02,0.02,0.02,0.02,0.02,0.02,0.02,0.03,0.02,0.02,0.02,0.02,0.02,0.02,0.02,0.02,0.02,0.02,0.02,0.02,0.02,0.02,0.02,0.02,0.02,0.02,0.02,0.02,0.02,0.02,0.02,0.02,0.02,0.02,0.02,0.02,0.02,0.02,0.02,0.02,0.02,0.03,0.02,0.02,0.02,0.02,0.02,0.02,0.02,0.02,0.02,0.02,0.02,0.02,0.02,0.02,0.02,0.02,0.02,0.02,0.02,0.02,0.02,0.02,0.02
WebSocket - PartialReceive_10KB,0.013972055888223553,0.01996007984031936,0.017964071856287425,0.017964071856287425,0.015968063872255488,0.017964071856287425,0.015968063872255488,0.017964071856287425,0.015968063872255488,0.015968063872255488,0.017964071856287425,0.021956087824351298,0.015968063872255488,0.015968063872255488,0.015968063872255488,0.017964071856287425,0.017964071856287425,0.017964071856287425,0.017964071856287425,0.017964071856287425,0.017964071856287425,0.015968063872255488,0.01996007984031936,0.017964071856287425,0.017964071856287425,0.08383233532934131,0.06986027944111776,0.07784431137724551,0.07385229540918163,0.08183632734530938,0.08183632734530938,0.07385229540918163,0.0718562874251497,0.07784431137724551,0.07584830339321358,0.0718562874251497,0.0658682634730539,0.0718562874251497,0.0718562874251497,0.08183632734530938,0.07385229540918163,0.08582834331337326,0.07385229540918163,0.08582834331337326,0.0718562874251497,0.021956087824351298,0.021956087824351298,0.021956087824351298,0.023952095808383235,0.023952095808383235,0.023952095808383235,0.027944111776447105,0.02594810379241517,0.021956087824351298,0.023952095808383235,0.021956087824351298,0.021956087824351298,0.027944111776447105,0.023952095808383235,0.021956087824351298,0.05389221556886228,0.023952095808383235,0.02594810379241517,0.021956087824351298,0.023952095808383235,0.02594810379241517,0.023952095808383235,0.021956087824351298,0.023952095808383235,0.021956087824351298,0.027944111776447105,0.02594810379241517,0.027944111776447105,0.023952095808383235,0.023952095808383235,0.023952095808383235,0.02594810379241517,0.02594810379241517,0.021956087824351298,0.023952095808383235,0.023952095808383235,0.023952095808383235,0.023952095808383235,0.023952095808383235,0.021956087824351298,0.021956087824351298,0.029940119760479042,0.021956087824351298,0.021956087824351298,0.023952095808383235,0.021956087824351298,0.023952095808383235,0.023952095808383235,0.02594810379241517,0.023952095808383235,0.02594810379241517,0.023952095808383235,0.023952095808383235,0.023952095808383235,0.023952095808383235,0.023952095808383235,0.023952095808383235,0.023952095808383235,0.02594810379241517,0.029940119760479042,0.023952095808383235,0.023952095808383235,0.021956087824351298,0.023952095808383235,0.023952095808383235,0.023952095808383235,0.02594810379241517,0.023952095808383235
WebSocket - PartialReceive_1B,0.011778290993071594,0.012902232486528099,0.012525019245573518,0.012494226327944573,0.012525019245573518,0.012732871439568898,0.0126481909160893,0.012070823710546574,0.01195535026943803,0.012001539645881448,0.011978444957659738,0.011832178598922247,0.011970746728252503,0.011970746728252503,0.012309468822170901,0.01224788298691301,0.012140107775211701,0.012078521939953811,0.012132409545804464,0.012117013086989993,0.012286374133949191,0.012278675904541955,0.012455735180908391,0.012317167051578136,0.012525019245573518,0.0723094688221709,0.06374133949191686,0.06477290223248652,0.06462663587374903,0.06491147036181678,0.06837567359507313,0.06853733641262509,0.06383371824480369,0.06330254041570439,0.06615088529638183,0.0633256351039261,0.06280985373364126,0.06438029253271747,0.07131639722863742,0.06632794457274827,0.07100846805234796,0.07328714395688991,0.06314087759815243,0.07183987682832949,0.07245573518090839,0.018968437259430333,0.018883756735950732,0.019522709776751346,0.01943033102386451,0.018829869130100076,0.018937644341801386,0.018814472671285606,0.01919938414164742,0.01918398768283295,0.019083910700538876,0.019022324865280986,0.018914549653579676,0.019060816012317166,0.01924557351809084,0.018629715165511932,0.018899153194765202,0.018683602771362585,0.018829869130100076,0.019006928406466513,0.018814472671285606,0.018622016936104695,0.01899153194765204,0.018737490377213242,0.018791377983063896,0.019006928406466513,0.018860662047729022,0.018899153194765202,0.019006928406466513,0.01866050808314088,0.01918398768283295,0.019091608929946113,0.019022324865280986,0.018775981524249422,0.019060816012317166,0.01878367975365666,0.019253271747498076,0.01907621247113164,0.01890685142417244,0.01895304080061586,0.019260969976905313,0.01909930715935335,0.019130100076982293,0.01886836027713626,0.018591224018475752,0.019576597382602,0.019992301770592764,0.019799846035411857,0.019907621247113164,0.019438029253271746,0.020046189376443417,0.019399538106235566,0.019884526558891454,0.019607390300230947,0.019522709776751346,0.0199153194765204,0.019314857582755966,0.020831408775981525,0.019530408006158583,0.019468822170900693,0.019445727482678983,0.019822940723633563,0.019638183217859893,0.019568899153194767,0.01939183987682833,0.019961508852963817,0.019930715935334874,0.019753656658968437,0.0198306389530408
WebSocket - PartialSend_1B,0.008127490039840637,0.008621513944223107,0.008581673306772909,0.00852191235059761,0.008840637450199203,0.008669322709163346,0.00851792828685259,0.008434262948207172,0.008430278884462152,0.008418326693227092,0.008354581673306773,0.008262948207171314,0.008262948207171314,0.008318725099601593,0.008378486055776893,0.008613545816733069,0.008310756972111553,0.008366533864541833,0.00846215139442231,0.00854183266932271,0.008749003984063745,0.008673306772908366,0.008577689243027889,0.008689243027888446,0.008705179282868526,0.017641434262948206,0.017621513944223108,0.017673306772908366,0.017613545816733068,0.017163346613545818,0.01749003984063745,0.017378486055776892,0.01757370517928287,0.01750996015936255,0.015605577689243028,0.017179282868525898,0.017298804780876493,0.017752988047808765,0.01698804780876494,0.016888446215139442,0.017318725099601594,0.017247011952191235,0.01752988047808765,0.017318725099601594,0.017254980079681275,0.010645418326693227,0.010613545816733067,0.01099601593625498,0.010689243027888446,0.010569721115537849,0.01050597609561753,0.01056175298804781,0.011055776892430279,0.010880478087649402,0.0109800796812749,0.010609561752988049,0.010888446215139442,0.010725099601593626,0.010768924302788845,0.010669322709163346,0.010749003984063745,0.01050597609561753,0.010649402390438246,0.010669322709163346,0.010741035856573706,0.01056175298804781,0.010577689243027889,0.010705179282868526,0.010645418326693227,0.010677290836653386,0.010657370517928286,0.010593625498007969,0.010577689243027889,0.010788844621513945,0.01054980079681275,0.01050597609561753,0.010792828685258965,0.010737051792828686,0.010633466135458167,0.010928286852589642,0.010908366533864542,0.010776892430278885,0.010784860557768925,0.010589641434262949,0.010792828685258965,0.010745019920318725,0.010832669322709163,0.010940239043824702,0.010609561752988049,0.011179282868525896,0.011318725099601594,0.011318725099601594,0.011223107569721115,0.011231075697211155,0.011223107569721115,0.010968127490039841,0.011187250996015936,0.011111553784860558,0.011223107569721115,0.011254980079681275,0.011031872509960159,0.011685258964143427,0.011179282868525896,0.011059760956175299,0.011334661354581674,0.011466135458167331,0.011119521912350598,0.011163346613545816,0.01098804780876494,0.011342629482071712,0.011414342629482072,0.011139442231075698,0.011266932270916335
WebSocket - PartialSend_1MB,2.0545454545454547,2.1454545454545455,2.0636363636363635,2,1.8181818181818181,1.9636363636363636,2.1545454545454548,1.981818181818182,1.790909090909091,1.790909090909091,1.7,1.6272727272727272,1.7181818181818183,1.7,1.6363636363636365,1.6363636363636365,1.6181818181818182,1.6818181818181819,1.709090909090909,2.3636363636363638,2.018181818181818,1.9090909090909092,2.036363636363636,1.6818181818181819,1.4454545454545455,2.0636363636363635,1.7636363636363637,2.0727272727272728,2.172727272727273,2.2636363636363637,2.3181818181818183,1.690909090909091,2.2545454545454544,2.0727272727272728,1.7545454545454546,1.9363636363636363,1.8909090909090909,2.327272727272727,1.9363636363636363,2.2,1.5818181818181818,1.790909090909091,2.036363636363636,1.8272727272727274,1.7363636363636363,1.6272727272727272,1.6363636363636365,1.6181818181818182,2.2636363636363637,2.2363636363636363,1.6727272727272726,2.3181818181818183,2.2636363636363637,2.0727272727272728,1.9363636363636363,1.6181818181818182,1.6181818181818182,1.6363636363636365,1.6,1.6,1.4454545454545455,2.2363636363636363,2.2454545454545456,2.4727272727272727,1.6818181818181819,2.090909090909091,1.4545454545454546,1.490909090909091,1.5454545454545454,2.0272727272727273,1.4454545454545455,2.1818181818181817,2.1454545454545455,1.490909090909091,1.7727272727272727,2.1,1.6272727272727272,2.2818181818181817,1.9272727272727272,2.172727272727273,2.227272727272727,2.227272727272727,2.290909090909091,2.3545454545454545,2.2636363636363637,2.2545454545454544,2.2363636363636363,2.209090909090909,2.209090909090909,2.4909090909090907,1.6636363636363636,1.6454545454545455,1.6545454545454545,1.6636363636363636,1.709090909090909,2.3,1.7636363636363637,2.290909090909091,2.2818181818181817,1.6636363636363636,2.3,2.1545454545454548,2.1272727272727274,2.3363636363636364,2.1363636363636362,2.2818181818181817,2.3363636363636364,2.272727272727273,2.2636363636363637,2.2545454545454544,2.618181818181818,2.409090909090909,2.2636363636363637
WebSocket - PartialSend_64KB,0.13,0.1385,0.13925,0.13,0.1305,0.12525,0.1315,0.1265,0.123,0.1205,0.11875,0.118,0.1185,0.119,0.11325,0.119,0.11625,0.1175,0.11825,0.128,0.126,0.13175,0.11775,0.12025,0.1085,0.13875,0.155,0.16675,0.1715,0.171,0.17575,0.151,0.157,0.157,0.135,0.12925,0.1255,0.1755,0.1285,0.16525,0.123,0.135,0.14275,0.14525,0.1345,0.116,0.125,0.1185,0.14975,0.13975,0.122,0.15025,0.14325,0.13275,0.128,0.123,0.12425,0.1205,0.12425,0.11925,0.11325,0.14675,0.14825,0.145,0.116,0.1335,0.11225,0.1055,0.12,0.131,0.11375,0.15125,0.157,0.12175,0.13325,0.12625,0.1255,0.14875,0.13925,0.14025,0.1555,0.15225,0.15475,0.16275,0.158,0.1555,0.1495,0.14475,0.151,0.161,0.1185,0.1185,0.1185,0.1185,0.14375,0.1585,0.139,0.1655,0.1685,0.1365,0.16225,0.16225,0.15575,0.161,0.1655,0.16375,0.16275,0.16275,0.16325,0.1635,0.16425,0.1605,0.17025
