Task - Measurement,7/9/2022,7/12/2022,7/18/2022,7/21/2022,7/21/2022,7/22/2022,7/23/2022,7/24/2022,7/25/2022,7/26/2022,7/27/2022,7/28/2022,7/29/2022,7/30/2022,7/31/2022,8/2/2022,8/2/2022,8/3/2022,8/5/2022,8/6/2022,8/7/2022,8/8/2022,8/9/2022,8/10/2022,8/12/2022,8/12/2022,8/12/2022,8/12/2022,8/12/2022,8/12/2022,8/12/2022,8/13/2022,8/14/2022,8/16/2022,8/16/2022,8/17/2022,8/18/2022,8/19/2022,8/20/2022,8/21/2022,8/22/2022,8/23/2022,8/24/2022,8/25/2022,8/26/2022,8/27/2022,8/27/2022,8/29/2022,8/30/2022,8/31/2022,8/31/2022,9/1/2022,9/3/2022,9/4/2022,9/5/2022,9/6/2022,9/6/2022
AppStart - Page show,110.28301886792453,124.20930232558139,120.14,119.62222222222222,116.95454545454545,125.5,123.85714285714286,127,125.5609756097561,121.20408163265306,121.14893617021276,126.04878048780488,130.7608695652174,125.30434782608695,132.26829268292684,128.25641025641025,123.47826086956522,127.34146341463415,128.91304347826087,126.02083333333333,128.21428571428572,130.5121951219512,118.1842105263158,123.05882352941177,112.11320754716981,122.5952380952381,114.22916666666667,118.0952380952381,113.45238095238095,112.52830188679245,109.62,112.04347826086956,111.55102040816327,121.15217391304348,110.16981132075472,114.65217391304348,114.17777777777778,117.11627906976744,118.08695652173913,117.61538461538461,117.95744680851064,116.56818181818181,115.56862745098039,119.325,116.94,117.64864864864865,115.83720930232558,124.05128205128206,122.65,119.9047619047619,193.75862068965517,195.75862068965517,192.92857142857142,201.92592592592592,199.48275862068965,200,116.90566037735849
AppStart - Reach managed,872.5,962.625,954.125,966,948.625,967,969,972.75,970.125,934.25,941.5,954.625,961.5,955,965.5,961.25,977.125,978.75,975.375,974.125,972.75,969.375,998.25,990.375,946,991.7142857142857,1001.125,1004,984.625,1022.8571428571429,1004.7142857142857,1004.2857142857143,1013.4285714285714,1050.5714285714287,999.875,1015.2857142857143,1052,1050.142857142857,1044.142857142857,1036.4285714285713,1045.2857142857142,1049.4285714285713,1550.6666666666667,1061.857142857143,1057.5714285714287,1052.7142857142858,1056.142857142857,1061.142857142857,1058.4285714285713,1051.4285714285713,1553.3333333333333,1562.6666666666667,1630,1635,1678,1629.3333333333333,1012.7142857142857
Exceptions - NoExceptionHandling,4.029003103762036E-05,4.00301347874556E-05,4.032058367170225E-05,4.0130712219484E-05,4.003009535350668E-05,4.0064489922092113E-05,4.003009535350668E-05,4.00950792745351E-05,4.0064489922092113E-05,4.087488632687614E-05,4.003009535350668E-05,3.996639253460933E-05,4.003009535350668E-05,4.003009535350668E-05,4.003009535350668E-05,4.003009535350668E-05,4.003009535350668E-05,4.00301347874556E-05,4.003009535350668E-05,4.003009535350668E-05,4.003009535350668E-05,4.003009535350668E-05,4.003009535350668E-05,4.0130712219484E-05,4.00950792745351E-05,4.003009535350668E-05,4.009387704030187E-05,4.00301347874556E-05,4.003009535350668E-05,4.0130712219484E-05,4.003009535350668E-05,4.032937911165967E-05,4.003009535350668E-05,4.003009535350668E-05,4.019693451687589E-05,4.003009535350668E-05,4.003009535350668E-05,4.003009535350668E-05,4.003009535350668E-05,4.4773921588581334E-05,4.003009535350668E-05,3.996639253460933E-05,4.048498280070562E-05,4.022504711659194E-05,4.019693451687589E-05,4.0348846051686935E-05,4.022504711659194E-05,4.003009535350668E-05,4.003009535350668E-05,4.00950792745351E-05,4.0461823706443444E-05,4.0939870247904564E-05,4.300996769091227E-05,4.00950792745351E-05,4.0130712219484E-05,4.00950792745351E-05,4.003009535350668E-05
Exceptions - TryCatch,5.372818215412278E-05,5.3892237672150635E-05,5.342927431163332E-05,5.47225699076789E-05,5.375096960776842E-05,5.3510105286386164E-05,5.3671767235891865E-05,5.359093626113901E-05,5.407592210965611E-05,5.343244534342609E-05,5.356412663609492E-05,5.3892237672150635E-05,5.448007698342036E-05,5.4318415033914656E-05,5.4069493872110756E-05,5.4823266281061505E-05,5.448007698342036E-05,5.383342918539756E-05,5.423758405916181E-05,5.407592210965611E-05,5.4548459744262056E-05,5.372818215412278E-05,5.3671767235891865E-05,5.4548459744262056E-05,5.364615439510885E-05,5.3671767235891865E-05,5.3671767235891865E-05,5.3510105286386164E-05,5.3510105286386164E-05,5.3671767235891865E-05,5.342927431163332E-05,5.43844042262342E-05,5.4069493872110756E-05,5.448007698342036E-05,5.4318415033914656E-05,5.343244534342609E-05,5.4399246008667504E-05,5.448007698342036E-05,5.446643198524813E-05,5.858788548997781E-05,5.423758405916181E-05,5.451003550559015E-05,5.384426407956768E-05,5.3482098877080996E-05,5.3810209913136706E-05,5.3400071118067067E-05,5.334844333688046E-05,5.3510105286386164E-05,5.359093626113901E-05,5.372818215412278E-05,5.3510105286386164E-05,5.423758405916181E-05,5.6271042683554544E-05,5.359093626113901E-05,5.3671767235891865E-05,5.359093626113901E-05,5.335281427734051E-05
Exceptions - TryCatchFilter,5.4810227945706065E-05,5.484618479762759E-05,5.4594486834176934E-05,5.4859197452721373E-05,5.4537647620557106E-05,5.455162804804251E-05,5.455852998225541E-05,5.4474630661105194E-05,5.455852998225541E-05,5.4621530185469527E-05,5.459356933049872E-05,5.465441492071281E-05,5.471939317786734E-05,5.474735403283815E-05,5.4666400538019975E-05,5.473337360535275E-05,5.4786256711091715E-05,5.492909959014839E-05,5.479824232839889E-05,5.472632862455585E-05,5.479824232839889E-05,5.467745189541114E-05,5.469143232289654E-05,5.4786256711091715E-05,5.460754975798412E-05,5.477531488780896E-05,5.4738314241863023E-05,5.483123659775057E-05,5.467745189541114E-05,5.4738314241863023E-05,5.4690371772634325E-05,5.477427109378454E-05,5.4762285476477366E-05,5.4786256711091715E-05,5.473337360535275E-05,5.4882141649549106E-05,5.479824232839889E-05,5.479824232839889E-05,5.4666400538019975E-05,6.0353505454484755E-05,5.4714343007248674E-05,5.474735403283815E-05,5.4474630661105194E-05,5.443867380918368E-05,5.4621530185469527E-05,5.464949104044033E-05,5.442580420067388E-05,5.4467745483130093E-05,5.446264504379802E-05,5.4485514485514485E-05,5.45096867655863E-05,5.5996804059116276E-05,5.96265232252438E-05,5.4537647620557106E-05,5.4523667193071705E-05,5.45096867655863E-05,5.451058751302672E-05
Exceptions - TryCatchFilterInline,4.861366379789718E-05,4.948861386132087E-05,4.8721534353661745E-05,4.933280083632761E-05,4.873351997096892E-05,4.918897342864152E-05,4.915301657672E-05,4.861366379789718E-05,4.8505793242132615E-05,4.9029359191308323E-05,4.900918916903392E-05,4.868557750174022E-05,4.873351997096892E-05,4.884115884115884E-05,4.873351997096892E-05,4.890131861326935E-05,4.849150849150849E-05,4.8745505588276094E-05,4.8505793242132615E-05,4.8505793242132615E-05,4.885114885114885E-05,4.8793448057504786E-05,4.873126873126873E-05,4.890131861326935E-05,4.879120879120879E-05,4.876947682289044E-05,4.875749120558326E-05,4.8526063801833814E-05,4.8505793242132615E-05,4.85014985014985E-05,4.900918916903392E-05,4.911705972479848E-05,4.914103095941283E-05,4.896124669980522E-05,4.9548541947856736E-05,4.878146244019761E-05,4.872127872127872E-05,4.885114885114885E-05,4.885337614404065E-05,5.4335664335664334E-05,4.886159406148349E-05,4.884115884115884E-05,4.8793448057504786E-05,4.854145854145854E-05,4.885337614404065E-05,4.8741258741258745E-05,4.8529764476746964E-05,4.8625649415204354E-05,4.854175009405414E-05,4.8553735711361306E-05,4.875749120558326E-05,5.019576528244413E-05,5.6193806193806194E-05,4.8529764476746964E-05,4.859596593926083E-05,4.8841390526733485E-05,5.2796644238100855E-05
Exceptions - TryCatchFilterThrow,0.15449489148177256,0.15878604453096484,0.1577511870845204,0.16282789017783356,0.16359026990594652,0.161407340654641,0.16238205202709935,0.16199098479639393,0.1619081099257176,0.15469972410143995,0.1623150732061623,0.15787754730022255,0.16816471894175325,0.16943067586973642,0.1607548781790166,0.16486973871004873,0.1619711314367803,0.15550847457627118,0.16174853372434017,0.16670256631177302,0.1657779075485616,0.1623293694796008,0.16476710183969975,0.15796228650409716,0.1636833151982345,0.1636661712657239,0.16778657953950005,0.16640012302014454,0.16763709180529882,0.16371576326374257,0.16940882173547148,0.1686631750268044,0.16970754993897635,0.16176425646354134,0.16896376095814297,0.16741635344137037,0.16793840177580466,0.168850106471623,0.15756581695028513,0.16637701665615723,0.16716335158361634,0.1663808417863158,0.16475351383681075,0.16538281352001044,0.15934329403347466,0.16812577065351417,0.1658354785415146,0.15879870747006272,0.16664486894440042,0.16560367615417718,0.15864843488577252,0.15964121463162062,0.1644950265735124,0.16437557979959058,0.15989060797891386,0.1645142489033406,0.165791799561926
Exceptions - TryCatchFilterThrowApplies,0.14677099339131472,0.15071734394952302,0.1482517901100628,0.15483905116940272,0.15495992741569636,0.14507020245987634,0.15263189620096745,0.15237786880308415,0.1526423652446467,0.14525260190000075,0.1539425414031009,0.14429535187826914,0.15949444190650222,0.16018625777344225,0.15156756431563354,0.15599893991595049,0.15358730015014674,0.14702348524988992,0.14598616329695235,0.14960346611096953,0.1561725822947839,0.15329567991071766,0.15551888827496424,0.14884267576955323,0.14877864366938412,0.15388448471121177,0.15934705680910163,0.15792592592592591,0.15780598409406832,0.15322252220998808,0.1603757758765308,0.15956960752958377,0.16018414774502854,0.15245569505848328,0.15980166648894847,0.1576673374084058,0.15779443141006658,0.15975528924171664,0.14883073329939814,0.1504681950274459,0.15767978197663385,0.15751463742472452,0.15505733485520776,0.15598991268260542,0.14928748474251355,0.15939546215928124,0.1489355338034383,0.14979526330788498,0.15700779993323014,0.15674183296546598,0.14966802056324097,0.15093588510996275,0.14955820524158192,0.14946997790013858,0.1508281690140845,0.1493182499250824,0.15654566957787483
Exceptions - TryCatchThrow,0.13787152163216146,0.14242457893762725,0.1325866527208809,0.14792961359268317,0.1452185233401525,0.14330188049899564,0.14421077645101882,0.1445570899793373,0.14313779273635752,0.14490101109300715,0.14487051718752325,0.14229269483762605,0.15052109516270623,0.1502029973058768,0.14352040702805735,0.14829830204203756,0.14376057718001248,0.14631546780552884,0.14456237364728267,0.14818387813250175,0.14824064243094914,0.1440184709498285,0.14655493759971372,0.14836344592825346,0.1455716466252187,0.14556844167355665,0.1493781532764088,0.1467531983141248,0.15017515433835169,0.14396768708745722,0.15148598966987195,0.14916059241723914,0.15023301539177356,0.1494257182270737,0.1515208439782393,0.1492359550561798,0.15067237623018556,0.15139984508832222,0.1420744393357174,0.1499782390107004,0.14973506509079734,0.14909382421913045,0.14687108512796038,0.14698681873143352,0.14226402806352778,0.15030776159735776,0.14856552776904772,0.1484681207551686,0.14841956494103747,0.14750351092120598,0.1814137537270824,0.1748424311962655,0.20214029007829548,0.19352272270663398,0.18131144941325722,0.19935482838114754,0.1479858847453572
JSInterop - JSExportInt,N/A,N/A,N/A,N/A,N/A,N/A,N/A,N/A,N/A,N/A,N/A,N/A,N/A,N/A,N/A,N/A,N/A,N/A,N/A,N/A,N/A,N/A,N/A,N/A,N/A,N/A,N/A,N/A,N/A,N/A,N/A,N/A,N/A,N/A,N/A,N/A,N/A,N/A,N/A,N/A,N/A,N/A,14.160220994475138,14.21875,13.671122994652407,14.368876080691642,14.602305475504323,13.300261096605745,14.48870056497175,13.614973262032086,13.436842105263159,13.940054495912806,14.19060773480663,14.165745856353592,14.392655367231638,14.140883977900552,14.008287292817679
JSInterop - JSExportString,N/A,N/A,N/A,N/A,N/A,N/A,N/A,N/A,N/A,N/A,N/A,N/A,N/A,N/A,N/A,N/A,N/A,N/A,N/A,N/A,N/A,N/A,N/A,N/A,N/A,N/A,N/A,N/A,N/A,N/A,N/A,N/A,N/A,N/A,N/A,N/A,N/A,N/A,N/A,N/A,N/A,N/A,162.5,168.89743589743588,167.7948717948718,167,167.4102564102564,166.525,166.51282051282053,167.375,164.66666666666666,162.0909090909091,173.51612903225808,171.25,168.71875,174.09677419354838,171.09375
JSInterop - JSImportFail,N/A,N/A,N/A,N/A,N/A,N/A,N/A,N/A,N/A,N/A,N/A,N/A,N/A,N/A,N/A,N/A,N/A,N/A,N/A,N/A,N/A,N/A,N/A,N/A,N/A,N/A,N/A,N/A,N/A,N/A,N/A,N/A,N/A,N/A,N/A,N/A,N/A,N/A,N/A,N/A,N/A,N/A,2828.5454545454545,2896.2727272727275,2858.7272727272725,2934.818181818182,2843.7272727272725,2841.5454545454545,2954.818181818182,2798,2832,2811,2858.5,2777.5,2784,2785.5,2824
JSInterop - JSImportInt,N/A,N/A,N/A,N/A,N/A,N/A,N/A,N/A,N/A,N/A,N/A,N/A,N/A,N/A,N/A,N/A,N/A,N/A,N/A,N/A,N/A,N/A,N/A,N/A,N/A,N/A,N/A,N/A,N/A,N/A,N/A,N/A,N/A,N/A,N/A,N/A,N/A,N/A,N/A,N/A,N/A,N/A,4.429973238180196,4.4549509366636935,4.447643979057592,4.439790575916231,4.462087421944692,4.465095986038395,4.460766423357664,4.430887372013652,4.490633363068689,4.574817518248175,4.528991971454059,4.5887600356824265,4.493613138686132,5.194644696189496,5.071717171717172
JSInterop - JSImportManyArgs,N/A,N/A,N/A,N/A,N/A,N/A,N/A,N/A,N/A,N/A,N/A,N/A,N/A,N/A,N/A,N/A,N/A,N/A,N/A,N/A,N/A,N/A,N/A,N/A,N/A,N/A,N/A,N/A,N/A,N/A,N/A,N/A,N/A,N/A,N/A,N/A,N/A,N/A,N/A,N/A,N/A,N/A,181.13513513513513,131.72916666666666,142.57777777777778,141.3111111111111,141.62222222222223,142.64444444444445,140.53333333333333,179.1290322580645,142.97368421052633,159.02941176470588,199.85714285714286,198.21428571428572,184.2,189.24137931034483,158.5
JSInterop - JSImportString,N/A,N/A,N/A,N/A,N/A,N/A,N/A,N/A,N/A,N/A,N/A,N/A,N/A,N/A,N/A,N/A,N/A,N/A,N/A,N/A,N/A,N/A,N/A,N/A,N/A,N/A,N/A,N/A,N/A,N/A,N/A,N/A,N/A,N/A,N/A,N/A,N/A,N/A,N/A,N/A,N/A,N/A,132.59574468085106,134.51063829787233,136.29787234042553,134.80851063829786,135.06382978723406,133.70212765957447,134.17021276595744,126.73809523809524,134.15,136.25,137.69230769230768,135.7,131.26829268292684,136.35,137.30769230769232
JSInterop - JSImportTask,N/A,N/A,N/A,N/A,N/A,N/A,N/A,N/A,N/A,N/A,N/A,N/A,N/A,N/A,N/A,N/A,N/A,N/A,N/A,N/A,N/A,N/A,N/A,N/A,N/A,N/A,N/A,N/A,N/A,N/A,N/A,N/A,N/A,N/A,N/A,N/A,N/A,N/A,N/A,N/A,N/A,N/A,1163.2142857142858,1170.142857142857,1176.9285714285713,1173.7142857142858,1172.0714285714287,1153.7857142857142,1178.357142857143,1154.6,1157.4,1147.4,1171.2,1182.8,1146.6,1153.8,1173
JSInterop - JSImportTaskFail,N/A,N/A,N/A,N/A,N/A,N/A,N/A,N/A,N/A,N/A,N/A,N/A,N/A,N/A,N/A,N/A,N/A,N/A,N/A,N/A,N/A,N/A,N/A,N/A,N/A,N/A,N/A,N/A,N/A,N/A,N/A,N/A,N/A,N/A,N/A,N/A,N/A,N/A,N/A,N/A,N/A,N/A,7335.1,7205.7,7368.3,7313.3,7346.2,7288.7,7467.5,7105,7226,7159,7141,7297,6997,7156,6983
JSInterop - LegacyExportInt,N/A,N/A,N/A,N/A,N/A,N/A,N/A,N/A,N/A,N/A,N/A,N/A,N/A,N/A,N/A,N/A,N/A,N/A,N/A,N/A,N/A,N/A,N/A,N/A,N/A,N/A,N/A,N/A,N/A,N/A,N/A,N/A,N/A,N/A,N/A,N/A,N/A,N/A,N/A,N/A,N/A,N/A,23.94859813084112,24.232558139534884,22.582608695652173,23.536036036036037,22.934782608695652,23.44144144144144,24.293023255813953,22.712389380530972,23.58411214953271,24.066350710900473,22.699551569506728,23.714953271028037,22.85201793721973,23.61214953271028,25.512820512820515
JSInterop - LegacyExportString,N/A,N/A,N/A,N/A,N/A,N/A,N/A,N/A,N/A,N/A,N/A,N/A,N/A,N/A,N/A,N/A,N/A,N/A,N/A,N/A,N/A,N/A,N/A,N/A,N/A,N/A,N/A,N/A,N/A,N/A,N/A,N/A,N/A,N/A,N/A,N/A,N/A,N/A,N/A,N/A,N/A,N/A,180.86486486486487,182.75675675675674,181.45945945945945,175.55263157894737,169.87179487179486,181.7027027027027,181.75675675675674,173.1290322580645,181.1,183.33333333333334,181.8,180.33333333333334,179.43333333333334,183.1,182.83333333333334
Json - large deserialize,47.26548672566372,45.76923076923077,47.25438596491228,46.525862068965516,44.421487603305785,45.76068376068376,45.134453781512605,45.8034188034188,45.168067226890756,45.64102564102564,45.09243697478992,43.84552845528455,45.376068376068375,44.14754098360656,44.825,47.32743362831859,45.72649572649573,47.13157894736842,41.9453125,42.046875,42.01550387596899,42.21875,43.16935483870968,42,42,41.604651162790695,42.552,42.5078125,41.152671755725194,40.609022556390975,40.291044776119406,43.153225806451616,41.736434108527135,42.536,42.2093023255814,43.32258064516129,41.2442748091603,41.58914728682171,42.3359375,42.21875,43.04,40.59398496240601,43.21951219512195,42.21875,43.959349593495936,42.936,41.859375,42.301587301587304,42.552,42.23015873015873,41.11450381679389,42.404761904761905,41.57364341085271,41.292307692307695,42.125,42.448,41.734375
Json - large serialize,28.2090395480226,28.878612716763005,29.08187134502924,28.542857142857144,28.11049723756906,28.78857142857143,29.36994219653179,29.057803468208093,28.446927374301676,27.76243093922652,28.588571428571427,28.2090395480226,29.349112426035504,29.18285714285714,28.273224043715846,28.96,28.474285714285713,28.52542372881356,25.677083333333332,27.03157894736842,27.16216216216216,25.74871794871795,26.53684210526316,26.689473684210526,26.78421052631579,26.324468085106382,26.307291666666668,26.510416666666668,26.005128205128205,25.685279187817258,25.482233502538072,26.842105263157894,26.203125,27.043243243243243,26.731578947368423,27.27027027027027,25.6,27.248648648648647,27.05945945945946,26.373684210526317,26.40625,26.647368421052633,26.436842105263157,26.44736842105263,26.568421052631578,27.143617021276597,25.794871794871796,27.254054054054055,27,26.956756756756757,26.174358974358974,26.58421052631579,26.67027027027027,26.521052631578947,26.197916666666668,26.1,26.94148936170213
Json - non-ASCII text deserialize,1.8970087088224157,1.9060961756910262,1.8805166846071044,1.8815931108719053,1.8826202196137827,1.899601593625498,1.9003727549983056,1.89594546106925,1.8962514199166982,1.8989019310867097,1.8909503975766755,1.8955866523143166,1.8815931108719053,1.8784551306323363,1.9143426294820718,1.8864066641423702,1.89203187250996,1.89989235737352,1.9326012873911398,1.9167330677290837,1.9148049981067778,1.9246497538811056,1.9121544869367664,1.927161822748475,1.9261643316925408,1.925407042786823,1.9163346613545817,1.908366533864542,1.920863309352518,1.9329799318439984,1.904556871187657,1.9083680424081788,1.913885898815931,1.9170768648239302,1.9072321090496025,3.852075471698113,3.8649056603773584,3.86188679245283,3.868679245283019,3.849811320754717,3.8860377358490568,3.8515873015873017,3.8606811145510838,3.8606811145510838,3.8875471698113206,3.8679245283018866,3.8544891640866874,3.8792569659442724,3.8611320754716982,3.858359133126935,3.890092879256966,3.884674922600619,3.8913207547169812,3.898867924528302,3.8722910216718267,3.8544891640866874,3.8537151702786376
Json - non-ASCII text serialize,1.181119648737651,1.1867816091954022,1.1787047200878156,1.1861690450054885,1.1914171656686627,1.2097701149425288,1.1934865900383143,1.2090010976948409,1.1989942528735633,1.1954091816367265,1.1878243512974052,1.1920965971459934,1.1832335329341317,1.1822173435784853,1.1984632272228322,1.185290889132821,1.1885839736553239,1.2006586169045006,1.2025862068965518,1.1850713501646541,1.1677277716794732,1.1888223552894213,1.1762897914379802,1.193812375249501,1.2119760479041917,1.1962678375411635,1.1831896551724137,1.1776070252469812,1.2024149286498353,1.2111964873765093,1.1773874862788145,1.217564870259481,1.1940119760479042,1.189681668496158,1.1784851811196488,1.1952095808383234,1.1858283433133732,1.1903402854006586,1.1953896816684961,1.1747530186608124,1.1802395209580838,1.17624750499002,1.1881448957189902,1.1916167664670658,1.211635565312843,1.1831896551724137,1.19061876247505,1.2011976047904191,1.1881448957189902,1.183433133732535,1.1962075848303393,1.2121756487025948,1.1882235528942116,1.1884578544061302,1.1923161361141603,1.177445109780439,1.1762897914379802
Json - small deserialize,0.1665466906618676,0.16106778644271147,0.16613354658136745,0.163734506197521,0.15572885422915417,0.16081567373050779,0.1585765693722511,0.1602558976409436,0.15796840631873627,0.1604158336665334,0.1572171131547381,0.1544491101779644,0.16016796640671865,0.15546890621875625,0.15829668132746902,0.16609356257497002,0.16109556177528989,0.16621351459416234,0.14670131947221113,0.14662135145941624,0.14658136745301878,0.1484606157536985,0.1519392243102759,0.14663067386522696,0.1479408236705318,0.146750649870026,0.14986005597760896,0.1498500299940012,0.14406237504998,0.14257148570285944,0.14175164967006598,0.15169932027189123,0.14670131947221113,0.1492203118752499,0.14878048780487804,0.15289884046381447,0.14514194322271093,0.14669066186762647,0.14810075969612155,0.1479408236705318,0.1512594962015194,0.1425114977004599,0.1516593362654938,0.14778088764494202,0.15393842463014795,0.15051571120172702,0.14731053789242152,0.14842063174730108,0.1497001199520192,0.14910035985605757,0.14391121775644872,0.14897020595880825,0.14614154338264695,0.14526189524190325,0.1484503099380124,0.14850059976009597,0.14603079384123174
Json - small serialize,0.09888022395520896,0.0999000199960008,0.09984006397441024,0.09924015196960607,0.09788042391521695,0.09926014797040592,0.10179928028788485,0.09988004798080767,0.09856028794241152,0.0962015193922431,0.0991001799640072,0.09726054789042192,0.10111955217912835,0.10073985202959408,0.09880047980807677,0.10007998400319935,0.0982003599280144,0.09844031193761248,0.08944211157768446,0.09248150369926014,0.09302139572085583,0.08792483006797282,0.09228154369126175,0.09174165166966607,0.09352129574085183,0.09034193161367726,0.0902619476104779,0.09056188762247551,0.09038192361527694,0.08948210357928414,0.08882223555288943,0.09296281487405038,0.09088182363527295,0.09372251099560176,0.09332133573285344,0.09414117176564687,0.08900219956008798,0.0937012597480504,0.09338132373525294,0.09024390243902439,0.09068372650939624,0.09168166366726654,0.09162167566486702,0.09118176364727054,0.09080367852858856,0.0921615676864627,0.08952209558088382,0.0937624950019992,0.09284286285485806,0.09304139172165567,0.09076369452219113,0.09148340663734507,0.09098180363927215,0.09134173165366927,0.0899640143942423,0.08972411035585766,0.09248150369926014
Span - IndexOf bytes,N/A,N/A,N/A,N/A,N/A,N/A,N/A,N/A,N/A,N/A,N/A,N/A,N/A,N/A,N/A,N/A,N/A,N/A,N/A,N/A,N/A,N/A,N/A,N/A,N/A,N/A,N/A,N/A,N/A,N/A,N/A,N/A,N/A,N/A,N/A,N/A,N/A,N/A,N/A,N/A,N/A,N/A,N/A,N/A,N/A,N/A,N/A,N/A,N/A,0.008313099041533547,0.008311372390026352,0.008302984125208832,0.008307178257617592,0.00839776357827476,0.008285942492012779,0.008285942492012779,0.008290285775889175
Span - IndexOf chars,N/A,N/A,N/A,N/A,N/A,N/A,N/A,N/A,N/A,N/A,N/A,N/A,N/A,N/A,N/A,N/A,N/A,N/A,N/A,N/A,N/A,N/A,N/A,N/A,N/A,N/A,N/A,N/A,N/A,N/A,N/A,N/A,N/A,N/A,N/A,N/A,N/A,N/A,N/A,N/A,N/A,N/A,N/A,N/A,N/A,N/A,N/A,N/A,N/A,1.2719298245614035,1.2647058823529411,1.2698658410732715,1.2796296296296297,1.2708978328173375,1.2657378740970073,1.2649638802889578,1.2632275132275133
Span - Reverse bytes,N/A,N/A,N/A,N/A,N/A,N/A,N/A,N/A,N/A,N/A,N/A,N/A,N/A,N/A,N/A,N/A,N/A,N/A,N/A,N/A,N/A,N/A,N/A,N/A,N/A,N/A,N/A,N/A,N/A,N/A,N/A,N/A,N/A,N/A,N/A,N/A,N/A,N/A,N/A,N/A,N/A,N/A,N/A,N/A,N/A,N/A,N/A,N/A,N/A,0.08188724510195922,0.08187087747351589,0.08186058909769425,0.08186058909769425,0.08189028860894487,0.08186058909769425,0.08186058909769425,0.08187087747351589
Span - Reverse chars,N/A,N/A,N/A,N/A,N/A,N/A,N/A,N/A,N/A,N/A,N/A,N/A,N/A,N/A,N/A,N/A,N/A,N/A,N/A,N/A,N/A,N/A,N/A,N/A,N/A,N/A,N/A,N/A,N/A,N/A,N/A,N/A,N/A,N/A,N/A,N/A,N/A,N/A,N/A,N/A,N/A,N/A,N/A,N/A,N/A,N/A,N/A,N/A,N/A,0.08189086548071157,0.08188724510195922,0.0819005731040917,0.0819005731040917,0.0819005731040917,0.0819005731040917,0.08189086548071157,0.08189086548071157
Vector - Add 2 Vector128's,0.0012870762993730856,0.0012882988710406704,0.0012832095228130609,0.0005872975201469383,0.000606263607032224,0.0005861265053804943,0.0005867378208812855,0.0005898023948538497,0.0005883047049551263,0.0005858277453311378,0.0005891484117641174,0.000615441509601124,0.0006088466046256166,0.0006235637276611407,0.0006058602325612358,0.0006219273301737757,0.0005898023948538497,0.000618054585157457,0.0005997906060812423,0.0005926437685442237,0.000590474236749675,0.0005921616503676573,0.0005911974140145245,0.0005966060939803413,0.0005939695935297813,0.0005914384731028077,0.0005902331776613918,0.0005896305299406838,0.0006077518863334949,0.000588616624055993,0.0005870525576776382,0.0005871936990985651,0.0005880636458668431,0.0006026076744781931,0.0005876680074177078,0.0005874308532581365,0.0005909719571864395,0.0005927642980883653,0.0006249605055292259,0.0005975854798540291,0.0005922821799117989,0.0005893894708524006,0.000599055718673342,0.0005964836127456912,0.00059256421323689,0.0005928848276325069,0.0005934874753532149,0.0005944517117063476,0.0005878225867785599,0.0006346951334486187,0.0005901145885438892,0.0005890278822199758,0.0005918000617352326,0.00058897235529535,0.0005843478491837095,0.0005868583504254271,0.0005902370697785393
Vector - Create Vector128,5.17136012685057E-05,5.143028386508304E-05,5.1238266734002E-05,5.144797314628304E-05,5.1461953573768444E-05,5.147852147852148E-05,5.1562125655461946E-05,5.121454275355391E-05,5.001598102283652E-05,4.99000999000999E-05,4.9932081701686306E-05,4.997002997002997E-05,4.9908110467071956E-05,5.019576528244413E-05,4.995004995004995E-05,4.996803855360782E-05,4.9980028260315724E-05,4.996803855360782E-05,5.003995225745087E-05,4.999200978822217E-05,4.9908110467071956E-05,4.996803855360782E-05,4.996805111821086E-05,5.0147822813215436E-05,5.016983016983017E-05,5.028759766499459E-05,5.012385157860109E-05,4.995605293630065E-05,5.091490232087456E-05,5.011186596129391E-05,4.997002997002997E-05,5.023172213436565E-05,5.0189734672596776E-05,5.018377966513695E-05,5.015984015984016E-05,4.994005994005994E-05,5.0351578307437385E-05,4.999200978822217E-05,5.000399540552935E-05,5.5854145854145856E-05,4.996803855360782E-05,5.017179404782978E-05,4.987215361515043E-05,5.000399540552935E-05,4.996803855360782E-05,4.988216526791791E-05,4.987215361515043E-05,5.000399540552935E-05,4.997002997002997E-05,4.988413923245761E-05,5.003995225745087E-05,5.145425509969738E-05,5.7578905543663224E-05,4.995605293630065E-05,4.998001998001998E-05,4.994406731899348E-05,5.01998001998002E-05
Vector - Multiply 2 Vector128's,0.0012873297107334663,0.0012869821889914606,0.001282454989577381,0.000588616624055993,0.0006086092549760451,0.0005856521970613517,0.0005874342941271965,0.0005896305299406838,0.0005885223324934387,0.0005852153391578876,0.000588666293587551,0.0005921967695329399,0.0006208573784410491,0.0006396763211758788,0.00059256421323689,0.0006140916271721959,0.0005897510594848254,0.0006024851932435432,0.0006128284340447908,0.0005937890255833904,0.0005902767031729922,0.0006158148061091716,0.0005959936878070911,0.0005952588003991908,0.0005977084250921917,0.0005969735376842914,0.000598688274969392,0.0005922821799117989,0.000607996848802795,0.000588616624055993,0.0005885457640434095,0.00058897235529535,0.0005887352011357787,0.0006007704559584426,0.0005877841656543717,0.0005880237386570648,0.0005873404686019935,0.0005932991006447902,0.0006118167456556082,0.0006199210676976951,0.0005937890255833904,0.000594331182162206,0.0005977060093981707,0.000601505106634014,0.00062688926918125,0.0005920742882982898,0.0005924027094559405,0.0005953812816338409,0.0005925232390000821,0.0006463312108951766,0.000611086383673902,0.0006133261627221876,0.0005915590026469494,0.0005905138573325635,0.0005846888186308783,0.0005868583504254271,0.000589747144839939
WebSocket - PartialReceive_100KB,0.02,0.1,0.06,0.08,0.08,0.06,0.07,0.07,0.07,0.03,0.01,0.02,0.01,0.03,0.01,0.02,0.02,0.03,0.03,0.03,0.02,0.03,0.03,0.02,0.02,0.02,0.03,0.01,0.02,0.02,0.02,0.01,0.02,0.02,0.03,0.02,0.03,0.03,0.02,0.03,0.02,0.02,0.02,0.02,0.03,0.03,0.02,0,0.03,0.03,0.02,0.02,0.03,0.03,0.03,0.02,0.02
WebSocket - PartialReceive_10KB,0.015968063872255488,0.059880239520958084,0.07784431137724551,0.05788423153692615,0.05788423153692615,0.07584830339321358,0.05588822355289421,0.06387225548902195,0.06387225548902195,0.017964071856287425,0.031936127744510975,0.02594810379241517,0.023952095808383235,0.01996007984031936,0.017964071856287425,0.029940119760479042,0.01996007984031936,0.021956087824351298,0.021956087824351298,0.021956087824351298,0.021956087824351298,0.017964071856287425,0.021956087824351298,0.023952095808383235,0.02594810379241517,0.02594810379241517,0.02594810379241517,0.031936127744510975,0.029940119760479042,0.023952095808383235,0.029940119760479042,0.017964071856287425,0.023952095808383235,0.029940119760479042,0.021956087824351298,0.023952095808383235,0.02594810379241517,0.023952095808383235,0.023952095808383235,0.021956087824351298,0.03792415169660679,0.023952095808383235,0.023952095808383235,0.021956087824351298,0.02594810379241517,0.021956087824351298,0.023952095808383235,0.02594810379241517,0.023952095808383235,0.023952095808383235,0.021956087824351298,0.023952095808383235,0.021956087824351298,0.023952095808383235,0.023952095808383235,0.033932135728542916,0.021956087824351298
WebSocket - PartialReceive_1B,0.011516551193225559,0.061031562740569666,0.0676289453425712,0.061316397228637416,0.06023094688221709,0.06073133179368745,0.06136258660508083,0.06186297151655119,0.06079291762894534,0.008198614318706698,0.0151270207852194,0.014888375673595073,0.014865280985373364,0.015388760585065435,0.015311778290993071,0.015280985373364126,0.014973056197074673,0.015219399538106236,0.015196304849884526,0.01518860662047729,0.015242494226327945,0.0150423402617398,0.015196304849884526,0.015427251732101617,0.015350269438029253,0.015396458814472672,0.015111624326404926,0.015396458814472672,0.014141647421093148,0.015080831408775981,0.015296381832178598,0.014303310238645112,0.015242494226327945,0.015404157043879908,0.015119322555812163,0.014911470361816783,0.014680523479599692,0.015157813702848345,0.014880677444187836,0.01498075442648191,0.01441108545034642,0.014996150885296381,0.015727482678983835,0.015180908391070055,0.01541955350269438,0.015581216320246343,0.01590454195535027,0.015057736720554273,0.01601231716705158,0.015011547344110854,0.015265588914549653,0.01615858352578907,0.016081601231716706,0.016104695919938416,0.016143187066974596,0.016127790608160122,0.016289453425712086
WebSocket - PartialSend_1B,0.008792828685258965,0.02145816733067729,0.02263745019920319,0.0220199203187251,0.029673306772908366,0.02254183266932271,0.022274900398406374,0.02236653386454183,0.020904382470119522,0.005378486055776893,0.005119521912350598,0.005159362549800797,0.0051792828685258965,0.0052868525896414345,0.005454183266932271,0.005127490039840637,0.0051792828685258965,0.005266932270916335,0.0049681274900398404,0.005087649402390438,0.005254980079681275,0.004932270916334662,0.005063745019920319,0.005438247011952191,0.005211155378486056,0.005338645418326693,0.005195219123505976,0.0053904382470119526,0.005155378486055777,0.005585657370517928,0.005438247011952191,0.005350597609561753,0.005207171314741036,0.005223107569721115,0.005262948207171315,0.005318725099601593,0.00502390438247012,0.005274900398406375,0.0049800796812749,0.0049800796812749,0.005147410358565737,0.005250996015936255,0.0058446215139442235,0.005545816733067729,0.005458167330677291,0.0055139442231075695,0.0056294820717131475,0.005593625498007968,0.0060677290836653386,0.005099601593625498,0.0053904382470119526,0.00598406374501992,0.006059760956175299,0.005884462151394422,0.006163346613545817,0.006207171314741036,0.00599203187250996
WebSocket - PartialSend_1MB,1.4181818181818182,1.9545454545454546,1.9636363636363636,1.9272727272727272,1.3545454545454545,1.6454545454545455,1.5545454545454545,1.5727272727272728,1.5545454545454545,1.5636363636363637,1.5636363636363637,1.5545454545454545,1.6636363636363636,1.8909090909090909,1.5909090909090908,1.8454545454545455,1.8545454545454545,1.8909090909090909,1.6090909090909091,1.5727272727272728,1.8545454545454545,1.5727272727272728,1.5454545454545454,1.6363636363636365,1.3727272727272728,1.9272727272727272,1.9090909090909092,1.9,1.6545454545454545,1.7272727272727273,1.3727272727272728,1.3454545454545455,1.3727272727272728,1.790909090909091,1.3363636363636364,1.3181818181818181,1.509090909090909,1.7363636363636363,1.8272727272727274,1.8818181818181818,1.8727272727272728,1.9090909090909092,1.8727272727272728,1.9090909090909092,1.8818181818181818,1.8909090909090909,1.8909090909090909,1.8909090909090909,1.8727272727272728,1.8545454545454545,1.9,1.9,1.509090909090909,1.518181818181818,1.5727272727272728,1.5636363636363637,1.6272727272727272
WebSocket - PartialSend_64KB,0.101,0.174,0.154,0.15325,0.1365,0.152,0.136,0.1345,0.13675,0.126,0.1195,0.1145,0.14075,0.13725,0.13,0.14725,0.13625,0.155,0.12075,0.1485,0.123,0.1095,0.12875,0.1095,0.115,0.145,0.15475,0.1555,0.13275,0.129,0.11125,0.1185,0.098,0.1495,0.099,0.09875,0.1145,0.11925,0.13725,0.15475,0.1265,0.138,0.1575,0.16175,0.164,0.15725,0.1635,0.157,0.1535,0.1515,0.156,0.1565,0.11375,0.12625,0.1365,0.12125,0.1385
