Task - Measurement,5/24/2022,5/26/2022,5/26/2022,5/28/2022,5/29/2022,5/29/2022,5/30/2022,6/22/2022,6/23/2022,6/24/2022,6/25/2022,6/26/2022,6/27/2022,6/28/2022,6/29/2022,6/30/2022,7/1/2022,7/2/2022,7/3/2022,7/4/2022,7/5/2022,7/6/2022,7/7/2022,7/8/2022,7/9/2022,7/11/2022,7/11/2022,7/11/2022,7/11/2022,7/11/2022,7/11/2022,7/12/2022,7/13/2022,7/14/2022,7/15/2022,7/16/2022,7/17/2022,7/18/2022,7/19/2022,7/21/2022,7/21/2022,7/22/2022,7/23/2022,7/24/2022,7/25/2022,7/26/2022,7/27/2022,7/28/2022,7/29/2022,7/30/2022,7/31/2022,8/2/2022,8/2/2022,8/3/2022,8/5/2022,8/6/2022,8/7/2022,8/8/2022,8/9/2022,8/10/2022,8/12/2022,8/12/2022,8/12/2022,8/12/2022,8/12/2022,8/12/2022,8/12/2022,8/13/2022,8/14/2022,8/16/2022,8/16/2022,8/17/2022,8/17/2022,8/17/2022,8/18/2022,8/19/2022,8/20/2022,8/21/2022,8/22/2022,8/23/2022,8/24/2022,8/25/2022,8/26/2022,8/27/2022,8/27/2022,8/29/2022,8/30/2022,8/31/2022,8/31/2022,9/1/2022,9/3/2022,9/4/2022,9/5/2022,9/6/2022,9/6/2022,9/7/2022,9/8/2022,9/9/2022,9/9/2022,9/9/2022,9/9/2022,9/10/2022,9/11/2022,9/12/2022,9/14/2022,9/14/2022,9/15/2022,9/16/2022,9/17/2022,9/18/2022,9/19/2022,9/20/2022,9/20/2022,9/21/2022,9/21/2022,9/22/2022,9/22/2022,9/24/2022,9/24/2022,9/25/2022,9/27/2022,9/27/2022
AppStart - Page show,123.90243902439025,123.3170731707317,126,126.875,136.66666666666666,130.04651162790697,123.08163265306122,125.3,124.91111111111111,116.33333333333333,120.46511627906976,121.63636363636364,120.78260869565217,120.4186046511628,115.4390243902439,120.70833333333333,120.85416666666667,124.425,118.42553191489361,119.51063829787235,119.04545454545455,121.5952380952381,127.07142857142857,125.61904761904762,116.54761904761905,131.2,132.9047619047619,133.2972972972973,131.78947368421052,130.51111111111112,126.06382978723404,127.8,124.72727272727273,125.16666666666667,120.72,125.76190476190476,121.06666666666666,128.94736842105263,118.65957446808511,128.53333333333333,121.88888888888889,126.40625,128.17021276595744,128.38095238095238,126.44736842105263,128.75555555555556,128.48936170212767,130.88571428571427,131.775,131.48888888888888,132.29268292682926,130.69565217391303,138.55,136.11904761904762,133.25714285714287,134.74358974358975,134.78571428571428,137.58695652173913,123.26666666666667,124.32692307692308,113.275,122.5625,122.11320754716981,124.51162790697674,119.07692307692308,117.73170731707317,109.4888888888889,115.98,113.13333333333334,126.86363636363636,117.28888888888889,130.325,124.21951219512195,119.48148148148148,116.93478260869566,116.05714285714286,125.67441860465117,124.32558139534883,125.27272727272727,122.51282051282051,122.2,116.81632653061224,120.02,126.56756756756756,128.0487804878049,119.19607843137256,126.25581395348837,126.31111111111112,201.40740740740742,202.3846153846154,203,206.93103448275863,204.21428571428572,204.76923076923077,121.04081632653062,129.97674418604652,123.68181818181819,124.88095238095238,125,120.9047619047619,123.82608695652173,121.74285714285715,125.42222222222222,122.45,124.54761904761905,128.8048780487805,123.29166666666667,128.3469387755102,120.91836734693878,125.02564102564102,128.5,126.125,117.85714285714286,125.34782608695652,125.57894736842105,129.28571428571428,123.79166666666667,118.81818181818181,123.5952380952381,125.91489361702128,130.79545454545453,114.9423076923077
AppStart - Reach managed,740.2222222222222,745.6666666666666,725.8888888888889,738.3333333333334,736.2222222222222,741.5555555555555,731.8888888888889,891.625,912.125,924.125,918.625,929.25,928.875,919,928.75,950.5,933.875,929.25,932.375,927.25,910.125,904.125,922.25,920.5,865.625,915.25,925.75,911.25,920,961.5,969.5,974.75,965.875,953.375,943.5,944.25,928.25,955.875,952.125,962,957.75,979,995.5714285714286,970,988.25,964.875,996.5714285714286,959.125,961.25,990,965.375,1009.25,974.5,975.5,974.25,974.25,980.75,984.375,1001.5714285714286,1018.875,983,996.625,1005.8571428571429,997,1021.4285714285714,1022.4285714285714,1033.7142857142858,1038,1125.7142857142858,1052.142857142857,1050.7142857142858,1053.2857142857142,1077,1068.857142857143,1035.142857142857,1046.857142857143,1068.5714285714287,1046.142857142857,1055.2857142857142,1054.857142857143,1575,1528.8333333333333,1078.142857142857,1108.7142857142858,1048.142857142857,1087.4285714285713,1062.5714285714287,1051.5714285714287,1597.3333333333333,1594.8333333333333,1635.3333333333333,1638.8333333333333,1649,1640.8333333333333,1061.142857142857,1071.857142857143,1044.2857142857142,1085.2857142857142,1058,1069.857142857143,1040.142857142857,1050.7142857142858,1057.142857142857,1052.5714285714287,1060.857142857143,1042.857142857143,1048.4285714285713,1065,1065.2857142857142,1063.5714285714287,1045.5714285714287,1059.7142857142858,1028.5714285714287,1034,1070.142857142857,1058,1026.857142857143,1013.7142857142857,1055,1053.4285714285713,1048.2857142857142,1018.4285714285714
Exceptions - NoExceptionHandling,0.00036824286509171193,0.0003589414014234295,0.0003636417998976146,0.0003605066020027164,0.0003794337674251289,0.00038668974098987494,0.0003746005914223907,0.0003680605088212107,0.0003589414014234295,0.00037168027567113066,0.0003564442721407963,0.0003626465882965164,0.0003533702488514472,0.0003582039149155145,0.00036312877622341996,0.000369847657207806,0.0003626806811956306,0.0003490375211386836,0.00035642459297938813,0.0003580797862172269,0.00036981158038548864,0.0003599295001573943,0.00036121752123163055,0.0003700524606214566,0.0003675252419507297,0.0003733864077412689,0.0003500740434385527,0.00035058467256545605,0.00035810055126632456,0.0003690275958836202,0.0003690275958836202,0.0003568873582386636,0.000363591607127364,0.0003627334139138895,0.00033115924538669846,0.0003607900421948354,0.0003615900201154448,0.00036056220400673743,0.00035887463590916297,0.00035999006427422605,0.0003679317964219141,0.000358012230364597,0.0003634857437510038,0.00035840913971089917,0.0003657129541677522,0.00035959007531392135,0.00035827136063323867,0.00036540398837844987,0.00038239937538633894,0.00037813186147421285,0.000375483185937533,0.0003792709523314986,0.0003828327689705206,0.0003909644901694863,0.000371147800260831,0.00037900060263189745,0.00037555412949422465,0.0003692420552844203,0.00038200217998156957,0.000363995149421623,0.0003759234709437297,0.00037384883810187694,0.0003725821017194726,0.0003646370298243042,0.0003766980388520562,0.00037729621095161794,0.00036981158038548864,0.0003694020437516177,0.0003585546193519115,0.00035953002235477785,0.0003692411992469901,0.0003624296605646226,0.00036061606249070317,0.0003661573812489698,0.0003759907230638872,0.00039137431606050855,0.00040016513918749423,0.000390952367683843,0.00040116516095719835,0.000389677332720275,0.00036813745761817517,0.00037070319892639755,0.00036459288074608924,0.0003588472672338803,0.00035793211114431217,0.0003720932537552097,0.0003691227388660319,0.0003707990018090871,0.0003672042955974202,0.00036331366119517363,0.00036994575500620143,0.0003707990018090871,0.00037076877114637093,0.00036906110280712225,0.0003614730873625708,0.00036662064982699073,0.000362380980244587,0.00038329753492301685,0.00038244683143856637,0.0003824514034993457,0.00038202423825465636,0.00038329753492301685,0.00038201853528606013,0.00036157389565606897,0.0003606680248071976,0.0003610705560848842,0.00036418732692990895,0.00036373681656566017,0.0003641758563854241,0.000357412382167473,0.000358731066749545,0.0003556952371414185,0.00035615582513743834,0.00037085431950297263,0.00037343391153350634,0.0003618756186402574,0.00035940998870310885,0.0003729467256765965,0.00036824005474748463,0.00035615582513743834,0.00036283370700895324,0.00036026549352951095
Exceptions - TryCatch,0.0005824326838488357,0.0005800410542865034,0.0005767886132637187,0.0005692585912535488,0.0005944127172829434,0.0005788907163170607,0.0006347319468459927,0.0006069385731704484,0.0006240978665339252,0.0006355250905407348,0.0006185850665015796,0.0006283347636282229,0.0006055991288841195,0.0005796598941212705,0.0006337170591313711,0.0005371750849787629,0.000592475127016427,0.0005814236127990977,0.0005725699902899462,0.0005739863034992407,0.0006030503972937135,0.0005953968442983126,0.0005695133262776695,0.0006069385731704484,0.0005988871908945546,0.0005744039229660517,0.0006010994655679297,0.000592884694267977,0.0005435918088750108,0.0006046586807697842,0.0006051059699843768,0.0005646986369293783,0.0005591415610681788,0.0005907690137243578,0.0005422569752039818,0.0005445710653442808,0.0005739863034992407,0.0005738853148748073,0.0005894307154985088,0.0005868018124675531,0.0006108044633564652,0.0005940185428120809,0.0005930358818645009,0.00059568226594178,0.0005951777377073753,0.0005774206359917176,0.0005787241455229929,0.0005455866670971468,0.0006134652134401578,0.0005713365440657689,0.0005680642767834662,0.000600853979698806,0.0005516275138757718,0.0005977595597178063,0.0005305943854639247,0.0006267303783727094,0.0005944256624140119,0.0005815652538023464,0.0005870712562007266,0.0006249891408757294,0.0006016164406610542,0.0006299533119708503,0.0005898040948978796,0.0006041658864089286,0.0006034788256035158,0.0005987834009628359,0.0005917040832484015,0.0005629277181808076,0.000589344706446129,0.0005652169139251976,0.0006159929510694623,0.0006366169970675198,0.0005916108114052745,0.0005932606181168674,0.00062656578639282,0.0005894717512634328,0.0005917921512403405,0.0005441812413888704,0.0005873519979668211,0.0005864395420057298,0.0006571267684365418,0.0006320697328027518,0.0006067861977687109,0.0006016538576861774,0.0006008095428828426,0.0005969389800659009,0.0006022713810057981,0.000633381350148732,0.0005798409286810276,0.0005421063580451379,0.0005833306575046292,0.0005829184492231882,0.0005847526121546746,0.0005455411433656685,0.0005905283384764861,0.0005821460874117746,0.0005868018124675531,0.0006365488233958742,0.000635674625474547,0.0006556555705208596,0.0006971625795640702,0.0006295805375703316,0.0006533085299886691,0.0005823181716377942,0.0005926640049467689,0.0005413588294264646,0.0006332850806404852,0.0006417428492057222,0.0005375661375661376,0.000573326412706813,0.0005779361787074095,0.0005785848842757423,0.0005824918610223368,0.0006003468340372879,0.0005774924857864845,0.0005788213792333323,0.0005894920822060979,0.0006281359726090539,0.0006224856828292949,0.0006093098357952341,0.000582234816179106,0.0005836552139784448
Exceptions - TryCatchFilter,0.0005339259556559982,0.0006716319862535262,0.0006342300517829099,0.0007397721257011002,0.0007638307600837347,0.0007751031715088707,0.000763896391944615,0.0006013301085054294,0.0006914157079029881,0.0007672792844926915,0.0005991962505466805,0.0006660574883215417,0.0005914105921187876,0.0005909852799000276,0.0006677975485227215,0.0006885377575011873,0.000547807605539912,0.0005935751541982827,0.0005394280185291523,0.0006025123746317611,0.0006209062596244587,0.00059754928434078,0.0006138692221992479,0.0007517911274554264,0.0005924324915477281,0.0005229789490763881,0.0006570968775919555,0.0007461182131728759,0.0006222959274315753,0.0005971921770632686,0.0006042868733649181,0.000680505260191075,0.0006850324861397658,0.0005124872461554706,0.0005432938963174338,0.000659740465734141,0.0005517090533383506,0.000747719014132849,0.0006882013488335979,0.0005978487327418529,0.0004991124358799297,0.000511043224035889,0.0006220142654204398,0.0005101835245024213,0.0006082759219976278,0.000729874236788498,0.0004906120870237787,0.0006532769218291877,0.0006090148383265851,0.0006676712301606971,0.0006645301374562834,0.0006648624177596252,0.0006811702153266809,0.0006166929133858268,0.0007034225019265875,0.0006125719172948037,0.0006785647434127393,0.0004982356797571657,0.0006529204567033167,0.0005889163141789472,0.0005257013798368066,0.0007236825191846697,0.0006053349427686729,0.000678906479764985,0.0006936741229793919,0.0006709091965225024,0.0007643785708129365,0.0006775241640985844,0.0007655224722491328,0.0006987421603378038,0.000612072531792811,0.0005155499189412602,0.0007489991436014273,0.0005324265772957479,0.0006542897527414015,0.0005985222264553918,0.0006122834645669291,0.0006751525152648992,0.0006045132712903886,0.0005141594439027492,0.0004923516030216804,0.000620606811223386,0.0005082019248076925,0.0006332363176540668,0.0005047386629815844,0.0006683321271962434,0.0006821156678113607,0.000613148345658258,0.0006026601578975525,0.0007732215286340318,0.000630543560806211,0.000571279327530843,0.0005900985803052788,0.0006136285893157952,0.0006075675065738926,0.0006961478206335793,0.0007081557800679173,0.0006670103331251507,0.0007600902745174312,0.0006152167400040755,0.0006701377652134143,0.0005339409393045261,0.0006754367703283667,0.0006491478579316319,0.0006151831817366322,0.0007220145410879959,0.0005055553922097099,0.000614187252629286,0.0007408913725921492,0.0005393220934214372,0.0006748751162620573,0.0005045101567564573,0.0006079803554660449,0.0005750631277642352,0.0005890640974447386,0.000594679861544814,0.0005708044524166847,0.0005778242655856502,0.0004954823983961615,0.0005718447615752989,0.0005785534733917905,0.0007149381678170444
Exceptions - TryCatchFilterInline,0.0003456730688491186,0.0004244269555492395,0.00040054715313506226,0.000354417187733704,0.0003507756329854746,0.0004686196358488001,0.0003462880982351274,0.00040137100594817867,0.00042606124219695144,0.0003429907204741086,0.0004099842022116904,0.0004160773579181695,0.00039071513853362525,0.0003909486320533056,0.0004154639079897918,0.0004622660553956705,0.00033981014271250676,0.0003959379449199587,0.0003445828649548218,0.0004118704805458391,0.00034450516829803127,0.0003653095059710239,0.00036552039002232974,0.0003469732972005272,0.000390474323734163,0.0003269170089690517,0.00041150078988941546,0.0004534597156398104,0.0003469732972005272,0.0003516709838412819,0.0003521218440769758,0.0004003791469194313,0.0004464210189191507,0.00034119300835549576,0.0003696641118822725,0.0003593752741325829,0.00034030837209909854,0.00034556963665678653,0.0004222044918961332,0.00036023732831946695,0.00033783333978306746,0.00034233868760384867,0.0004133938535136666,0.00034318392306508286,0.0004111747650599495,0.00045002368863513077,0.00034736614621607743,0.0004304931051379311,0.0004079620853080569,0.0004438375397791145,0.000433385961327213,0.00041925433710444444,0.00042101560950025155,0.00039684044233807267,0.00042067512038226326,0.0004053080568720379,0.0004205429791203042,0.00028252125146789917,0.00041233718055430884,0.0004109040971463792,0.00033882146712400425,0.0004486501224564923,0.0003591592518215554,0.00041011058451816747,0.00043070670423777096,0.00041971563981042657,0.00034827893519563734,0.00041639521870759827,0.0003654222210299474,0.0004352366205196606,0.0003627170596157837,0.00033033188985115593,0.00034703602069351857,0.0003323779508164602,0.00041142521838562635,0.00037669501092532154,0.00037861661575559747,0.00042080540069207507,0.00037926073545793985,0.00033130564125920513,0.0003250484950537877,0.0003942079741085945,0.00033081869794043665,0.0004052338186882893,0.00032603241690301507,0.00041350970334261494,0.0004132491427229914,0.0004115779173881246,0.0003768958845307682,0.0004685303338680187,0.0004151530477431138,0.0003902252135950251,0.0003595944644865921,0.0003451562141477583,0.00041848967192899354,0.00044209073850277593,0.00044651882955370424,0.0004114398503242574,0.00048682446719574884,0.0003768064419812196,0.00042520127289347924,0.00033712932544664764,0.0004275369879346786,0.0004484385140970671,0.000405343340300158,0.00047911744171648613,0.0003300633068068025,0.0003969616815007773,0.000469739730586413,0.0003357120412521539,0.0004170165844597455,0.0003306171043014448,0.00041706161137440757,0.0003896720162097773,0.0004204142094756254,0.00040292818633610544,0.0003532120420828501,0.00035513353466996573,0.0003299525473078741,0.000353433561080707,0.00039022146071256527,0.00044916094809919577
Exceptions - TryCatchFilterThrow,0.06175414525114938,0.06048132943826629,0.05034353717545042,0.04931595443012785,0.04941578258250484,0.050633294340688154,0.04972997299729973,0.051236525047558656,0.06203845386201849,0.06051166744358222,0.05063297523578958,0.06194175402823644,0.061193676194254795,0.05086809766351362,0.0608324263711619,0.05997944748723667,0.05068784884483785,0.05992378498192896,0.061118271041935165,0.06101461642214209,0.0609995653106928,0.06065164283165436,0.04934591902233678,0.050473837048370135,0.060288077112656775,0.05053882566220163,0.06046572804945552,0.04948566589454283,0.060052661480639806,0.059785809322311166,0.06170100954224865,0.04795346875521073,0.04927122546508794,0.04960058242163736,0.055629125096944725,0.04971494298859772,0.06034690436039509,0.05087878787878788,0.06066146193629147,0.06023687551994396,0.0608343912988519,0.061149394895862595,0.06079673787005336,0.06082224909310762,0.060632163412212024,0.04842706870642722,0.06080691167499299,0.049280895636654685,0.05083855589615138,0.0601261671003433,0.06074491640431412,0.062062617143744385,0.06211814322577065,0.06155903875489134,0.05990828693088765,0.06142172347522587,0.06041581066644753,0.05002980946989243,0.06014630625902113,0.04915133843639633,0.06030051728384925,0.06047646462154234,0.05121744728957654,0.051730903494422276,0.04970035956851778,0.049620586606532596,0.04901644790669767,0.05996362861870669,0.04948585157235212,0.04985485485485486,0.049136509072119874,0.04994963945861165,0.05052306948055875,0.06095313540067884,0.059918144611186906,0.05962757959423827,0.050583677191497506,0.06101769546192586,0.0492213294084888,0.04841172125092342,0.05084865593705654,0.0609641377716898,0.05080223362053718,0.06266770583978178,0.06338410555247675,0.05107309171897145,0.05148172622375845,0.04976518784972023,0.06133006827933861,0.051622943982748276,0.06051915864277411,0.04966036304470431,0.06221035747784148,0.05301195028923458,0.049515661845719726,0.06060207126557837,0.06058827079549881,0.05064350421189008,0.06362551073596422,0.06253723448679045,0.06033798468284512,0.048926859968977804,0.06025758214330675,0.060790841271410836,0.05104778295201458,0.05045966092153344,0.060989035184288165,0.060509658947553176,0.05132733482534801,0.06092163212791343,0.06197300218976079,0.05144345230541187,0.04990489538492342,0.06226013740551288,0.06309225817986769,0.061003784544974474,0.05056372227987627,0.060238920917613854,0.050938120926846284,0.05051883253867958,0.05139764638987887,0.06042044477073871
Exceptions - TryCatchFilterThrowApplies,0.052855069330780394,0.05178229323767986,0.041144585678641134,0.04106104486985438,0.04092150093639297,0.04191176134519843,0.04110103363264198,0.041551888722214644,0.05323826500297089,0.0522585363109636,0.04128789940667356,0.053201068057625436,0.05209147821643031,0.041488132601912246,0.052061136576167774,0.050956896638970135,0.0416009193976486,0.05113832006643576,0.0524359546183936,0.05170130399348003,0.05212594077225131,0.051926178470081456,0.04053004279318722,0.041646727464143614,0.05143719328192154,0.04186069892743384,0.053202495370322476,0.040327173420746994,0.05163664496689045,0.05106236454598854,0.05274620042011615,0.03988738728689918,0.040293171414892144,0.040919110340217175,0.047228545302437794,0.05097761477172126,0.0518312272435211,0.04190639838041139,0.0519552815840411,0.05160316056011471,0.05179085833736967,0.05222593538415873,0.05140671198219892,0.0522205104845355,0.05149708511860289,0.03977674187111998,0.05193678592022208,0.04086098152977163,0.04169573603644273,0.05142714910520621,0.052102016934688515,0.05340873227340221,0.05321010919792447,0.05210000664801812,0.05122372573952956,0.051806497988814856,0.05116392098095402,0.041280615624744776,0.051197169175238394,0.039762463772618536,0.05135207850025128,0.05097793265996672,0.05311667389553256,0.04210395948772522,0.04059544784437812,0.04050213488140296,0.0395595829679431,0.05104210974053594,0.04056304395638923,0.04080097306063609,0.04018977012059614,0.041043983124805,0.04108833449376532,0.05210543808963772,0.05082375981748067,0.05029904005628989,0.04088126853629734,0.05186099661265967,0.039593958110868396,0.03939104857301852,0.041741880349692215,0.05113760138609548,0.04151606471407631,0.052893728366573266,0.05417533107146766,0.041697813918719344,0.04215836906918614,0.040412833744671306,0.05168137626873501,0.04255505430550244,0.05103356885991311,0.0408529106519483,0.053219017121607315,0.04014469776477681,0.040100944681421266,0.051581689238001244,0.051827730128881346,0.04121081982214612,0.054800620246002976,0.053245994530123096,0.051022370685292036,0.03991735095562957,0.05121662955316699,0.051431620131602344,0.041396424854217136,0.05273087105148174,0.052020256217647026,0.051153511170525204,0.04188989047558099,0.05204075376062786,0.05314743093209398,0.04190024534327499,0.0403360892893933,0.052262401768172886,0.05364272750842624,0.05176148032635672,0.04189068100358423,0.051431620131602344,0.04152349918764307,0.04101324174085958,0.041360465169059536,0.05125161080839751
Exceptions - TryCatchThrow,0.03376453329777045,0.03312412552468519,0.03327527251127771,0.03340359329519221,0.03374602738175143,0.033861563458522925,0.03361073479130379,0.03341731865800292,0.03422256283988162,0.03401283150422773,0.03427735012068628,0.044619571379975055,0.03425646463822498,0.03427960167723444,0.033507145616067976,0.03305441837244134,0.03322369607108661,0.033072344505253065,0.033482789709244294,0.033362941051167765,0.044030562169218995,0.03394940252784484,0.03343685133634769,0.03436227881763322,0.03278323723539954,0.03369693741247876,0.042732910070513,0.032578285370087105,0.033016460380247546,0.033006255121005613,0.03322745466066687,0.03292079405178391,0.0331101740642299,0.03280527238955863,0.0395419637594778,0.03333520760203385,0.0328331475879637,0.03387997180382593,0.03337335512446241,0.043066481853203095,0.032761242322824485,0.03315991676004482,0.03295265001875484,0.03297054163324114,0.03306406462449012,0.0330523478371826,0.04212637913741224,0.03313997679721566,0.033741586849598756,0.042967645654803564,0.04304881212705237,0.03424157223131322,0.03426655298873691,0.03316360256559206,0.03422344491302056,0.03327177087548225,0.03330737987831308,0.033345375722543355,0.032880885542937346,0.03307420212234457,0.03236842935073944,0.03313794138241472,0.034375613266173874,0.033683166080474974,0.033361184532943414,0.03276319915531757,0.042739305936579194,0.03300851549468879,0.03368830843661534,0.03327376325300722,0.03343897808809807,0.03366645947189551,0.03382974588212429,0.03320965195579526,0.032457226986872256,0.032143656694434954,0.0332659069515932,0.04333656138259833,0.03239946560842378,0.03183965484284973,0.03374680405042431,0.032307261843303084,0.033922860899631514,0.03422344434260108,0.04456760025702083,0.034069292926008424,0.033833429194040976,0.03261381957621445,0.03530966846106054,0.036725175120335275,0.04468121507052428,0.035199261501613385,0.03627377133813486,0.03471740781090093,0.032564536522142376,0.04277983427839935,0.03311432850723914,0.03362996939426486,0.034685215847881375,0.04423891556057611,0.04302217193101242,0.03254440212528407,0.03348943782284485,0.03294469357249626,0.03374719751357739,0.03389638317087098,0.03349316942088918,0.03288842710997442,0.034396234138354485,0.032671575332960626,0.03381660095035891,0.03377211606510969,0.03303839046604166,0.04406411888200566,0.03414373780217004,0.04204423054887132,0.033445125384033846,0.033315546853999754,0.03384153009891205,0.033836001862235086,0.034192630982793674,0.033118012919224844
JSInterop - JSExportInt,N/A,N/A,N/A,N/A,N/A,N/A,N/A,N/A,N/A,N/A,N/A,N/A,N/A,N/A,N/A,N/A,N/A,N/A,N/A,N/A,N/A,N/A,N/A,N/A,N/A,N/A,N/A,N/A,N/A,N/A,N/A,N/A,N/A,N/A,N/A,N/A,N/A,N/A,N/A,N/A,N/A,N/A,N/A,N/A,N/A,N/A,N/A,N/A,N/A,N/A,N/A,N/A,N/A,N/A,N/A,N/A,N/A,N/A,N/A,N/A,N/A,N/A,N/A,N/A,N/A,N/A,N/A,N/A,N/A,N/A,N/A,N/A,N/A,N/A,N/A,N/A,N/A,N/A,N/A,N/A,17.70205479452055,16.833898305084745,17.8265306122449,20.40625,18.104895104895103,18.177700348432055,19.047970479704798,16.830618892508145,18.71119133574007,19.915384615384614,19.58490566037736,18.464285714285715,20.065891472868216,19.277153558052433,19.081180811808117,19.873563218390803,18.261484098939928,18.745454545454546,19.118081180811807,18.901459854014597,18.790613718411553,18.286219081272083,18.136363636363637,17.875432525951556,19.299625468164795,17.84083044982699,19.383458646616543,18.825454545454544,19.11439114391144,17.606164383561644,19.684410646387832,19.289473684210527,17.01644736842105,18.581227436823106,17.494915254237288,17.547619047619047,19.247191011235955,17.45578231292517,18.57913669064748,17.719723183391004,19.323420074349443,18.338078291814945
JSInterop - JSExportString,N/A,N/A,N/A,N/A,N/A,N/A,N/A,N/A,N/A,N/A,N/A,N/A,N/A,N/A,N/A,N/A,N/A,N/A,N/A,N/A,N/A,N/A,N/A,N/A,N/A,N/A,N/A,N/A,N/A,N/A,N/A,N/A,N/A,N/A,N/A,N/A,N/A,N/A,N/A,N/A,N/A,N/A,N/A,N/A,N/A,N/A,N/A,N/A,N/A,N/A,N/A,N/A,N/A,N/A,N/A,N/A,N/A,N/A,N/A,N/A,N/A,N/A,N/A,N/A,N/A,N/A,N/A,N/A,N/A,N/A,N/A,N/A,N/A,N/A,N/A,N/A,N/A,N/A,N/A,N/A,196.62857142857143,189.30555555555554,182.7027027027027,193.77142857142857,185.5,188.80555555555554,196.11428571428573,188.17241379310346,195,194.5,195.75,194.39285714285714,197.71428571428572,197.78571428571428,194.92857142857142,192.64285714285714,193.57142857142858,195.92857142857142,198.57142857142858,195.85714285714286,183.26666666666668,196.28571428571428,192.85714285714286,196.03571428571428,196.17857142857142,198.5,194.5,193.5,197.85714285714286,194.60714285714286,196.78571428571428,195.96428571428572,190.6206896551724,192.28571428571428,195.5,192.35714285714286,193.85714285714286,190.24137931034483,193.89285714285714,194.39285714285714,194.92857142857142,193.89285714285714
JSInterop - JSImportFail,N/A,N/A,N/A,N/A,N/A,N/A,N/A,N/A,N/A,N/A,N/A,N/A,N/A,N/A,N/A,N/A,N/A,N/A,N/A,N/A,N/A,N/A,N/A,N/A,N/A,N/A,N/A,N/A,N/A,N/A,N/A,N/A,N/A,N/A,N/A,N/A,N/A,N/A,N/A,N/A,N/A,N/A,N/A,N/A,N/A,N/A,N/A,N/A,N/A,N/A,N/A,N/A,N/A,N/A,N/A,N/A,N/A,N/A,N/A,N/A,N/A,N/A,N/A,N/A,N/A,N/A,N/A,N/A,N/A,N/A,N/A,N/A,N/A,N/A,N/A,N/A,N/A,N/A,N/A,N/A,1761.0833333333333,1704.6666666666667,1714.0833333333333,1687.4166666666667,1669.8333333333333,1709.8333333333333,1707.25,1643.75,1709,1741,1691.6666666666667,1688,1679.3333333333333,1671,1684,1729.6666666666667,1683.6666666666667,1743.6666666666667,1725,1742.3333333333333,1715.6666666666667,1684,1686.6666666666667,1708.3333333333333,1754.6666666666667,1707.6666666666667,1668.5,1692,1692,1659,1693.6666666666667,1699,1641.25,1685,1733.6666666666667,1700.6666666666667,1709,1706,1685,1760.6666666666667,1725.3333333333333,1662.25
JSInterop - JSImportInt,N/A,N/A,N/A,N/A,N/A,N/A,N/A,N/A,N/A,N/A,N/A,N/A,N/A,N/A,N/A,N/A,N/A,N/A,N/A,N/A,N/A,N/A,N/A,N/A,N/A,N/A,N/A,N/A,N/A,N/A,N/A,N/A,N/A,N/A,N/A,N/A,N/A,N/A,N/A,N/A,N/A,N/A,N/A,N/A,N/A,N/A,N/A,N/A,N/A,N/A,N/A,N/A,N/A,N/A,N/A,N/A,N/A,N/A,N/A,N/A,N/A,N/A,N/A,N/A,N/A,N/A,N/A,N/A,N/A,N/A,N/A,N/A,N/A,N/A,N/A,N/A,N/A,N/A,N/A,N/A,4.463350785340314,4.512773722627737,4.368600682593857,4.462478184991274,4.510948905109489,4.338568935427574,4.448805460750854,4.469458987783595,4.454624781849913,4.685061845861084,5.082828282828283,5.048484848484849,5.223480947476828,5.073737373737374,4.539696699375558,4.697110904007456,4.748543689320388,4.583029197080292,5.787631271878646,4.715750232991613,4.4275741710296685,4.696167883211679,5.000970873786407,4.5423728813559325,4.594890510948905,4.553077609277431,4.68685927306617,5.084449021627188,4.614051094890511,4.695255474452555,4.594594594594595,4.814462416745957,4.506690454950936,5.055555555555555,4.446030330062444,4.525547445255475,4.981188118811882,4.492700729927007,4.72972972972973,4.497769848349688,4.658900279589934,5.442780748663101
JSInterop - JSImportManyArgs,N/A,N/A,N/A,N/A,N/A,N/A,N/A,N/A,N/A,N/A,N/A,N/A,N/A,N/A,N/A,N/A,N/A,N/A,N/A,N/A,N/A,N/A,N/A,N/A,N/A,N/A,N/A,N/A,N/A,N/A,N/A,N/A,N/A,N/A,N/A,N/A,N/A,N/A,N/A,N/A,N/A,N/A,N/A,N/A,N/A,N/A,N/A,N/A,N/A,N/A,N/A,N/A,N/A,N/A,N/A,N/A,N/A,N/A,N/A,N/A,N/A,N/A,N/A,N/A,N/A,N/A,N/A,N/A,N/A,N/A,N/A,N/A,N/A,N/A,N/A,N/A,N/A,N/A,N/A,N/A,178.59459459459458,142.55555555555554,140.55555555555554,136.29787234042553,141.75555555555556,141.37777777777777,144.88636363636363,183.96666666666667,145.7027027027027,158.5,194.57142857142858,191.93103448275863,197.53571428571428,195.67857142857142,156.54285714285714,195.57142857142858,154.82857142857142,194.75,198.53571428571428,195.10714285714286,146.78378378378378,156.17142857142858,156.17142857142858,157.94117647058823,155.9142857142857,157.8235294117647,158.88235294117646,156.54285714285714,156.28571428571428,155.37142857142857,158.91176470588235,198.78571428571428,157.1764705882353,160.35294117647058,185.8,197.39285714285714,157.58823529411765,196.17857142857142,197.42857142857142,196.60714285714286,193.78571428571428,200.07142857142858
JSInterop - JSImportString,N/A,N/A,N/A,N/A,N/A,N/A,N/A,N/A,N/A,N/A,N/A,N/A,N/A,N/A,N/A,N/A,N/A,N/A,N/A,N/A,N/A,N/A,N/A,N/A,N/A,N/A,N/A,N/A,N/A,N/A,N/A,N/A,N/A,N/A,N/A,N/A,N/A,N/A,N/A,N/A,N/A,N/A,N/A,N/A,N/A,N/A,N/A,N/A,N/A,N/A,N/A,N/A,N/A,N/A,N/A,N/A,N/A,N/A,N/A,N/A,N/A,N/A,N/A,N/A,N/A,N/A,N/A,N/A,N/A,N/A,N/A,N/A,N/A,N/A,N/A,N/A,N/A,N/A,N/A,N/A,136.85106382978722,135.51063829787233,134.04255319148936,134.93617021276594,136.25531914893617,130.5,139.15217391304347,135.475,136.825,137.84615384615384,136.325,136,137.51282051282053,132.17073170731706,132.4878048780488,135.125,133.34146341463415,132,136.75,135.5,131.8780487804878,135.975,138.82051282051282,135.25,134.2,136.725,136.89743589743588,136.075,132.14634146341464,134.35,135.975,137.35,137.175,139.5897435897436,140.71794871794873,136.1,140.10256410256412,131.4878048780488,137.02564102564102,136.225,136.85,138.02564102564102
JSInterop - JSImportTask,N/A,N/A,N/A,N/A,N/A,N/A,N/A,N/A,N/A,N/A,N/A,N/A,N/A,N/A,N/A,N/A,N/A,N/A,N/A,N/A,N/A,N/A,N/A,N/A,N/A,N/A,N/A,N/A,N/A,N/A,N/A,N/A,N/A,N/A,N/A,N/A,N/A,N/A,N/A,N/A,N/A,N/A,N/A,N/A,N/A,N/A,N/A,N/A,N/A,N/A,N/A,N/A,N/A,N/A,N/A,N/A,N/A,N/A,N/A,N/A,N/A,N/A,N/A,N/A,N/A,N/A,N/A,N/A,N/A,N/A,N/A,N/A,N/A,N/A,N/A,N/A,N/A,N/A,N/A,N/A,1425.2307692307693,1339.923076923077,1383.6923076923076,1335.2307692307693,1358.7692307692307,1425.5384615384614,1373.923076923077,1326.25,1341.5,1368.5,1304.75,1345.75,1366.5,1324,1322.5,1314,1325.25,1338.75,1385.75,1343,1308.5,1316.5,1315.75,1315,1376.25,1366.5,1311.5,1390,1336,1309.75,1358.25,1349,1275,1312.75,1366.5,1322.75,1329.5,1267.25,1318.5,1336.5,1333.25,1283.25
JSInterop - JSImportTaskFail,N/A,N/A,N/A,N/A,N/A,N/A,N/A,N/A,N/A,N/A,N/A,N/A,N/A,N/A,N/A,N/A,N/A,N/A,N/A,N/A,N/A,N/A,N/A,N/A,N/A,N/A,N/A,N/A,N/A,N/A,N/A,N/A,N/A,N/A,N/A,N/A,N/A,N/A,N/A,N/A,N/A,N/A,N/A,N/A,N/A,N/A,N/A,N/A,N/A,N/A,N/A,N/A,N/A,N/A,N/A,N/A,N/A,N/A,N/A,N/A,N/A,N/A,N/A,N/A,N/A,N/A,N/A,N/A,N/A,N/A,N/A,N/A,N/A,N/A,N/A,N/A,N/A,N/A,N/A,N/A,6481,6019,6078.5,5928.5,6169.1,6269.1,6225.5,5686,5839,5924,5732,5849,5902,5686,5573,5960,5810,6170,6229,5951,5813,5695,5700,5669,6460,5828,5731,5870,6136,5849,6179,6167,5709,6002,6574,6151,6148,5891,5976,6219,6062,5740
JSInterop - LegacyExportInt,N/A,N/A,N/A,N/A,N/A,N/A,N/A,N/A,N/A,N/A,N/A,N/A,N/A,N/A,N/A,N/A,N/A,N/A,N/A,N/A,N/A,N/A,N/A,N/A,N/A,N/A,N/A,N/A,N/A,N/A,N/A,N/A,N/A,N/A,N/A,N/A,N/A,N/A,N/A,N/A,N/A,N/A,N/A,N/A,N/A,N/A,N/A,N/A,N/A,N/A,N/A,N/A,N/A,N/A,N/A,N/A,N/A,N/A,N/A,N/A,N/A,N/A,N/A,N/A,N/A,N/A,N/A,N/A,N/A,N/A,N/A,N/A,N/A,N/A,N/A,N/A,N/A,N/A,N/A,N/A,27.760416666666668,26.81025641025641,27.02051282051282,30.257142857142856,29.439560439560438,27.1340206185567,26.65829145728643,26.177083333333332,26.585106382978722,28.78857142857143,25.958333333333332,25.538071065989847,26.54054054054054,26.71578947368421,25.705583756345177,27.37704918032787,27.248648648648647,26.48421052631579,26.590425531914892,26.26595744680851,26.052083333333332,26.352631578947367,26.74054054054054,26.302083333333332,29.840236686390533,28.697142857142858,27.854748603351954,26.4468085106383,27.2896174863388,25.856410256410257,27.56353591160221,27.21311475409836,28.24590163934426,26.182291666666668,25.95263157894737,27.232432432432432,29.76608187134503,25.431472081218274,27.51912568306011,27.899441340782122,27.837988826815643,27.05851063829787
JSInterop - LegacyExportString,N/A,N/A,N/A,N/A,N/A,N/A,N/A,N/A,N/A,N/A,N/A,N/A,N/A,N/A,N/A,N/A,N/A,N/A,N/A,N/A,N/A,N/A,N/A,N/A,N/A,N/A,N/A,N/A,N/A,N/A,N/A,N/A,N/A,N/A,N/A,N/A,N/A,N/A,N/A,N/A,N/A,N/A,N/A,N/A,N/A,N/A,N/A,N/A,N/A,N/A,N/A,N/A,N/A,N/A,N/A,N/A,N/A,N/A,N/A,N/A,N/A,N/A,N/A,N/A,N/A,N/A,N/A,N/A,N/A,N/A,N/A,N/A,N/A,N/A,N/A,N/A,N/A,N/A,N/A,N/A,193.71428571428572,190.83333333333334,183.8918918918919,193.45714285714286,193.62857142857143,186,194.71428571428572,185.93103448275863,194.46428571428572,195.03571428571428,188.68965517241378,189.44827586206895,182.83333333333334,188.10344827586206,179.03333333333333,188.44827586206895,179.2,183.66666666666666,192.17857142857142,181.56666666666666,178.76666666666668,181.36666666666667,190.58620689655172,189.68965517241378,189.93103448275863,191.17241379310346,190.3448275862069,179.76666666666668,190.55172413793105,177.8709677419355,191.17241379310346,187.27586206896552,181.96666666666667,187.48275862068965,195.21428571428572,182.2,186.17241379310346,179.4,192.78571428571428,190.06896551724137,182.5,192.3793103448276
Json - large deserialize,65.1219512195122,66.24691358024691,63.226190476190474,64.52439024390245,62.72941176470588,62.27058823529412,62.811764705882354,54.103092783505154,52.294117647058826,52.693069306930695,52.29126213592233,53.90909090909091,53.198019801980195,53.97959183673469,54.63917525773196,53.21782178217822,53.05940594059406,51.98039215686274,54.42857142857143,52.03921568627451,51.689320388349515,52.445544554455445,52.254901960784316,52.16504854368932,52.245098039215684,51.94174757281554,54.183673469387756,51.94117647058823,50.320754716981135,52.470588235294116,52.1078431372549,52.99,53.08910891089109,53.75757575757576,49.34862385321101,48.88181818181818,52.84158415841584,53.95918367346939,51.95145631067961,52.0873786407767,52.71568627450981,52.127450980392155,52.76237623762376,52.450980392156865,52.44117647058823,52.64705882352941,51.90291262135922,50.66981132075472,52.89108910891089,52.78217821782178,53.07920792079208,54.78350515463917,53.81818181818182,54.98969072164948,47.876106194690266,48.42727272727273,48.477064220183486,49.174311926605505,47.36842105263158,49.56481481481482,46.97345132743363,49.638888888888886,50.70754716981132,50.32710280373832,50.018691588785046,49.64485981308411,50.31132075471698,49.07272727272727,48.252252252252255,48.75454545454546,49.24545454545454,48.944954128440365,50.923809523809524,49.04545454545455,48.944954128440365,50.0188679245283,49.49074074074074,47.839285714285715,50.4811320754717,49.77777777777778,52.23529411764706,50.028301886792455,52.07843137254902,50.41121495327103,67.11392405063292,51.333333333333336,52.116504854368934,50.4622641509434,49.48623853211009,50.867924528301884,49.629629629629626,47.892857142857146,51.904761904761905,51.01904761904762,48.27272727272727,51.06666666666667,50.79047619047619,51.66019417475728,53.67,51.36190476190476,49.96261682242991,50.094339622641506,50.467289719626166,49.30909090909091,52.93069306930693,48.57798165137615,48.88990825688074,52.1764705882353,50.04716981132076,51.22857142857143,51.88461538461539,51.095238095238095,49.916666666666664,53.49,52.38235294117647,49.38532110091743,51.48979591836735,49.26605504587156,50.20754716981132,49.81481481481482,50.06542056074766,50.786407766990294
Json - large serialize,40.256,40.054263565891475,39.58139534883721,40.699186991869915,37.61029411764706,38.9236641221374,39.15384615384615,31.7,31.06024096385542,30.24550898203593,29.935672514619885,30.14792899408284,30.55688622754491,30.734939759036145,31.53125,30.933734939759034,32.506410256410255,30.11242603550296,30.950617283950617,31.152439024390244,29.45086705202312,29.736842105263158,29.538011695906434,30.512048192771083,31.371951219512194,29.783625730994153,31.12962962962963,31.598765432098766,31.3109756097561,30.896341463414632,32.0503144654088,30.632530120481928,30.604790419161677,29.678362573099417,27.759562841530055,30.710843373493976,29.818713450292396,31.897435897435898,31.376543209876544,30.746987951807228,30.353293413173652,30.384615384615383,30.047337278106507,29.526315789473685,29.85207100591716,29.763313609467456,30.686746987951807,29.382857142857144,30.56024096385542,29.771929824561404,30.463414634146343,31.52201257861635,31.742138364779873,29.678362573099417,28.803468208092486,27.977900552486187,27.89071038251366,28.786127167630056,28.217877094972067,27.552486187845304,28.195530726256983,29.16568047337278,29.53846153846154,29.395209580838323,27.939890710382514,28.03314917127072,28.435754189944134,28.966101694915253,27.745945945945945,27.679558011049725,27.792349726775956,27.865921787709496,28.314285714285713,28.697142857142858,27.693989071038253,27.80110497237569,27.8268156424581,27.595628415300546,28.12849162011173,27.715846994535518,28.32,28.491525423728813,28.740112994350284,28.027624309392266,28.457142857142856,28.1864406779661,29.045714285714286,27.966480446927374,27.845303867403317,28.54237288135593,29.49700598802395,28.234285714285715,29.70414201183432,28.881656804733726,27.6775956284153,29.034285714285716,28.358381502890172,29.29824561403509,31.25625,29.374269005847953,29.274285714285714,27.24590163934426,29,28.765714285714285,28.88,29.36144578313253,28.36723163841808,28.959537572254334,30.626506024096386,29.748538011695906,28.554285714285715,28.925714285714285,28.393063583815028,30.4375,29.02285714285714,29.562130177514792,28.86857142857143,28.457142857142856,29.403508771929825,29.349112426035504,28.884393063583815,28.318435754189945
Json - non-ASCII text deserialize,5.323189926547744,5.31479538300105,5.284365162644281,5.314472252448313,5.406417112299465,5.315508021390374,5.286631016042781,1.9314741035856573,1.9288702928870294,1.931843998485422,1.928814842862552,1.9238924649753881,1.943426294820717,1.9250283983339644,1.9338645418326694,1.9204846648996592,1.9201060204468003,1.949049156799426,1.925785687239682,1.9280575539568345,1.9336203803372802,1.954941310109807,1.9322709163346614,1.9219123505976095,1.8944223107569722,1.903067020068156,1.8937926085396484,1.8977659977281334,1.8955866523143166,1.90798939795532,1.9307499102978112,1.896630064369557,1.901686401148188,1.8932222642938281,1.7597424601829887,1.9099601593625497,1.9049602423324499,1.9153211338356655,1.9163195759182128,1.9026883756152972,1.922377887163953,1.918550412630068,1.8973806960889845,1.9189700870882243,1.8995335486185863,1.922377887163953,1.9049602423324499,1.8985232866338508,1.8984063745019921,1.899203187250996,1.9038243089738736,1.905633297452458,1.9167563688554001,1.9163195759182128,1.9425905992106207,1.9425942156003506,1.9443514644351465,1.9334728033472803,1.9247011952191235,1.9338645418326694,1.9280575539568345,1.931826336562612,1.9322709163346614,1.933737220749716,1.9424460431654675,1.9250283983339644,1.9338645418326694,1.9438247011952192,1.9424460431654675,1.9497667743092932,1.9306772908366534,1.9458538432411965,3.903250773993808,3.8676470588235294,3.976984126984127,3.8575851393188856,3.892075471698113,3.8904761904761904,3.8645510835913313,3.8854489164086687,3.9102167182662537,3.859622641509434,3.876160990712074,3.8792569659442724,3.93968253968254,3.8962848297213624,3.890092879256966,3.8664150943396227,3.8747169811320754,3.888544891640867,3.899622641509434,3.8815789473684212,3.887770897832817,3.9373065015479876,3.88,3.8955108359133126,3.9040247678018574,3.881509433962264,3.884643644379133,3.903250773993808,3.8860377358490568,3.8664150943396227,3.902641509433962,3.8939628482972135,4.057936507936508,3.8845283018867924,3.878490566037736,3.9024767801857587,3.9024767801857587,3.9177358490566037,3.9169811320754717,3.9214285714285713,3.8852830188679244,3.9008082292432036,1.9409314653540326,1.9367663763725862,1.9572131768269594,1.9644779332615716,1.954941310109807,1.9458167330677292,1.9685725104127225,1.9307080651268458
Json - non-ASCII text serialize,1.4864562971237085,1.484295542925516,1.480592013404077,1.4800335101926836,1.4643954202736666,1.4772409941357163,1.479253112033195,1.2063666300768385,1.221756487025948,1.2085727969348659,1.2169045005488475,1.2125137211855104,1.2327113062568607,1.1997126436781609,1.2097804391217566,1.1924151696606786,1.1980241492864983,1.2147988505747127,1.2,1.2037835249042146,1.2059275521405048,1.2143199233716475,1.1980241492864983,1.1991701244813278,1.1927681992337165,1.2083424807903402,1.191218441273326,1.2032930845225027,1.20417124039517,1.2094401756311746,1.2180021953896816,1.1937260536398469,1.2138309549945114,1.2068057080131724,1.1119760479041916,1.215568862275449,1.2285429141716566,1.2215038314176245,1.2588364434687156,1.2127744510978045,1.2467618002195389,1.229198682766191,1.1993413830954995,1.2189620758483033,1.214489571899012,1.1998003992015969,1.1935309973045822,1.1999521072796935,1.210727969348659,1.203073545554336,1.189176245210728,1.214709110867179,1.200219538968167,1.2208562019758507,1.2008781558726673,1.2256860592755214,1.2122941822173436,1.2068057080131724,1.2087824351297405,1.2065861690450055,1.1936127744510978,1.2059386973180077,1.1984031936127744,1.2127332601536773,1.2515916575192096,1.2054884742041712,1.2109780439121756,1.229198682766191,1.2463227222832052,1.2139720558882237,1.2375249500998005,1.194072447859495,1.202854006586169,1.2079034028540065,1.1918163672654691,1.1967069154774972,1.1945115257958288,1.2024149286498353,1.1958812260536398,1.1912175648702594,1.2121756487025948,1.1868276619099891,1.1993413830954995,1.1962678375411635,1.2276619099890231,1.2076838638858398,1.2122941822173436,1.1967069154774972,1.202854006586169,1.1890219560878243,1.2182217343578485,1.25,1.21185510428101,1.2279693486590038,1.203073545554336,1.2035126234906697,1.2053941908713692,1.2019758507135017,1.2098792535675083,1.2083424807903402,1.1980241492864983,1.2073852295409182,1.2102490421455938,1.2008781558726673,1.2070252469813392,1.2033045977011494,1.1946107784431137,1.1996007984031936,1.214489571899012,1.2138309549945114,1.2070252469813392,1.2239297475301867,1.2125137211855104,1.2189620758483033,1.1945115257958288,1.2055888223552895,1.2111964873765093,1.2340285400658617,1.2223929747530187,1.2258817427385893,1.2272509578544062,1.2199600798403194
Json - small deserialize,0.24838090669225235,0.259312549960032,0.22989608313349322,0.23026789284286286,0.2291316862556968,0.2254298280687725,0.22823218997361477,0.19400479616306954,0.18967378268169824,0.19280287884846062,0.1825977452626529,0.19315183497241545,0.1868452618952419,0.1917233106757297,0.1977608956417433,0.20688414487886783,0.1901639344262295,0.18416633346661335,0.21234108899016552,0.18292682926829268,0.2023266970496522,0.18356657337065174,0.18564574170331868,0.1902439024390244,0.18673542816023028,0.18584566173530587,0.1920863309352518,0.18308676529388246,0.18349724154473496,0.18756497401039585,0.19561045814343966,0.18703526025425762,0.19480207916833267,0.19056377449020392,0.17210362197169585,0.18188724510195922,0.1914468425259792,0.18925401775005996,0.18568572570971612,0.18292682926829268,0.20472535380187096,0.18655552890381386,0.1890141520748381,0.1901639344262295,0.18784972022382093,0.18884446221511395,0.19136345461815274,0.18229791316862556,0.19116353458616553,0.19714057188562287,0.1953218712514994,0.19788084766093564,0.19956017592962816,0.2004798080767693,0.19495082753657952,0.1732906837265094,0.17880847660935625,0.1722111155537785,0.16917233106757298,0.17473010795681726,0.17233106757297081,0.17528988404638146,0.17863996162149196,0.18008796481407438,0.17947949148476852,0.1797281087564974,0.17887982729671384,0.17708083473254976,0.1696921231507397,0.17911969297193572,0.1774890043982407,0.17740903638544583,0.1764094362255098,0.17245101959216314,0.17668932427029188,0.1802079168332667,0.1783686525389844,0.1944111297673303,0.17983928999760135,0.17944822071171532,0.19004398240703718,0.1761295481807277,0.18288684526189525,0.1808876449420232,0.24858056777289084,0.1859656137544982,0.18588564574170333,0.1815673730507797,0.17744902039184327,0.18048780487804877,0.1758215399376349,0.17185125949620153,0.17881986087790838,0.1814074370251899,0.17353058776489405,0.18355720796354041,0.18096761295481809,0.18600559776089565,0.19351163348524827,0.1804239152169566,0.18384646141543382,0.18212714914034386,0.17996801279488206,0.17644471105778844,0.18944422231107558,0.19650995442552172,0.1803190213480451,0.18744502199120353,0.18751499160470136,0.18336665333866453,0.18788484606157538,0.18505636843367715,0.17425029988004798,0.18082383523295342,0.21000239865675221,0.17802439512097581,0.17824870051979208,0.17149140343862454,0.1810875649740104,0.17566486702659467,0.1758215399376349,0.18086382723455308
Json - small serialize,0.14586165533786485,0.15421831267493002,0.14422231107556976,0.14806077568972412,0.13774490203918432,0.1404119176164767,0.1426514697060588,0.11281743651269746,0.10887822435512898,0.10991603358656538,0.10591881623675264,0.10559776089564174,0.10903638544582167,0.10857828434313137,0.11067786442711458,0.12209558088382323,0.11527694461107778,0.10669866026794642,0.10959808038392321,0.10971805638872226,0.11815636872625475,0.11801639672065586,0.10601879624075185,0.1092381523695261,0.11165766846630674,0.1062375049980008,0.10839832033593282,0.11287485005997601,0.11163534586165534,0.10855657736905237,0.11327734453109378,0.10667732906837266,0.1103379324135173,0.10485902819436113,0.09752099160335866,0.10951619352259097,0.10695721711315474,0.11347461015593763,0.11171531387445022,0.12275544891021796,0.11943222710915634,0.10831667333066773,0.106437425029988,0.10655737704918032,0.105998800239952,0.1058388322335533,0.10939624150339865,0.10363927214557088,0.10819836032793441,0.10633873225354928,0.10845830833833234,0.11127548980407836,0.11297673302950348,0.10543782487005197,0.11595361855257896,0.0997000599880024,0.09794041191761647,0.10249950009998,0.09946010797840432,0.09762047590481904,0.10117976404719056,0.1053389322135573,0.11811637672465507,0.10421915616876624,0.0993001399720056,0.10083983203359329,0.10071971211515394,0.10133973205358929,0.09926014797040592,0.09718056388722256,0.09844031193761248,0.09814037192561488,0.10053989202159568,0.10107956817273091,0.09958008398320337,0.09940023990403839,0.09876024795040991,0.11327469012395042,0.09916033586565375,0.09898020395920816,0.10075984803039392,0.10131947221111555,0.10137972405518897,0.09962007598480303,0.11501699660067986,0.10073985202959408,0.10273945210957808,0.0977608956417433,0.09774045190961808,0.10103979204159168,0.10335865653738505,0.0993001399720056,0.10341931613677265,0.09996001599360256,0.09802039592081584,0.10260254257615735,0.09996001599360256,0.10451819272291084,0.10637872425514897,0.10439912017596481,0.10395841663334666,0.09732053589282144,0.10255897640943623,0.10205958808238352,0.10351859256297481,0.11653669266146771,0.10197960407918416,0.09992003198720512,0.10811837632473505,0.10375924815036992,0.10087982403519297,0.10287884846061575,0.09986002799440112,0.1058388322335533,0.10393921215756849,0.10373925214957008,0.10063987202559488,0.101499700059988,0.10395841663334666,0.10333933213357328,0.10179928028788485,0.09988002399520096
Span - IndexOf bytes,N/A,N/A,N/A,N/A,N/A,N/A,N/A,N/A,N/A,N/A,N/A,N/A,N/A,N/A,N/A,N/A,N/A,N/A,N/A,N/A,N/A,N/A,N/A,N/A,N/A,N/A,N/A,N/A,N/A,N/A,N/A,N/A,N/A,N/A,N/A,N/A,N/A,N/A,N/A,N/A,N/A,N/A,N/A,N/A,N/A,N/A,N/A,N/A,N/A,N/A,N/A,N/A,N/A,N/A,N/A,N/A,N/A,N/A,N/A,N/A,N/A,N/A,N/A,N/A,N/A,N/A,N/A,N/A,N/A,N/A,N/A,N/A,N/A,N/A,N/A,N/A,N/A,N/A,N/A,N/A,N/A,N/A,N/A,N/A,N/A,N/A,N/A,0.008666666666666666,0.008719713235888635,0.008705339094968153,0.008662674650698603,0.00870059880239521,0.008686626746506986,0.008654690618762475,0.00866760697505188,0.008705339094968153,0.008705339094968153,0.008710729397813333,0.008669329073482428,0.008710445729840081,0.008666666666666666,0.008714322933043455,0.00870447284345048,0.008726900306348878,0.00870174555973803,0.008680184348357305,0.00870174555973803,0.008722044728434505,0.008702594810379242,0.008640655460825973,0.008702594810379242,0.008708582834331338,0.008716566866267464,0.008703542327353092,0.0010177964407118577,0.0010315936812637472,0.0009452219112355058,0.0009544182327069173,0.001026994601079784,0.0009816036792641473,0.0010117976404719056,0.0010015993602558977
Span - IndexOf chars,N/A,N/A,N/A,N/A,N/A,N/A,N/A,N/A,N/A,N/A,N/A,N/A,N/A,N/A,N/A,N/A,N/A,N/A,N/A,N/A,N/A,N/A,N/A,N/A,N/A,N/A,N/A,N/A,N/A,N/A,N/A,N/A,N/A,N/A,N/A,N/A,N/A,N/A,N/A,N/A,N/A,N/A,N/A,N/A,N/A,N/A,N/A,N/A,N/A,N/A,N/A,N/A,N/A,N/A,N/A,N/A,N/A,N/A,N/A,N/A,N/A,N/A,N/A,N/A,N/A,N/A,N/A,N/A,N/A,N/A,N/A,N/A,N/A,N/A,N/A,N/A,N/A,N/A,N/A,N/A,N/A,N/A,N/A,N/A,N/A,N/A,N/A,1.2687830687830688,1.2746031746031745,1.2746031746031745,1.2590299277605779,1.2641898864809082,1.2592879256965945,1.2619047619047619,1.2634158926728587,1.2636738906088751,1.2682539682539682,1.260577915376677,1.26109391124871,1.2703818369453044,1.2703818369453044,1.2711496746203905,1.2773477812177503,1.2626418988648092,1.2618679050567596,1.2641898864809082,1.2693121693121694,1.2644478844169247,1.2687830687830688,1.2666666666666666,1.2639318885448916,1.2666666666666666,1.2721878224974201,1.2626418988648092,0.07101159536185526,0.0709574255446732,0.07095828335332534,0.07089746152308615,0.07099740155906456,0.07097161135545782,0.07101738956626025,0.07097741355186887
Span - Reverse bytes,N/A,N/A,N/A,N/A,N/A,N/A,N/A,N/A,N/A,N/A,N/A,N/A,N/A,N/A,N/A,N/A,N/A,N/A,N/A,N/A,N/A,N/A,N/A,N/A,N/A,N/A,N/A,N/A,N/A,N/A,N/A,N/A,N/A,N/A,N/A,N/A,N/A,N/A,N/A,N/A,N/A,N/A,N/A,N/A,N/A,N/A,N/A,N/A,N/A,N/A,N/A,N/A,N/A,N/A,N/A,N/A,N/A,N/A,N/A,N/A,N/A,N/A,N/A,N/A,N/A,N/A,N/A,N/A,N/A,N/A,N/A,N/A,N/A,N/A,N/A,N/A,N/A,N/A,N/A,N/A,N/A,N/A,N/A,N/A,N/A,N/A,N/A,0.08252349530093982,0.08259044573256047,0.08258030121284819,0.08252698920431828,0.08258030121284819,0.08255364520858323,0.08253048171097342,0.08260695721711316,0.08258030121284819,0.08256697321071571,0.08256697321071571,0.08259044573256047,0.08263361322137812,0.08263042174695183,0.08259362921498067,0.08252698920431828,0.08255364520858323,0.08259044573256047,0.08257045772536478,0.08257045772536478,0.08254729549693579,0.08259362921498067,0.08253048171097342,0.0825504697181691,0.08258030121284819,0.08258030121284819,0.08254031720645075,0.08260695721711316,0.0825504697181691,0.08260695721711316,0.08256697321071571,0.08251049370377773,0.08256697321071571,0.08256697321071571,0.08256697321071571
Span - Reverse chars,N/A,N/A,N/A,N/A,N/A,N/A,N/A,N/A,N/A,N/A,N/A,N/A,N/A,N/A,N/A,N/A,N/A,N/A,N/A,N/A,N/A,N/A,N/A,N/A,N/A,N/A,N/A,N/A,N/A,N/A,N/A,N/A,N/A,N/A,N/A,N/A,N/A,N/A,N/A,N/A,N/A,N/A,N/A,N/A,N/A,N/A,N/A,N/A,N/A,N/A,N/A,N/A,N/A,N/A,N/A,N/A,N/A,N/A,N/A,N/A,N/A,N/A,N/A,N/A,N/A,N/A,N/A,N/A,N/A,N/A,N/A,N/A,N/A,N/A,N/A,N/A,N/A,N/A,N/A,N/A,N/A,N/A,N/A,N/A,N/A,N/A,N/A,0.0825504697181691,0.08263042174695183,0.08263042174695183,0.08259362921498067,0.08263361322137812,0.08260695721711316,0.08258030121284819,0.08256697321071571,0.08260695721711316,0.08263042174695183,0.08259044573256047,0.08262028521924564,0.08267359722777555,0.08265680197293875,0.0826469412235106,0.08259362921498067,0.08269038576853888,0.08267039776134319,0.08259362921498067,0.08262028521924564,0.08258030121284819,0.08263042174695183,0.08259044573256047,0.08268346330733853,0.08259044573256047,0.08263042174695183,0.08259044573256047,0.08265040975414752,0.0825504697181691,0.0826469412235106,0.08263361322137812,0.08257045772536478,0.08261043373975614,0.08263361322137812,0.08263361322137812
Vector - Add 2 Vector128's,0.001625560284900463,0.0017822140443571606,0.0018257939907263445,0.001820015754678027,0.0016943845410315177,0.0017248472779858423,0.0017424257779919837,0.0016655875197743454,0.0016502547132274765,0.0017300388648782967,0.0016689963687554754,0.0016523370868081308,0.0016969574234511576,0.0016636625798039843,0.0016738090734294496,0.0016627196046478932,0.0016634554826603237,0.0016877615395682025,0.0016851595353341168,0.0017174141934006846,0.001692943406580809,0.001676708071608154,0.0016810795811065984,0.0017213335046706475,0.0017062561987688627,0.0016551325331783592,0.0017030449066437056,0.0017404043497538523,0.0017217154333502467,0.0016429876948018652,0.0017289148017623484,0.0016816596746241671,0.00167672320379601,0.0016811098135247615,0.001519853332169303,0.001719272464546974,0.0016585520267616708,0.0017533554873970195,0.0010623487123266407,0.0010289318223889127,0.0009270796526008443,0.0009810939032959224,0.0009215410556125729,0.0009504964440412081,0.0009248711665121814,0.0009810120697029997,0.0009911069281447478,0.0009071854712466873,0.0010237596757774236,0.001069078649053557,0.0010457830646524318,0.0010065853658536585,0.0009871116469494401,0.0010412331779759026,0.001058193775067578,0.0010376499223310736,0.0010385293146714326,0.001025512217343195,0.0010072701608206168,0.0010597956031886291,0.0010402498209241121,0.0010768453793579573,0.001058675195054989,0.0010292443867076255,0.0010177573324625935,0.0009737181169931415,0.0009803828161472575,0.0009980696463899505,0.0010020579464362276,0.0009686913020029384,0.0009048514718077421,0.0009123558340636527,0.0009555244030866935,0.0009724970995700539,0.001025512217343195,0.0010378976305961323,0.0009909667029044493,0.0010536844364625497,0.0010117549891477634,0.0010459034873199873,0.000994948427866239,0.0010360975609756099,0.0010366590892708384,0.001021838925916678,0.0009605570270428471,0.0010485496865165916,0.0010050001570312745,0.0009742760038632639,0.0009869532792114498,0.0009610198806047869,0.000979582428980274,0.0009671942467274481,0.0009868696485069422,0.0009827036475039855,0.0009970335830918591,0.0010483628954559095,0.0009986099654782634,0.001068106076161294,0.0009929279594301976,0.00104347280301901,0.0010354852070776866,0.0011293828462523798,0.0010081569058748051,0.0010473956331055476,0.0010100662939541137,0.0009573994637067067,0.001038,0.001056,0.0009528580090916966,0.0009939096599560142,0.0010207224424683714,0.0010877050840591453,0.0010150566739976314,0.0010345426689621405,0.0011079602997771927,0.0009947911893196468,0.0010112563154807948,0.0009814254727644885,0.0009641567206619538,0.001000519353557572,0.0010238586525863219,0.001000519353557572
Vector - Create Vector128,0.000398711732020397,0.0003978190501433275,0.0003774308449577409,0.00039444997683695166,0.0003796368227915501,0.00045605489901339287,0.00037636149273152704,0.0003911183707394765,0.00040054715313506226,0.0004124063197713278,0.0003716933375258473,0.0003942011124982533,0.00041233718055430884,0.0003718255656786491,0.00037049439868150433,0.00038922382572428545,0.00038998025112572504,0.0003845167728701533,0.0003929263139016004,0.000401499021725819,0.00041337942303280314,0.00038991318997426655,0.0003931190018044271,0.00038655880946863796,0.0003809166397616221,0.00035719938404427456,0.0003856945412531047,0.00041743107109548855,0.00034059384580166876,0.0003691418179744225,0.00035205778577128806,0.0003882256616800782,0.0003837947756344759,0.00040437662059505193,0.00034152021165607043,0.0003779335925704545,0.0003732799982065204,0.0003729925269911489,0.00039640317772344575,0.0003939274696484208,0.00039608214849921013,0.0003903951934746269,0.00038799368088467617,0.0003948547866078659,0.0003748290294470537,0.000371563561860085,0.0003635033883217255,0.00038163346339398446,0.0003513291306010663,0.0003911183707394765,0.0003594145740228437,0.0003867298578199052,0.00035672740119796996,0.0003590504486552962,0.0003419857650318495,0.00035818002332522276,0.00034151594059216934,0.0003669003287473145,0.00035034619535456176,0.0004077144844910983,0.00033973284139374583,0.00037579241026270294,0.00036992101105845184,0.0003807941585269721,0.0004086893318795788,0.00038611302149055553,0.0003694034037045184,0.00037153027702283616,0.0003956827244439477,0.0003431895623360781,0.0003801579778830964,0.00035682961606098285,0.00040036965093084484,0.0003586392575303445,0.0003524134555134862,0.00038066022156664074,0.0003811690363349131,0.00037460582319207795,0.0003636180581603128,0.00036350606502824807,0.00044800596280408355,0.0003777395913397594,0.00038739131965973597,0.0003515506495989232,0.0003542631093398923,0.00038606085161692376,0.00035034619535456176,0.00037489028597952035,0.00038103912099627215,0.000399166343724478,0.00037891086393076464,0.0003713303141753015,0.0003751997118576296,0.0003708999686090365,0.00038658777882816134,0.0004209929078014184,0.0004110161013926704,0.0004490038623157788,0.00040641617848218627,0.0004146430052296447,0.0004099287572090919,0.00042693979045750955,0.0004200001500000536,0.0004060715735969906,0.0004335590120149903,0.00038153187525394165,0.0004148045509354615,0.0004164528223105629,0.0003741939239222176,0.000385714423469437,0.0004028368794326241,0.00043141631098788584,0.00039290362011832843,0.00039474086950647895,0.0004081853293779807,0.00039290362011832843,0.000382729289638065,0.0003825228671377181,0.000388745909852526,0.00039082476498542723,0.00039896269698783165,0.00039398603345094924
Vector - Dot product double,N/A,N/A,N/A,N/A,N/A,N/A,N/A,N/A,N/A,N/A,N/A,N/A,N/A,N/A,N/A,N/A,N/A,N/A,N/A,N/A,N/A,N/A,N/A,N/A,N/A,N/A,N/A,N/A,N/A,N/A,N/A,N/A,N/A,N/A,N/A,N/A,N/A,N/A,N/A,N/A,N/A,N/A,N/A,N/A,N/A,N/A,N/A,N/A,N/A,N/A,N/A,N/A,N/A,N/A,N/A,N/A,N/A,N/A,N/A,N/A,N/A,N/A,N/A,N/A,N/A,N/A,N/A,N/A,N/A,N/A,N/A,N/A,N/A,N/A,N/A,N/A,N/A,N/A,N/A,N/A,N/A,N/A,N/A,N/A,N/A,N/A,N/A,N/A,N/A,N/A,N/A,N/A,N/A,N/A,N/A,0.0009996770274219098,0.0009698060764470825,0.000947505608532712,0.0009766132685723621,0.0009585659852860122,0.0009779685928097805,0.0009784699477901804,0.0009986099654782634,0.0010006464524470354,0.0009424846457355773,0.0009369944439157583,0.0009592693845342588,0.0009630092261893632,0.0009387002554311851,0.000932052967344726,0.0009689177342704665,0.0009480498595689458,0.0009548791930349121,0.0009754554322322111,0.000974756589354544,0.0009364452317794118,0.0009327584395283118,0.0009333343093692124,0.0009967754797102963,0.0009536596220516023,0.0009322958461441362,0.0009401320240305119
Vector - Dot product float,N/A,N/A,N/A,N/A,N/A,N/A,N/A,N/A,N/A,N/A,N/A,N/A,N/A,N/A,N/A,N/A,N/A,N/A,N/A,N/A,N/A,N/A,N/A,N/A,N/A,N/A,N/A,N/A,N/A,N/A,N/A,N/A,N/A,N/A,N/A,N/A,N/A,N/A,N/A,N/A,N/A,N/A,N/A,N/A,N/A,N/A,N/A,N/A,N/A,N/A,N/A,N/A,N/A,N/A,N/A,N/A,N/A,N/A,N/A,N/A,N/A,N/A,N/A,N/A,N/A,N/A,N/A,N/A,N/A,N/A,N/A,N/A,N/A,N/A,N/A,N/A,N/A,N/A,N/A,N/A,N/A,N/A,N/A,N/A,N/A,N/A,N/A,N/A,N/A,N/A,N/A,N/A,N/A,N/A,N/A,0.0013955566813470945,0.0013927074954076671,0.0013843532585545932,0.0014419364817236987,0.001462168850863717,0.0014554466155949138,0.0014511514997271443,0.0014346293711744232,0.001399394400009651,0.0013859980739406076,0.0014084848484848486,0.0014611977797841652,0.0014066326469062526,0.0013897434041475155,0.001406060606060606,0.001402965225460896,0.0014630960807968016,0.0014071148143256775,0.0014888624537559825,0.0015050025979211513,0.0013716601628308773,0.0013788291183857424,0.0013633955377641727,0.0014084848484848486,0.0013864051442051594,0.0013633955377641727,0.0013768929305227912
Vector - Dot product int,N/A,N/A,N/A,N/A,N/A,N/A,N/A,N/A,N/A,N/A,N/A,N/A,N/A,N/A,N/A,N/A,N/A,N/A,N/A,N/A,N/A,N/A,N/A,N/A,N/A,N/A,N/A,N/A,N/A,N/A,N/A,N/A,N/A,N/A,N/A,N/A,N/A,N/A,N/A,N/A,N/A,N/A,N/A,N/A,N/A,N/A,N/A,N/A,N/A,N/A,N/A,N/A,N/A,N/A,N/A,N/A,N/A,N/A,N/A,N/A,N/A,N/A,N/A,N/A,N/A,N/A,N/A,N/A,N/A,N/A,N/A,N/A,N/A,N/A,N/A,N/A,N/A,N/A,N/A,N/A,N/A,N/A,N/A,N/A,N/A,N/A,N/A,N/A,N/A,N/A,N/A,N/A,N/A,N/A,N/A,0.0014138708938028542,0.0013792709839433833,0.0014547592114167725,0.0014080174168204836,0.0014239233530633562,0.0014170635480116902,0.0015300025119444225,0.0013890860902077713,0.0014248865571087224,0.0013887831976257515,0.0014572290912324207,0.001417579446559447,0.0014206060606060606,0.001439098826390095,0.0013816490373639754,0.001447349571969828,0.0014547592114167725,0.0014419364817236987,0.0014162836427683882,0.0015198532415500981,0.001374887595248237,0.0014090453958717866,0.0013721368236816072,0.0014944800655642867,0.0013840270907845673,0.0013812187702373642,0.0013836084220889859
Vector - Dot product ulong,N/A,N/A,N/A,N/A,N/A,N/A,N/A,N/A,N/A,N/A,N/A,N/A,N/A,N/A,N/A,N/A,N/A,N/A,N/A,N/A,N/A,N/A,N/A,N/A,N/A,N/A,N/A,N/A,N/A,N/A,N/A,N/A,N/A,N/A,N/A,N/A,N/A,N/A,N/A,N/A,N/A,N/A,N/A,N/A,N/A,N/A,N/A,N/A,N/A,N/A,N/A,N/A,N/A,N/A,N/A,N/A,N/A,N/A,N/A,N/A,N/A,N/A,N/A,N/A,N/A,N/A,N/A,N/A,N/A,N/A,N/A,N/A,N/A,N/A,N/A,N/A,N/A,N/A,N/A,N/A,N/A,N/A,N/A,N/A,N/A,N/A,N/A,N/A,N/A,N/A,N/A,N/A,N/A,N/A,N/A,0.0009977545715999447,0.0009784772921209823,0.0009626153857415798,0.000984039985443635,0.0009716891950421253,0.000949349004658262,0.0009910580386026456,0.0009691865517010895,0.0009561897971763622,0.000953035796909362,0.0009543331179585441,0.0010226967605389099,0.0009698060764470825,0.0009453255347115251,0.0009327584395283118,0.0009765810182990424,0.0009891881177750935,0.0009580464763941804,0.0009580464763941804,0.001029678747972578,0.0009406545784623043,0.0009585073648768252,0.0009333343093692124,0.0009862198366681534,0.0009388245111890313,0.0009419754201560619,0.0009660398392569967
Vector - Max double,N/A,N/A,N/A,N/A,N/A,N/A,N/A,N/A,N/A,N/A,N/A,N/A,N/A,N/A,N/A,N/A,N/A,N/A,N/A,N/A,N/A,N/A,N/A,N/A,N/A,N/A,N/A,N/A,N/A,N/A,N/A,N/A,N/A,N/A,N/A,N/A,N/A,N/A,N/A,N/A,N/A,N/A,N/A,N/A,N/A,N/A,N/A,N/A,N/A,N/A,N/A,N/A,N/A,N/A,N/A,N/A,N/A,N/A,N/A,N/A,N/A,N/A,N/A,N/A,N/A,N/A,N/A,N/A,N/A,N/A,N/A,N/A,N/A,N/A,N/A,N/A,N/A,N/A,N/A,N/A,N/A,N/A,N/A,N/A,N/A,N/A,N/A,N/A,N/A,N/A,N/A,N/A,N/A,N/A,N/A,N/A,N/A,N/A,N/A,N/A,N/A,N/A,N/A,0.0007195273187272914,0.0007063954227971164,0.0007086765276965595,0.0006996103034616355,0.0007123734850622755,0.0007041657126188377,0.0006944337516359997,0.0007503512106437484,0.0007393292560157079,0.0007206097467087535,0.0007025219649272579,0.0007366219202521298,0.0006929260185488663,0.0007257435374635962,0.0006743618017761653,0.0007164192093591389,0.0006935661539716862,0.0006936292818269128,0.0006951113956769703
Vector - Max float,N/A,N/A,N/A,N/A,N/A,N/A,N/A,N/A,N/A,N/A,N/A,N/A,N/A,N/A,N/A,N/A,N/A,N/A,N/A,N/A,N/A,N/A,N/A,N/A,N/A,N/A,N/A,N/A,N/A,N/A,N/A,N/A,N/A,N/A,N/A,N/A,N/A,N/A,N/A,N/A,N/A,N/A,N/A,N/A,N/A,N/A,N/A,N/A,N/A,N/A,N/A,N/A,N/A,N/A,N/A,N/A,N/A,N/A,N/A,N/A,N/A,N/A,N/A,N/A,N/A,N/A,N/A,N/A,N/A,N/A,N/A,N/A,N/A,N/A,N/A,N/A,N/A,N/A,N/A,N/A,N/A,N/A,N/A,N/A,N/A,N/A,N/A,N/A,N/A,N/A,N/A,N/A,N/A,N/A,N/A,N/A,N/A,N/A,N/A,N/A,N/A,N/A,N/A,0.0009250827254776438,0.0009228812789535834,0.0009232794453110207,0.0009506197595229077,0.0009296741748226665,0.0009290716472772117,0.0009077133675433909,0.0009368303346036329,0.0009536596220516023,0.0009130278775476853,0.0009392315378326824,0.0009698060764470825,0.000908853203978036,0.0009156144972295395,0.000889935732784806,0.0009161678743983616,0.0008931208218859347,0.0009074393921766912,0.0009110190347493802
Vector - Min double,N/A,N/A,N/A,N/A,N/A,N/A,N/A,N/A,N/A,N/A,N/A,N/A,N/A,N/A,N/A,N/A,N/A,N/A,N/A,N/A,N/A,N/A,N/A,N/A,N/A,N/A,N/A,N/A,N/A,N/A,N/A,N/A,N/A,N/A,N/A,N/A,N/A,N/A,N/A,N/A,N/A,N/A,N/A,N/A,N/A,N/A,N/A,N/A,N/A,N/A,N/A,N/A,N/A,N/A,N/A,N/A,N/A,N/A,N/A,N/A,N/A,N/A,N/A,N/A,N/A,N/A,N/A,N/A,N/A,N/A,N/A,N/A,N/A,N/A,N/A,N/A,N/A,N/A,N/A,N/A,N/A,N/A,N/A,N/A,N/A,N/A,N/A,N/A,N/A,N/A,N/A,N/A,N/A,N/A,N/A,N/A,N/A,N/A,N/A,N/A,N/A,N/A,N/A,0.0007123734850622755,0.0007261023102561951,0.0007086765276965595,0.0006980992660891482,0.0007129109246285318,0.0007016955099114491,0.0006869396166607551,0.0007164192093591389,0.0007485195770310517,0.0007001700848899025,0.0007040040787773153,0.0007335138108839774,0.000694422619020894,0.000729258477433763,0.000673470212412505,0.0006962164984661481,0.0006749668128845327,0.0006959192194929218,0.0006980992660891482
Vector - Min float,N/A,N/A,N/A,N/A,N/A,N/A,N/A,N/A,N/A,N/A,N/A,N/A,N/A,N/A,N/A,N/A,N/A,N/A,N/A,N/A,N/A,N/A,N/A,N/A,N/A,N/A,N/A,N/A,N/A,N/A,N/A,N/A,N/A,N/A,N/A,N/A,N/A,N/A,N/A,N/A,N/A,N/A,N/A,N/A,N/A,N/A,N/A,N/A,N/A,N/A,N/A,N/A,N/A,N/A,N/A,N/A,N/A,N/A,N/A,N/A,N/A,N/A,N/A,N/A,N/A,N/A,N/A,N/A,N/A,N/A,N/A,N/A,N/A,N/A,N/A,N/A,N/A,N/A,N/A,N/A,N/A,N/A,N/A,N/A,N/A,N/A,N/A,N/A,N/A,N/A,N/A,N/A,N/A,N/A,N/A,N/A,N/A,N/A,N/A,N/A,N/A,N/A,N/A,0.0009327584395283118,0.0009196728849777746,0.0009250827254776438,0.0009557220062577037,0.00092868928581089,0.0009223539057295747,0.0009077133675433909,0.0009309150434027618,0.0009617598348298168,0.0009199681411811031,0.0009392315378326824,0.0009599031556119986,0.0009074393921766912,0.0009156144972295395,0.000889935732784806,0.0009143244782728115,0.0008944269626450514,0.000908853203978036,0.0009128088560357248
Vector - Multiply 2 Vector128's,0.001659470039982845,0.0016370706008531214,0.001655853566736703,0.0016870217871782795,0.0016676487022997029,0.0017236577278197307,0.0016929867949914124,0.0016653377644716718,0.0016683734518443789,0.0016719971995677594,0.001645494004914476,0.0016611112905521455,0.0016925736067978075,0.0016430094367448466,0.00164620388153437,0.0016637292237236916,0.001683973875512114,0.0016753214728119877,0.0016495777194023105,0.0017473054710367697,0.00166537055027151,0.0016518828944935226,0.0016717594398505567,0.0016734466986571116,0.0016947720307615875,0.0016614883311699559,0.0016573292487035724,0.0017729722777870918,0.0017118393799618163,0.001637685362095641,0.0017213585591021358,0.0017061587658551895,0.0016736465680957436,0.0016501932777726637,0.0015089405471471996,0.0016749609560328157,0.0016997501078131396,0.001699507048255656,0.0009943971698665418,0.0009719532768676995,0.0009185224553912348,0.001001835674848561,0.000903319817671914,0.0009598163645116488,0.0009821744062784772,0.0009094121366535865,0.0010101014989867525,0.0009084583268903665,0.0010236585365853658,0.0010700080397406755,0.0010516256539469919,0.0010032533668412713,0.0009710749092718333,0.0010238954102091398,0.001054944695826407,0.0010648482282623066,0.0010510647973021915,0.000952986887190659,0.0010171194538191953,0.001024518386639179,0.0010101716068642746,0.0010422809252454226,0.0010292278413190762,0.0010209914288991635,0.0010694251060370708,0.000902143707381887,0.0009282298062752577,0.0010296803074931673,0.0009341642411371308,0.0009926776111268947,0.0008970674662183278,0.00097990643965739,0.0009101075446746343,0.0009869532792114498,0.0010425343366058033,0.0010656524398586708,0.0010082926829268293,0.0010369801769028323,0.0010238954102091398,0.0010129554578107293,0.0010321372854914196,0.0010369067975358973,0.0010232794883122372,0.0010620934014128394,0.0010381279251170047,0.0010559815232730118,0.0010563465299519514,0.0009814770043331908,0.0009784549292369492,0.000987422029284692,0.0009911069281447478,0.000959585805692405,0.0010036248974682744,0.0009689064013916252,0.0009768751526367425,0.0010112117623537011,0.0009996770274219098,0.0010365864351363832,0.0010395499729324725,0.0010375885578892037,0.0010209986691944828,0.0010551939987083312,0.0010100662939541137,0.0010415113879757411,0.001011975682033422,0.0010190501984517451,0.0010305940328210637,0.001028792552165433,0.0010179744074565154,0.0009939096599560142,0.0010305940328210637,0.0010483628954559095,0.0010054443948878055,0.0009961697367776828,0.001084,0.0009947911893196468,0.0010365169870326788,0.0009890630250817217,0.0009599031556119986,0.0010171017277090075,0.0010035219390658403,0.0010081569058748051
Vector - Sum double,N/A,N/A,N/A,N/A,N/A,N/A,N/A,N/A,N/A,N/A,N/A,N/A,N/A,N/A,N/A,N/A,N/A,N/A,N/A,N/A,N/A,N/A,N/A,N/A,N/A,N/A,N/A,N/A,N/A,N/A,N/A,N/A,N/A,N/A,N/A,N/A,N/A,N/A,N/A,N/A,N/A,N/A,N/A,N/A,N/A,N/A,N/A,N/A,N/A,N/A,N/A,N/A,N/A,N/A,N/A,N/A,N/A,N/A,N/A,N/A,N/A,N/A,N/A,N/A,N/A,N/A,N/A,N/A,N/A,N/A,N/A,N/A,N/A,N/A,N/A,N/A,N/A,N/A,N/A,N/A,N/A,N/A,N/A,N/A,N/A,N/A,N/A,N/A,N/A,N/A,N/A,N/A,N/A,N/A,N/A,0.000791670109908272,0.0007552110359802975,0.0008015866457317577,0.0007516845646717749,0.0007631942393204697,0.0007516845646717749,0.0007618796036937469,0.0007554366472143073,0.0007552110359802975,0.0007329278620371083,0.0007252290399568866,0.0007402365620402927,0.0007440345513040563,0.0007214169884290988,0.0007190699822927092,0.0007685315263201389,0.0007449414554430912,0.0007298483332050196,0.0007245768852346485,0.0008016146569442181,0.00072418948277952,0.000736051347963884,0.0007245535840309645,0.0007440345513040563,0.0007339633708365615,0.0007215260351915553,0.0007257435374635962
Vector - Sum uint,N/A,N/A,N/A,N/A,N/A,N/A,N/A,N/A,N/A,N/A,N/A,N/A,N/A,N/A,N/A,N/A,N/A,N/A,N/A,N/A,N/A,N/A,N/A,N/A,N/A,N/A,N/A,N/A,N/A,N/A,N/A,N/A,N/A,N/A,N/A,N/A,N/A,N/A,N/A,N/A,N/A,N/A,N/A,N/A,N/A,N/A,N/A,N/A,N/A,N/A,N/A,N/A,N/A,N/A,N/A,N/A,N/A,N/A,N/A,N/A,N/A,N/A,N/A,N/A,N/A,N/A,N/A,N/A,N/A,N/A,N/A,N/A,N/A,N/A,N/A,N/A,N/A,N/A,N/A,N/A,N/A,N/A,N/A,N/A,N/A,N/A,N/A,N/A,N/A,N/A,N/A,N/A,N/A,N/A,N/A,0.0010452580853494958,0.0009986099654782634,0.0010031288518062007,0.0010253413985885803,0.0009942866181826399,0.0009821833062258168,0.0010215226224299637,0.0010219368024991,0.000997440030340381,0.0009779685928097805,0.0010031288518062007,0.00101515325696627,0.0010043381297161885,0.0009890335342368185,0.000998710966078666,0.0010132047862235324,0.0010761783439490445,0.0009936474826965013,0.0010316142343409476,0.0010775774762001216,0.0009811047880173398,0.0010132047862235324,0.0009765810182990424,0.0009939096599560142,0.0009986099654782634,0.0009829879066123827,0.0009829879066123827
WebSocket - PartialReceive_100KB,0.01,0.01,0.01,0.02,0.02,0.02,0,0.01,0.01,0.02,0.02,0.02,0.01,0.01,0.01,0.02,0.01,0.01,0.01,0.01,0.02,0.02,0.02,0.02,0.02,0.05,0.1,0.08,0.06,0.07,0.06,0.06,0.06,0.08,0.09,0.07,0.06,0.06,0.06,0.06,0.08,0.05,0.1,0.07,0.12,0.03,0.03,0.03,0.03,0.02,0.02,0.03,0.03,0.03,0.02,0.03,0.02,0.04,0.03,0.03,0.04,0.04,0.02,0.02,0.04,0.04,0.02,0.03,0.03,0.03,0.03,0.03,0.03,0.03,0.03,0.03,0.03,0.03,0.03,0.03,0.03,0.03,0.03,0.04,0.04,0.03,0.03,0.04,0.04,0.02,0.02,0.03,0.02,0.02,0.02,0.02,0.02,0.02,0.02,0.03,0.02,0.03,0.02,0.03,0.03,0.04,0.01,0.02,0.03,0.02,0.03,0.03,0.02,0.02,0.01,0.02,0.04,0.03,0.04,0.03,0.03,0.02
WebSocket - PartialReceive_10KB,0.00998003992015968,0.03592814371257485,0.011976047904191617,0.00998003992015968,0.015968063872255488,0.011976047904191617,0.007984031936127744,0.011976047904191617,0.011976047904191617,0.013972055888223553,0.011976047904191617,0.011976047904191617,0.023952095808383235,0.015968063872255488,0.00998003992015968,0.023952095808383235,0.00998003992015968,0.011976047904191617,0.011976047904191617,0.00998003992015968,0.023952095808383235,0.011976047904191617,0.021956087824351298,0.021956087824351298,0.033932135728542916,0.07984031936127745,0.06387225548902195,0.0658682634730539,0.06187624750499002,0.059880239520958084,0.06187624750499002,0.06187624750499002,0.07584830339321358,0.06387225548902195,0.04790419161676647,0.06786427145708583,0.08383233532934131,0.07984031936127745,0.0658682634730539,0.08383233532934131,0.06986027944111776,0.059880239520958084,0.07984031936127745,0.08982035928143713,0.06387225548902195,0.02594810379241517,0.03592814371257485,0.027944111776447105,0.027944111776447105,0.02594810379241517,0.03592814371257485,0.03592814371257485,0.029940119760479042,0.03792415169660679,0.02594810379241517,0.02594810379241517,0.02594810379241517,0.027944111776447105,0.029940119760479042,0.027944111776447105,0.05389221556886228,0.03992015968063872,0.031936127744510975,0.031936127744510975,0.043912175648702596,0.04590818363273453,0.03592814371257485,0.029940119760479042,0.043912175648702596,0.04590818363273453,0.02594810379241517,0.027944111776447105,0.027944111776447105,0.02594810379241517,0.03792415169660679,0.03592814371257485,0.03792415169660679,0.03592814371257485,0.05389221556886228,0.031936127744510975,0.027944111776447105,0.027944111776447105,0.027944111776447105,0.02594810379241517,0.027944111776447105,0.027944111776447105,0.029940119760479042,0.027944111776447105,0.02594810379241517,0.023952095808383235,0.023952095808383235,0.031936127744510975,0.027944111776447105,0.031936127744510975,0.023952095808383235,0.02594810379241517,0.02594810379241517,0.023952095808383235,0.027944111776447105,0.027944111776447105,0.023952095808383235,0.023952095808383235,0.02594810379241517,0.02594810379241517,0.029940119760479042,0.029940119760479042,0.02594810379241517,0.02594810379241517,0.029940119760479042,0.027944111776447105,0.023952095808383235,0.03992015968063872,0.029940119760479042,0.027944111776447105,0.023952095808383235,0.027944111776447105,0.02594810379241517,0.03592814371257485,0.029940119760479042,0.027944111776447105,0.027944111776447105,0.02594810379241517
WebSocket - PartialReceive_1B,0.005596612779060816,0.005550423402617398,0.005765973826020015,0.005742879137798306,0.005912240184757506,0.005665896843725943,0.005673595073133179,0.005458044649730562,0.005481139337952271,0.0056351039260969975,0.005519630484988452,0.005642802155504234,0.008837567359507314,0.01014626635873749,0.005719784449576598,0.008814472671285604,0.005373364126250962,0.005573518090839107,0.005673595073133179,0.005619707467282525,0.01611239414934565,0.009083910700538876,0.01573518090839107,0.016189376443418012,0.016066204772902232,0.06833718244803695,0.06759815242494226,0.0679445727482679,0.0676674364896074,0.06683602771362587,0.0684526558891455,0.06667436489607391,0.06804464973056197,0.066905311778291,0.05069284064665127,0.06594303310238644,0.06577367205542725,0.06948421862971517,0.06647421093148576,0.06719014626635873,0.06626635873749037,0.06649730561970747,0.053779830638953044,0.06688221709006928,0.06691301000769823,0.020053887605850654,0.019907621247113164,0.019715165511932257,0.019815242494226327,0.019638183217859893,0.019699769053117783,0.020246343341031564,0.020115473441108544,0.0199153194765204,0.019776751347190147,0.01953810623556582,0.0200846805234796,0.020200153964588144,0.0202540415704388,0.01980754426481909,0.02023094688221709,0.02031562740569669,0.019738260200153963,0.020638953040800614,0.019468822170900693,0.01928406466512702,0.02023094688221709,0.020346420323325634,0.02003849114703618,0.020369515011547344,0.020107775211701307,0.019730561970746727,0.02041570438799076,0.01980754426481909,0.020100076982294074,0.019699769053117783,0.0201693610469592,0.019969207082371054,0.019984603541185527,0.019869130100076984,0.021185527328714395,0.02064665127020785,0.021016166281755195,0.02109314857582756,0.02087759815242494,0.021732101616628176,0.02149345650500385,0.020623556581986145,0.02079291762894534,0.012956120092378754,0.021185527328714395,0.021154734411085452,0.021608929946112396,0.021208622016936105,0.02110854503464203,0.02107775211701309,0.021031562740569668,0.021655119322555812,0.022463433410315627,0.021963048498845266,0.02161662817551963,0.021439568899153195,0.02113933795227098,0.021354888375673595,0.021801385681293303,0.021462663587374902,0.021154734411085452,0.020969976905311778,0.02193225558121632,0.021393379522709775,0.02166281755196305,0.022132409545804466,0.021508852963818322,0.02137028483448807,0.01210161662817552,0.02149345650500385,0.021855273287143956,0.02104695919938414,0.02160123171670516,0.021585835257890686,0.021385681293302542,0.021585835257890686
WebSocket - PartialSend_1B,0.006302788844621514,0.00598804780876494,0.0061832669322709165,0.002888446215139442,0.0028247011952191236,0.00597211155378486,0.002912350597609562,0.0027649402390438247,0.0028127490039840638,0.005888446215139442,0.00300796812749004,0.00599601593625498,0.004940239043824702,0.00603187250996016,0.0027569721115537848,0.006258964143426295,0.00601195219123506,0.002908366533864542,0.005900398406374502,0.002796812749003984,0.011043824701195219,0.005800796812749004,0.011119521912350598,0.011474103585657371,0.01148207171314741,0.025047808764940237,0.032163346613545814,0.022760956175298806,0.03222709163346613,0.03202390438247012,0.023725099601593625,0.0318406374501992,0.02250996015936255,0.03190438247011952,0.022840637450199205,0.023593625498007968,0.022458167330677292,0.024780876494023905,0.03149800796812749,0.02235856573705179,0.032087649402390436,0.022505976095617528,0.02288844621513944,0.03186852589641434,0.03222310756972112,0.0070796812749003984,0.0070756972111553785,0.00701593625498008,0.007147410358565737,0.007091633466135458,0.00699203187250996,0.007191235059760956,0.007131474103585657,0.007310756972111553,0.006749003984063745,0.0068446215139442235,0.007219123505976095,0.007235059760956175,0.006936254980079682,0.00697609561752988,0.007115537848605578,0.006884462151394422,0.0073027888446215135,0.007533864541832669,0.007171314741035857,0.006776892430278884,0.00700796812749004,0.007239043824701195,0.007211155378486056,0.007099601593625498,0.007298804780876494,0.0072948207171314745,0.007043824701195219,0.0073067729083665335,0.013330677290836654,0.013749003984063745,0.0071792828685258965,0.006784860557768924,0.007139442231075697,0.007107569721115538,0.015059760956175299,0.007852589641434263,0.00793625498007968,0.007836653386454184,0.008247011952191236,0.007892430278884461,0.007916334661354581,0.007601593625498008,0.0074143426294820715,0.008960159362549801,0.008278884462151394,0.008880478087649402,0.00847410358565737,0.008290836653386454,0.008207171314741036,0.008888446215139442,0.00846613545816733,0.008872509960159362,0.008629482071713147,0.00854183266932271,0.008262948207171314,0.00845019920318725,0.00846215139442231,0.008601593625498009,0.008733067729083666,0.008788844621513945,0.008697211155378486,0.00850199203187251,0.008681274900398406,0.00853784860557769,0.008581673306772909,0.00847808764940239,0.00804382470119522,0.008127490039840637,0.007482071713147411,0.008310756972111553,0.008382470119521913,0.008091633466135457,0.008386454183266933,0.008187250996015936,0.008294820717131474,0.00803187250996016
WebSocket - PartialSend_1MB,1.5,1.5272727272727273,1.6454545454545455,1.5545454545454545,1.5909090909090908,1.5727272727272728,1.518181818181818,1.4636363636363636,1.509090909090909,1.5,1.509090909090909,1.518181818181818,1.518181818181818,1.509090909090909,1.4727272727272727,1.509090909090909,1.4727272727272727,1.5,1.490909090909091,1.5,1.5454545454545454,1.5636363636363637,1.5454545454545454,1.5454545454545454,1.3818181818181818,1.6818181818181819,1.6727272727272726,1.809090909090909,1.8727272727272728,1.9363636363636363,1.981818181818182,1.709090909090909,1.7727272727272727,1.8363636363636364,1.6,1.4,1.4,1.9727272727272727,1.3727272727272728,1.8727272727272728,1.3818181818181818,1.6727272727272726,1.5909090909090908,1.5727272727272728,1.5818181818181818,1.5636363636363637,1.5818181818181818,1.5818181818181818,1.5727272727272728,1.5909090909090908,1.5818181818181818,1.9363636363636363,1.9181818181818182,1.809090909090909,1.5818181818181818,1.6454545454545455,1.6181818181818182,1.5727272727272728,1.5818181818181818,1.5363636363636364,1.3818181818181818,1.9181818181818182,1.9181818181818182,1.9272727272727272,1.6,1.6636363636363636,1.3363636363636364,1.3545454545454545,1.3727272727272728,1.5909090909090908,1.3818181818181818,1.8636363636363635,1.9454545454545455,1.3545454545454545,1.3909090909090909,1.990909090909091,1.5909090909090908,1.7272727272727273,1.709090909090909,1.9272727272727272,1.9454545454545455,1.9090909090909092,1.9272727272727272,1.8272727272727274,1.790909090909091,1.9545454545454546,1.9272727272727272,1.9363636363636363,1.9181818181818182,1.8363636363636364,1.5727272727272728,1.518181818181818,1.6090909090909091,1.6363636363636365,1.5909090909090908,1.5818181818181818,1.5909090909090908,1.9272727272727272,1.9272727272727272,1.9181818181818182,1.6090909090909091,1.7272727272727273,1.8272727272727274,1.7454545454545454,1.9363636363636363,1.9181818181818182,1.809090909090909,1.8363636363636364,1.9363636363636363,1.8727272727272728,1.9,1.9272727272727272,1.9454545454545455,1.8272727272727274,1.9272727272727272,1.9090909090909092,1.9272727272727272,1.3454545454545455,1.9363636363636363,1.9181818181818182,1.9363636363636363,1.4090909090909092
WebSocket - PartialSend_64KB,0.128,0.11775,0.1215,0.11775,0.11475,0.13425,0.11575,0.10725,0.10775,0.112,0.10975,0.114,0.112,0.11175,0.12375,0.12975,0.1135,0.10775,0.12,0.1135,0.11975,0.13375,0.1225,0.12675,0.11525,0.157,0.16025,0.15225,0.15525,0.184,0.15625,0.17575,0.156,0.1565,0.1365,0.124,0.126,0.1575,0.13775,0.155,0.1235,0.1505,0.13725,0.13725,0.13775,0.12525,0.113,0.11175,0.121,0.1135,0.12375,0.14325,0.1465,0.14225,0.11175,0.15875,0.13325,0.11275,0.121,0.11125,0.1035,0.1325,0.155,0.1475,0.12725,0.12275,0.09975,0.10075,0.10075,0.112,0.101,0.14675,0.14975,0.1025,0.11275,0.12975,0.13075,0.1465,0.12425,0.155,0.171,0.1605,0.16775,0.158,0.15375,0.169,0.1695,0.1495,0.1345,0.15025,0.1415,0.118,0.1285,0.147,0.1525,0.131,0.1365,0.161,0.16125,0.16125,0.13675,0.15525,0.153,0.14825,0.168,0.1505,0.1555,0.158,0.16275,0.1585,0.15525,0.161,0.16125,0.149,0.159,0.1595,0.167,0.1265,0.1615,0.16075,0.16175,0.11925
