Task - Measurement,3/14/2022,3/21/2022,3/29/2022,3/30/2022,3/31/2022,4/1/2022,4/2/2022,4/3/2022,4/4/2022,4/5/2022,4/6/2022,4/7/2022,4/8/2022,4/9/2022,4/10/2022,4/11/2022,4/12/2022,4/13/2022,4/14/2022,4/15/2022,4/16/2022,4/17/2022,4/18/2022,4/19/2022,4/20/2022,4/21/2022,4/22/2022,4/23/2022,4/24/2022,4/25/2022,4/26/2022,4/27/2022,4/28/2022,4/29/2022,4/30/2022,5/2/2022,5/3/2022,5/4/2022,5/5/2022,5/6/2022,5/7/2022,5/8/2022,5/9/2022,5/10/2022,5/12/2022,5/12/2022,5/13/2022,5/14/2022,5/15/2022,5/16/2022,5/18/2022,5/18/2022,5/19/2022,5/20/2022,5/21/2022,5/22/2022,5/23/2022,5/24/2022,5/26/2022,5/26/2022,5/28/2022,5/29/2022,5/29/2022,5/30/2022,5/31/2022,6/1/2022,6/2/2022,6/3/2022,6/4/2022,6/6/2022,6/8/2022,6/10/2022,6/10/2022,6/12/2022,6/12/2022,6/13/2022,6/14/2022,6/15/2022,6/16/2022,6/17/2022,6/18/2022,6/19/2022,6/20/2022,6/21/2022,6/22/2022,6/23/2022,6/24/2022,6/25/2022,6/26/2022,6/27/2022,6/28/2022,6/29/2022,6/30/2022,7/1/2022,7/2/2022,7/3/2022,7/4/2022,7/5/2022,7/6/2022,7/7/2022,7/8/2022
AppStart - Page show,64.11538461538461,66.05952380952381,65.6046511627907,62.19402985074627,63.95,63.4320987654321,63.83116883116883,63.70786516853933,63.25974025974026,63.39772727272727,62.16483516483517,63.85294117647059,64.78823529411764,63.33766233766234,64.171875,69.68354430379746,63.77906976744186,65.15584415584415,65.48351648351648,66.53846153846153,63.91954022988506,64.26744186046511,63.36363636363637,64.62068965517241,63.486111111111114,64.47887323943662,64.41791044776119,64.4320987654321,63.425,62.561797752808985,64.39285714285714,63.50632911392405,63.30864197530864,64.1264367816092,63.79710144927536,64.66666666666667,65.9873417721519,64.53333333333333,63.906976744186046,63.922222222222224,65.81395348837209,63.0609756097561,63.44318181818182,64.48387096774194,62.913978494623656,63.96551724137931,64.3125,65.32954545454545,65,62.96629213483146,62.890625,66.07575757575758,62.811764705882354,61.31521739130435,60.51685393258427,58.791666666666664,58.747368421052634,37.6764705882353,38.54074074074074,38.09090909090909,38.225563909774436,38.64393939393939,38.733333333333334,38.553719008264466,61.337078651685395,37.8984375,39.526315789473685,38.71641791044776,39.610169491525426,38.25925925925926,39.13846153846154,38.78358208955224,38.47761194029851,38.80916030534351,38.72727272727273,39.208955223880594,37.97761194029851,37.778625954198475,38.64705882352941,38.609022556390975,38.46616541353384,38.111111111111114,37.701492537313435,38.6015037593985,38.4,38.758865248226954,39.107142857142854,39.82608695652174,39.20289855072464,39.44961240310077,39.7037037037037,39.149253731343286,39.71111111111111,38.91056910569106,39.50387596899225,40.01526717557252,40.05185185185185,39.05223880597015,39.4375,39.25438596491228,39.911764705882355
AppStart - Reach managed,459.85714285714283,448.61538461538464,466.92857142857144,446.42857142857144,455.14285714285717,424.4,441.9230769230769,437.85714285714283,449.85714285714283,436.7142857142857,452,424.5,445.7142857142857,438,444,459.46153846153845,441.2857142857143,459.06666666666666,537.4615384615385,442.7142857142857,441.92857142857144,436.07142857142856,441,457.85714285714283,440.35714285714283,445.3076923076923,433,462,433.42857142857144,447.3076923076923,429.57142857142856,443.53846153846155,434.57142857142856,428.7857142857143,434.14285714285717,442.53846153846155,433.5,439.2142857142857,437.7142857142857,446.64285714285717,438.7142857142857,440.64285714285717,437.7857142857143,446.7857142857143,460.57142857142856,445.57142857142856,472.2857142857143,443.35714285714283,458.14285714285717,469.42857142857144,439.7857142857143,448.2142857142857,494,423.14285714285717,420.85714285714283,422.2142857142857,427,419,409.73333333333335,418.2,395.93333333333334,411.26666666666665,413.26666666666665,409.8666666666667,455.57142857142856,408.8,516.75,516,515.3333333333334,513.4166666666666,517.4166666666666,512.1666666666666,517.8333333333334,517.0833333333334,521.5,516.4166666666666,502.9230769230769,518.5833333333334,515.3333333333334,518,514.5,517,517.1666666666666,522.9166666666666,516.5833333333334,516.1666666666666,508.0833333333333,519.8333333333334,520.75,518,517.4166666666666,519.4166666666666,519.25,519.5833333333334,518,522.3333333333334,520.8333333333334,520.1666666666666,511.6666666666667,510.3333333333333,518.1666666666666
Exceptions - NoExceptionHandling,0.00022994058970263098,0.00023976455965758964,0.0002240232696210047,0.00021521855458211218,0.0002214895086605988,0.00023044958259572544,0.00021521855458211218,0.00022410713490302983,0.00022061745896611662,0.00022061745896611662,0.00023024622417511448,0.0002302241169402421,0.00022991509261081737,0.00023026417969953375,0.00023197406222205504,0.00021954565360510203,0.0002296942188586933,0.00023005156289531366,0.00023005156289531366,0.00023050764417785322,0.0002290666974351317,0.00022988544653061962,0.00023053047877286153,0.00022305419927737383,0.00022963229421892216,0.00022988544653061962,0.00022965706246501984,0.00022910920578412625,0.0002308495578002437,0.00022909000798979756,0.00021783460657954457,0.00022045781925568553,0.00023260126617251435,0.00021521061750374106,0.000220295113046827,0.0002204616855620817,0.00022056979523267091,0.00022089288650540016,0.00022153104536069685,0.00022129078330828888,0.00021928013700313648,0.000221213337203416,0.00022089288650540016,0.00023199237739331423,0.0002311191209607944,0.0002197336091486301,0.00021483348064116225,0.00022093716574623324,0.00021924986660262142,0.00021740361772947328,0.00021718186401012987,0.00022204095370095524,0.0002290392424329609,0.0002090617930873732,0.00022304193490526623,0.00022199459666253434,0.00022106572856634904,0.00024455017153741324,0.00022621856210743182,0.00022734683423764344,0.00022644654304238086,0.00022392111691179668,0.0002245419231648081,0.00022765270547565558,0.000221254131553996,0.00022466392281583238,0.00021969605242901105,0.00021609069799207757,0.0002213938417902027,0.00022111915960435876,0.00021578204490297424,0.00021772504120104428,0.0002152095762322657,0.000214940865941607,0.00021606411293552714,0.0002121361947777748,0.00020711036812631864,0.0002107314068993629,0.0002070950319655017,0.0002076597324980065,0.0002068210967380341,0.0002084986472376408,0.00020516322906706733,0.00021100832070606375,0.00020736896719296928,0.00020961413600173876,0.00021325669490643084,0.00021157940686497226,0.00021240583341385319,0.00021185052404545097,0.0002107399053086465,0.00021324977060337993,0.00020485055690009488,0.00022560473433218614,0.00021381495850566232,0.00021438061819625646,0.00021380655851618247,0.00020596211277896834,0.00021577829074487449,0.0002076597324980065,0.00020317328573891044
Exceptions - TryCatch,0.00033365005911408657,0.0003135837210337308,0.0003029766194653922,0.0003046683079842328,0.0003017407527845715,0.0003192445901197658,0.0003208932888705079,0.00030421384922623795,0.00030331872522461274,0.00030253310972775044,0.0003150491452617055,0.00031187201949970387,0.0003141452112232149,0.000330408643214766,0.0003373808731155887,0.00030770754823239487,0.0003362587387973556,0.00032049085704948107,0.00031764943619851723,0.0003374660347638029,0.0003358358409760807,0.00031075223189006945,0.0003143620151738937,0.0003328414751916914,0.00031243044478640697,0.0003111873388860931,0.0003137544791899756,0.0003140184501299878,0.0003155525907144498,0.00031289904042012005,0.00032618811677266667,0.0003324132314641527,0.0003428866418837936,0.0003297593570913868,0.00030163453034262193,0.00030217771860502194,0.00030163453034262193,0.00030107096199037713,0.000302758333852524,0.00030947251859857303,0.00030700469765372005,0.00030150918382934713,0.0003041054232133806,0.000315898591362163,0.0003160349938813553,0.0003154784048998106,0.0003221693720075003,0.00030320197510566436,0.0003092722723444045,0.0003041054232133806,0.00031037272506223747,0.000310411120768346,0.0003128556840439815,0.00030230557490400705,0.00033003689340987047,0.0003453086464177861,0.00030477896789380895,0.00032651368712936644,0.00031075223189006945,0.00031298775499827015,0.00031097098811544064,0.0003129858993440121,0.00031573640781075744,0.00034041372875960173,0.0003029766194653922,0.0003087253240258868,0.00030320540552714547,0.0003342366256909633,0.0003348300223719415,0.000335059322860733,0.00031075223189006945,0.00031264418995436425,0.00030960408267317495,0.00030724910765206624,0.0003093877874031756,0.0003106514129122725,0.0003007376998112391,0.00030928837164090735,0.00030219696182805293,0.0003019700526233145,0.00030230557490400705,0.00030579082485297153,0.0003009634857812368,0.0003048920641530761,0.0003044421955535948,0.0003056804950539479,0.0003084882272243925,0.0003039935166044228,0.000306445258832178,0.00030534309936404284,0.00030748401878903447,0.0003061294636401841,0.00029994071249765203,0.00034109917713783644,0.0003094038412215481,0.00030960408267317495,0.00031131271447600706,0.0003024215615123099,0.00030928837164090735,0.00029860615982802953,0.00029860615982802953
Exceptions - TryCatchFilter,0.0002899404686747382,0.0002930329658692399,0.0002822195857895019,0.0002807942990179062,0.00027943607812143465,0.0002894917718887109,0.0002768626069491728,0.00028115172556960927,0.00027822082784564433,0.0002817788472380347,0.0002917507109349343,0.000287728817682842,0.0002900059668654226,0.0002899325104401781,0.00028919794618773275,0.00030052988612215987,0.0002893448590382218,0.0002917507109349343,0.0002903732489916453,0.00028933705458800623,0.0002889041204867546,0.00029069473628315324,0.0002912547260945797,0.00029258040530419084,0.000287728817682842,0.00028919794618773275,0.00028828107993622516,0.00028933705458800623,0.00028941248134884773,0.0002908455898048363,0.00027950756343177527,0.00028883066406151006,0.00029367878812764937,0.0002863331456031959,0.00027478953294929516,0.00027701092903695984,0.00027915013688007225,0.00027679112163883217,0.00027822082784564433,0.00027714854819053524,0.0002762192391561073,0.0002965780236287905,0.0002795016980554542,0.0002940889405210209,0.00029273125882587383,0.0002885368383605319,0.00027800637191462255,0.00027907865156973164,0.00027936459281109404,0.0002800794459145001,0.000284423278546838,0.0002891107743054817,0.00029001589543557976,0.0002786202209525198,0.0002796505340524565,0.0003036681391478918,0.0002819257600885238,0.00030176822714146314,0.0002874349919818639,0.0002913281825198242,0.000288683751211021,0.0002876553612575975,0.0002891862010663232,0.0002876553612575975,0.00029624976301120804,0.00028412945284585987,0.0002766368974709173,0.0002773630041215571,0.00028030971873314403,0.00028179509336267474,0.00028163193438754565,0.0002869942534303967,0.00028479056067306065,0.0002833948885934145,0.0002835107408108493,0.00028108024025926866,0.00027950756343177527,0.0002848640170983052,0.0002787927103283692,0.00028100875494892804,0.0002797220193627971,0.0002815091521213123,0.0002770770628801946,0.00028243995506523555,0.00027936459281109404,0.00028108024025926866,0.00028831646908479834,0.00028529787356936447,0.0002849374735235497,0.0002808657843282468,0.000282366498639991,0.00028625968917795133,0.0002757188419837231,0.00028779985943128573,0.00028603931990221776,0.0002876553612575975,0.0002864066020284404,0.0002757554203679829,0.00028714116628088574,0.0002761477538457667,0.00027582920110882225
Exceptions - TryCatchFilterInline,0.00022287731558141944,0.0002247226128902436,0.00021882704647423643,0.00021679396420655359,0.00021974543610558963,0.00022305031220412171,0.00022180589762001103,0.00022041369389405062,0.00020899762334117533,0.00021885442572097498,0.00022328097436772473,0.0002229349811223202,0.00022379996423583154,0.0002229349811223202,0.0002229349811223202,0.00021829026712883766,0.00022240557544356165,0.0002239729608585338,0.00022379996423583154,0.00022305031220412171,0.00022206999800880887,0.00022306163908793794,0.00022379996423583154,0.0002078528909683058,0.00020719228845641398,0.00022247365679511417,0.00022247365679511417,0.00022305031220412171,0.0002229349811223202,0.00022431412422720175,0.00021884072771836656,0.00022068602502719074,0.00022550696721697683,0.00021991250055270487,0.00021801910348539873,0.00021907717831712864,0.0002192999309132823,0.0002175144202776492,0.00021913286646616705,0.00021835323237962923,0.00021696102865366882,0.00020102207558003317,0.00022119332798058844,0.00022443340852617926,0.0002238966291807805,0.00021987870745458017,0.00022058075834116588,0.000218186167932514,0.00021884072771836656,0.00021673827605751516,0.00022160867368160284,0.00022299264666322095,0.00021964804529097715,0.00021840892052866766,0.00021957837165847437,0.00021863167312482132,0.00022005170407728242,0.0002374140367706466,0.00022045536286358772,0.00020828793373352836,0.0002066732985883072,0.00022080135610899225,0.00022039769732268698,0.00022235832571331266,0.0002318290350627847,0.00021820640676845828,0.0002186677310956643,0.00021478919084117062,0.0002210819516825116,0.00021918855461520548,0.00020419368032957471,0.00020534699114758983,0.0002051163289839868,0.00020430901141137622,0.0002032617439902185,0.00020070008913445134,0.00020070008913445134,0.0002040783492477732,0.000200254583942144,0.00020142403507195076,0.00019869531576906837,0.00020546232222939134,0.00019713604759599273,0.00020171406207084223,0.00019897375651426046,0.0002018870586935445,0.00020376293733156425,0.00020342880843733372,0.00020373235600236868,0.0002015354113700276,0.00020164678766810442,0.00020332008760716054,0.00019808274612964578,0.00022172400476340435,0.00020569298439299436,0.00020557765331119285,0.00020409706622579474,0.00019758155278830006,0.00020534699114758983,0.0001987510039181068,0.00019743784118585593
Exceptions - TryCatchFilterThrow,0.06442870584788402,0.06529176422450046,0.06559065738627633,0.06570025186046247,0.06506047323924495,0.06683901885364778,0.06482597111680553,0.06437489773926192,0.06552029822248488,0.06567638955948762,0.06577496333519026,0.06574579658488536,0.06641018018842038,0.06635606220453133,0.06619591981307237,0.06065843621399177,0.06566452545275579,0.06542926596542245,0.06569999374014784,0.06517583122018188,0.06649430579944746,0.06693280944825966,0.06583429215889543,0.06580836276632107,0.06610226540170804,0.06564455569461827,0.0648247147407068,0.06615761549312667,0.06456696471438819,0.0641569608555764,0.06419510985636119,0.06371373198887734,0.06405948340397269,0.06496920662440014,0.06814493071720258,0.06340093183895221,0.0636238596491228,0.060994725523735145,0.061800580832526625,0.06115775275950343,0.06195930303399537,0.06108567403363564,0.06159182163114496,0.06260432199051921,0.06308966872480823,0.061745189117451894,0.06216136778300919,0.06204167151670353,0.06161833747583541,0.06172969207035548,0.0619282312548455,0.06339470591527226,0.06260988583001358,0.061575252812556956,0.06128408420983036,0.06079322726224594,0.060540978846269744,0.05781588030985447,0.06754698108109662,0.07121480270700918,0.06620610247553253,0.06750969966949275,0.06749393629372478,0.06646870717222476,0.061793961120146935,0.06657445616762497,0.06593762979568381,0.055309327402827506,0.06547298026102902,0.06620312321896729,0.06514733616886316,0.06687850681323715,0.06837488297909226,0.06714992745353299,0.06777221166580295,0.0667044206479956,0.06670136525603555,0.06833263965963744,0.0668028705833877,0.06536544426613439,0.06624035230831542,0.06851233499806135,0.06572487157339638,0.0661132539867933,0.06482821794494832,0.06623747640689061,0.06670708480373372,0.06711701895837874,0.05652957213539037,0.06755125271642272,0.06681522131396395,0.06581491084425037,0.06632175778041435,0.06659009348785115,0.06635466012213914,0.055846219636455786,0.05597018869919129,0.06642161199550226,0.06671433883470153,0.056534024517198155,0.06658170117675298
Exceptions - TryCatchFilterThrowApplies,0.055739189018484986,0.05641592920353982,0.056562109239896775,0.05653612355689573,0.05633481037542372,0.057359400107123724,0.056332193163228454,0.056314908762516935,0.05672791590970842,0.05660838343708173,0.05654614627397771,0.05655810093314748,0.0571631827809752,0.05706818036046437,0.05713873187843915,0.05085438598261958,0.056467135276540084,0.05671429178891865,0.05642511563613164,0.056244351108511885,0.05703556108739897,0.057849062284927734,0.056532309116346866,0.05644555894519957,0.05663345848621896,0.0562496677122654,0.056404305379595225,0.05715248507670254,0.05610017473565294,0.05620685472600609,0.0562647378321808,0.055602212960727294,0.05596050713387261,0.056247457107681254,0.05864978902953587,0.05511778041897262,0.05550886187659561,0.05105380020534816,0.05206290849673203,0.05148902900890473,0.052257892906103574,0.05133849321877441,0.05198853201648778,0.05294723294723295,0.052897010616454215,0.05200306200561368,0.052303032163652924,0.05217800222860589,0.051769328250723966,0.0519936334326409,0.05216302542481155,0.05326103795507359,0.0528522195360321,0.05182830536622143,0.051663538471711457,0.05109381956530538,0.05098905319761859,0.04713341754931494,0.056326457056840584,0.059836512261580384,0.055631672691630746,0.05635162736412106,0.05679773426603209,0.05562842739067908,0.05217769144259278,0.05579455778722057,0.054881528995941876,0.04485604306634661,0.05472116470735891,0.05536596010958558,0.05395444446751521,0.05546430827542641,0.05705678485737137,0.05593208699372956,0.05647447262535433,0.05551371251902688,0.05576629858447513,0.057111286672075844,0.0556836103360427,0.05476686160251917,0.055308722467886866,0.05740625802585395,0.054880539640309624,0.054972861962740205,0.053958087474590986,0.05553274373552327,0.055848689874454,0.056254669344198885,0.04576395233698954,0.05657520784084571,0.05609890342520852,0.054970913474136573,0.055274374701081104,0.055775147366921206,0.05538429165132306,0.04528334230111756,0.045603632249101245,0.05563051429896592,0.05605320663072291,0.04572254445912058,0.0554891501808742
Exceptions - TryCatchThrow,0.04444883166697221,0.04522119992605338,0.045107501625217684,0.044722398042568466,0.04438101765570207,0.04591521650669028,0.04485846113117637,0.0448622996292138,0.04522486584033813,0.04498640364590736,0.044814558009877034,0.04515635976987487,0.04555487226425258,0.04510015934441156,0.04521782102942295,0.04179071813833886,0.04494318154904292,0.04476490982778004,0.04531906727256358,0.04472387377625343,0.04571960742173508,0.045890528975934756,0.04507899489483938,0.04508532924903622,0.04523808393354826,0.0450063259049361,0.044860184340078595,0.04565137474517443,0.04457233130218912,0.044712020681958384,0.04476946359189909,0.04435018440142266,0.04426346272797136,0.044683127300490615,0.04723342897507974,0.043724685034048485,0.04429249494807087,0.041985884331974185,0.04271618840165031,0.042463479568330104,0.042970431787564406,0.042363735723765485,0.04214469893699363,0.04305182163715584,0.04307424212228932,0.04287444638613815,0.043122673132826736,0.04252732781405115,0.042062272469494906,0.042325297388126515,0.04301638189837293,0.04391557939612565,0.04295506403224985,0.04257886253741653,0.04241443809716394,0.04216550062082205,0.042053615155412546,0.0375696829292404,0.04596741295323111,0.04885172698874747,0.044927309528211105,0.04578450466314797,0.04632429413350796,0.044941468589014835,0.04233683920451936,0.04557976100106466,0.04444643387220649,0.035446939674152356,0.0447612245959713,0.044885394961166884,0.04361822737091589,0.04485281928623866,0.045934583247443685,0.045062798262067,0.045646386287921156,0.04535709180999571,0.04512513653416916,0.04663457821077863,0.04496367935480508,0.04424321071240502,0.04487212888006783,0.046318976989989775,0.04484844465707614,0.0443673621355151,0.04386994775271176,0.045749601771816445,0.045805583617812805,0.046383359987668356,0.036564262474032265,0.046577286152776974,0.04633873887754709,0.044654619630656193,0.04497056006978354,0.04549508941134944,0.04518650021179685,0.035547618155553615,0.03603199302092464,0.044954789301082404,0.045326831312563695,0.03592282624175861,0.04500666536996362
Json - large deserialize,98.10666666666667,99.52702702702703,99.9041095890411,99.1891891891892,100.41095890410959,99.93055555555556,99.52702702702703,98.85135135135135,100.08333333333333,99.33783783783784,101.08333333333333,100.68493150684931,100.76388888888889,100.82191780821918,100.53424657534246,71.6,100.52777777777777,102.77464788732394,101.06849315068493,100.33333333333333,99.5,100.04109589041096,101.23287671232876,99.78378378378379,100.46575342465754,97.94666666666667,97.77333333333333,100.58904109589041,99.87837837837837,100.14864864864865,98.94594594594595,97.62666666666667,100.13698630136986,99.56756756756756,101.72857142857143,100.10958904109589,100.06944444444444,73.3013698630137,74.22222222222223,73.76388888888889,73.83333333333333,72.84931506849315,74.58333333333333,75.16901408450704,74.29166666666667,74.16666666666667,72.98630136986301,73.08219178082192,73.31506849315069,72.94520547945206,75.12676056338029,73.41095890410959,74.76388888888889,71.41333333333333,72,72.66216216216216,71.24,77.01449275362319,76.18571428571428,81.74242424242425,78.04347826086956,76.65714285714286,79.16176470588235,76.3,72.5945945945946,77.65217391304348,65.03658536585365,64.04819277108433,64.90243902439025,64.01190476190476,66.65,65.45679012345678,66.25,67.39240506329114,66.88607594936708,62.72941176470588,63.32142857142857,64.8048780487805,62.406976744186046,63.05952380952381,63.29761904761905,64.84146341463415,62.4,63.72289156626506,62.61176470588235,62.752941176470586,63.523809523809526,62.694117647058825,63.21176470588235,63.32142857142857,63.57142857142857,62.24418604651163,61.883720930232556,63,61.793103448275865,62.151162790697676,63.023529411764706,63,62.28235294117647,61.895348837209305,61.96511627906977
Json - large serialize,50.24074074074074,49.8348623853211,50.333333333333336,51.22641509433962,51.205607476635514,51.904761904761905,51.819047619047616,50.757009345794394,52.31730769230769,51.72380952380952,52.44230769230769,51.61904761904762,53.12621359223301,52.17142857142857,51.819047619047616,49.36190476190476,51.97142857142857,52.699029126213595,51.733333333333334,50.86915887850467,51.29245283018868,51.18691588785047,52.80582524271845,51.2803738317757,50.74766355140187,50.822429906542055,50.78504672897196,52.10476190476191,51.80952380952381,50.50925925925926,51,50.51401869158879,55.01010101010101,51.885714285714286,52.45631067961165,51.22429906542056,50.71028037383178,48.235849056603776,50.18446601941748,47.822429906542055,49,49.66019417475728,49.54368932038835,50.6078431372549,50.396039603960396,49.49038461538461,49.23809523809524,49.31730769230769,49.59615384615385,51.07920792079208,50.851485148514854,49.56310679611651,49.349514563106794,48.299065420560744,48.91428571428571,47.48148148148148,46.41818181818182,50.96,51.39,54.829787234042556,51.36,51.62626262626262,51.80808080808081,51.92929292929293,48.009433962264154,50.22330097087379,39.5968992248062,39.63846153846154,39,38.68181818181818,41.1869918699187,40.32,41.47540983606557,42.15573770491803,41.900826446280995,39.091603053435115,38.416666666666664,39.72093023255814,38.26315789473684,37.708955223880594,38.38059701492537,39.43846153846154,37.954887218045116,38.628787878787875,38.628787878787875,38.149253731343286,39.06870229007634,38.17293233082707,39.646153846153844,39.10687022900763,38.82575757575758,39.09230769230769,38.31578947368421,38.583333333333336,38.00751879699248,38.61654135338346,38.30827067669173,37.213235294117645,36.70503597122302,36.73913043478261,37.44444444444444
Json - non-ASCII text deserialize,5.1,5.091089108910891,5.562568008705115,5.61588683351469,5.536640360766629,5.809633027522936,5.532100108813928,5.5364526659412405,5.546245919477693,5.541893362350381,5.786922209695603,5.7305524239007894,5.791431792559188,5.803833145434047,5.7786697247706424,5.782963827304551,5.733934611048478,5.805045871559633,5.770011273957159,5.7891770011273955,5.733934611048478,5.777903043968433,5.791431792559188,5.844036697247707,5.784667418263811,5.786922209695603,5.770011273957159,5.764966740576496,5.7576099210823,5.737250554323725,5.540805223068553,5.531550802139037,5.537540805223069,5.790304396843292,5.628603104212861,5.534276387377584,5.5353645266594125,5.541019955654102,5.537540805223069,5.53769401330377,5.554951033732317,5.541893362350381,5.545454545454546,5.798552472858866,5.797018348623853,5.802752293577981,5.557649667405765,5.542981501632209,5.539911308203991,5.53769401330377,5.790137614678899,5.7672018348623855,5.791131855309218,5.556541019955654,5.610864745011087,5.581736189402481,5.533188248095756,6.71957671957672,6.7806539509536785,6.775132275132275,6.740939597315436,6.772479564032698,6.925068119891008,6.7806539509536785,6.079613992762364,6.406779661016949,2.1104294478527605,2.102979842243646,2.109114811568799,2.117002629272568,2.109114811568799,2.118755477651183,2.106733852496564,2.112133891213389,2.1156879929886063,2.106772908366534,2.104732690622261,2.1283961437335672,2.117002629272568,2.107112970711297,2.1099912357581068,2.1254980079681274,2.1086765994741454,2.1134969325153374,2.1253286590709903,2.1244522348816828,2.125766871165644,2.129272567922875,2.1297071129707112,2.132778264680105,2.126431516262025,2.1253286590709903,2.1200701139351446,2.1393514460999126,2.152084287677508,2.14022787028922,2.144171779141104,2.1397896581945663,2.147503435639029,2.149003984063745,2.1397896581945663
Json - non-ASCII text serialize,2.747532156745438,2.732276398444511,2.691594376308705,2.6984744241699072,2.7038588094525875,2.799681020733652,2.7005683517798387,2.3834586466165413,2.6960813640442716,2.6963804965599762,2.830622009569378,2.754412204606641,2.737660783727191,2.7571043972479807,2.829665071770335,1.7305997966790918,2.768172300329046,2.762488782530661,2.822328548644338,2.773556685611726,2.7642835776248877,2.745438229135507,2.595959595959596,2.819138755980861,2.754412204606641,2.7705653604546816,2.8146730462519938,2.828389154704944,2.785821118755609,2.7633861800777746,2.6951839664971584,2.716721507627879,2.7053544720311096,2.766377505234819,2.676637750523482,2.7215076278791503,2.7035596769368833,1.709090909090909,1.7036682615629983,1.7024737377160284,1.7253588516746412,1.716427432216906,1.7265928806461261,1.743859649122807,1.7266347687400319,1.735343951202982,1.7342902711323764,1.7106065740426974,1.7068580542264753,1.7098414597666767,1.7522873602168756,1.7352472089314195,1.764486614706879,1.7444976076555023,1.7475321567454383,1.6966507177033492,1.7189792663476875,1.7918909221385002,1.7800502332256907,1.8180839612486546,1.8112665949049156,1.7953236191121653,1.796340223652999,1.7954790096878364,1.719298245614035,1.7626794258373206,1.383298755186722,1.3679979253112033,1.3632662835249043,1.3881704980842913,1.3998962655601659,1.4068983402489628,1.4009336099585061,1.400167550963418,1.4228927203065134,1.3709291187739463,1.3726659751037344,1.3811784417760402,1.3771551724137931,1.3728448275862069,1.3718869731800767,1.3733593968165316,1.3700083775481708,1.387448132780083,1.3716286307053942,1.3831417624521072,1.3895559899469423,1.3876012287070651,1.3862049706785815,1.407676348547718,1.3807053941908713,1.4110583635855907,1.3758726612678023,1.4132923764311645,1.415948275862069,1.3940240156380899,1.4040456431535269,1.375,1.384529461044401,1.387691570881226,1.3845785440613028
Json - small deserialize,0.3449868073878628,0.3487646917726073,0.3467258335332214,0.3490045574478292,0.3509834492684097,0.35392180378987764,0.3501439194051331,0.3467258335332214,0.35297880847660934,0.3481050611657472,0.3565603262173183,0.3506236507555769,0.35650035979851286,0.35086351643079877,0.3497800879648141,0.25659630606860157,0.35457816873250697,0.3609378747901175,0.35422163588390504,0.35512113216598706,0.3481050611657472,0.3498200719712115,0.35278244183257373,0.35080355001199326,0.3506597361055578,0.34492684096905735,0.3452266730630847,0.3516430798752698,0.35110338210602066,0.35122331494363157,0.3461261693451667,0.344422231107557,0.35086351643079877,0.34954425521707844,0.35859918445670425,0.3507435835931878,0.3538618373710722,0.2655912688894219,0.2657112017270329,0.26415207483809067,0.26763012712880785,0.2621731830175102,0.26786999280402973,0.26938449240607515,0.2679899256416407,0.2650515711201727,0.2606740225473735,0.2640921084192852,0.2622931158551211,0.2604341568721516,0.2692492204365555,0.2621731830175102,0.26804989206044616,0.25545694411129766,0.2576757016071,0.2604341568721516,0.2552770448548813,0.27609912070343723,0.2737467018469657,0.2940847322142286,0.2796833773087071,0.2747061645478532,0.28346126169345165,0.2742863996162149,0.2604341568721516,0.2789637802830415,0.23158736505397842,0.22835212281122572,0.23134746101559375,0.2270328615975054,0.2381866154953226,0.23386645341863255,0.23698728711921324,0.2407651715039578,0.23788678340129527,0.22403454065723194,0.2248740705205085,0.23177020868313744,0.22267093162734905,0.22279088364654137,0.22481410410170305,0.23099064523866636,0.22187125149940023,0.22817222355480932,0.22295514511873352,0.2251499400239904,0.2255497800879648,0.22255097960815673,0.2246941712640921,0.22691292875989447,0.2276325257855601,0.22205564883665146,0.21995201919232307,0.22431027588964414,0.21983206717313075,0.22267093162734905,0.22419032387045182,0.22427440633245382,0.2216313474610156,0.22097625329815304,0.22023190723710515
Json - small serialize,0.24186325469812076,0.24086365453818473,0.23970411835265892,0.24250299880047982,0.24178328668532587,0.24170331867253098,0.2420231907237105,0.23778488604558176,0.2419032387045182,0.24006397441023591,0.24562175129948022,0.2411435425829668,0.24518192722910837,0.24362255097960817,0.24146341463414633,0.17536985205917632,0.24242303078768493,0.2460215913634546,0.24334266293482607,0.24066373450619752,0.2399440223910436,0.23842463014794082,0.24650139944022392,0.24042383046781288,0.23670531787285087,0.2381047580967613,0.23862455017992804,0.24098360655737705,0.241343462614954,0.2380247900839664,0.23814474210315872,0.23582566973210717,0.2519392243102759,0.24294282287085167,0.2429028388644542,0.2406237504998001,0.23774490203918433,0.17265093962415035,0.17728908436625349,0.17109156337465015,0.17421031587365055,0.1762095161935226,0.17540983606557378,0.17860855657736904,0.1799280287884846,0.17628948420631746,0.1732906837265094,0.17528988404638146,0.17668932427029188,0.18160735705717712,0.1815673730507797,0.1755297880847661,0.17584966013594563,0.1717313074770092,0.17317073170731706,0.16973210715713716,0.16497401039584167,0.1808876449420232,0.1835265893642543,0.1963300551691053,0.18248700519792083,0.18523626769009355,0.18280687724910036,0.18500599760095962,0.171171531387445,0.17868852459016393,0.13878448620551778,0.13974410235905638,0.13727254549090182,0.1360127974405119,0.14546181527389043,0.14153169366126775,0.14613077384523096,0.1469012395041983,0.14722111155537784,0.13730507796881247,0.1351859256297481,0.13933213357328533,0.1338264694122351,0.1315136972605479,0.13434626149540185,0.1398640543782487,0.13209358128374324,0.13570571771291484,0.13642542982806877,0.13446621351459417,0.13750499800079968,0.13438624550179928,0.13902439024390245,0.13626549380247902,0.13622550979608156,0.13786485405837665,0.13446621351459417,0.13469306138772247,0.13350659736105558,0.1370125974805039,0.1337065173930428,0.13010795681727308,0.12813437312537493,0.12783443311337733,0.13154738104758096
Vector - Add 2 Vector128's,0.006502508156343895,0.006509992068335007,0.0019403963969281393,0.001954699354754133,0.0019521909227042157,0.0020628390181116115,0.0019365132742606825,0.0019029495718363464,0.00198283939752705,0.0019414339299913307,0.0019833366329312595,0.0019625651431416165,0.002051142081631369,0.0019788824240735935,0.0020119170537754704,0.0019490548730291888,0.0019913163483291215,0.0019398732917839422,0.0019318446773248304,0.0019625025457910756,0.001966897516526035,0.0019621712910157605,0.001973342661238754,0.001957287003426134,0.0019641405516450413,0.0019242307692307692,0.0020294514955129443,0.002099781587466771,0.001963450227605113,0.001958071015844891,0.0019286705501415143,0.0019141570327590217,0.0019545429599604858,0.0019464352417552502,0.0019869145102005283,0.0019621712910157605,0.0019365709028351052,0.0019030769230769231,0.0019670374142601466,0.0019519311357434983,0.0019349600251936999,0.0018836286954547602,0.001991699380181869,0.001957679009635513,0.001963450227605113,0.0019504075996838147,0.001933406776126717,0.0019914873517671897,0.0019379224940247065,0.001926417155325295,0.00199327518090145,0.0019468110581073673,0.0019431747798885133,0.0019000506016699317,0.0019153846153846155,0.0016705719218105695,0.0016692117981209212,0.0018908660959024125,0.002061853954853842,0.0021465245255220308,0.0020889238156950873,0.0020663090616227617,0.0021498585884420027,0.0020693488968600263,0.0018231220195798912,0.001998520268470163,0.001971364174512026,0.0019992325526652674,0.0019821440071748366,0.0019096197525647238,0.001945918823354162,0.001884710456996798,0.0019050265601352236,0.0018873639109788932,0.0019245915653422023,0.0019468961637171905,0.001971007220754377,0.001986796370980506,0.0019433847277505662,0.001938454835594411,0.0019325906122352977,0.0019769586468177357,0.0019445552064061076,0.001975168411169016,0.0020004309354399873,0.00196532210802261,0.002020192248781919,0.002012210747247294,0.0020552307548324634,0.0020440463542549187,0.0020603764168166117,0.002004069405615264,0.0020503248935510375,0.00202213414920548,0.0020060847610110957,0.001990094845550989,0.002007831113373814,0.0021073347586447093,0.0019789636718243755,0.002002933784421412,0.0020309214192451466
Vector - Create Vector128,0.00022842943254192574,0.00023069583422249837,0.0002250109405947474,0.00022524160275835041,0.00022483794397204512,0.0002301590548770996,0.00020851859589713137,0.00022459030507193182,0.00020684629521100945,0.00022420048802866292,0.0002301590548770996,0.00023021869702658835,0.00021634069117615887,0.00022944334908323456,0.0002292644226347683,0.0002246072818084421,0.0002309344028204534,0.00023081511852147588,0.0002284890746914145,0.0002292644226347683,0.00023014317373491462,0.0002301590548770996,0.00021572565470082125,0.0002297415598306783,0.00023081511852147588,0.00022852853858969347,0.00023063619207300962,0.0002468044515103339,0.00022920478048527954,0.0002314115400163634,0.00022464599322097025,0.0002234765420911635,0.00023135189786687466,0.00024505466499788773,0.0002220123324679081,0.0002246072818084421,0.000226048920330961,0.00020632730534290267,0.00022466494734934287,0.00022454961626754136,0.0002267985723626708,0.00022581825816735796,0.0002247226128902436,0.00022998012842863333,0.0002305169077740321,0.00023111332926891966,0.00022339630544952624,0.00022564837990366173,0.00022464599322097025,0.00022379996423583154,0.00022884692758834703,0.00022538768291799932,0.00022842943254192574,0.00022447892877385499,0.00022506860613564816,0.00022339630544952624,0.0002256452615446557,0.00022613794833850842,0.00022518393721744967,0.00022908549618630203,0.0002269139034444723,0.00022759936406995231,0.0002150099489069562,0.00022765408459857195,0.00022258898787691568,0.00022264665341781642,0.00021000000834990094,0.0002281248798033882,0.00020471267019768152,0.00022518393721744967,0.00021107356704069848,0.0002148906646079787,0.00021441352741206868,0.00021071571414376598,0.00021214712573149606,0.00020932591346974194,0.00020649165663444663,0.00020982108190143467,0.0002058250578856882,0.00020955657563334496,0.00020551998777029208,0.000210017899960551,0.00021701848884147866,0.00020840326481532986,0.0002108566918840261,0.00020863392697893288,0.00021345925302024862,0.00021214712573149606,0.00021174786618757366,0.00021215066924509116,0.00021310140012331612,0.0002108349984427435,0.00020915291684703966,0.0002122067678809848,0.00021468880877351218,0.00021388149120090162,0.0002133625013327948,0.00020415275437483314,0.00021220919051477972,0.00020748061616091776,0.00020701929183371173
Vector - Multiply 2 Vector128's,0.0065046573905717395,0.00652290658392767,0.002008955422319863,0.001984026489563087,0.0020376652557705225,0.0021333848054746717,0.0020282111939603845,0.001978499087416808,0.0020149523247527563,0.00199327518090145,0.0020540502194318954,0.0020312750864070715,0.002098878577957199,0.0020508256507985644,0.0020503248935510375,0.0020000333935211796,0.002060030848542602,0.0019973165823016403,0.0019995209395192327,0.0020442603428740174,0.0020053411567584572,0.0020423611581360706,0.002008149757818343,0.0019685715495282056,0.0020476010821652334,0.0020002500807222586,0.001992170607547249,0.0020768835061618024,0.002010518542881926,0.002039846826922768,0.001998405686594534,0.0019461158446134963,0.0020157731035523184,0.0020383304473444064,0.002035912020869408,0.002043973442452736,0.0019993242395898152,0.0019372898987941739,0.001981863897308572,0.0019697813851306434,0.002028612422683225,0.00196097694706566,0.002016870283779034,0.0020352689422592283,0.002016870283779034,0.001975562263294872,0.002001228396292033,0.002028162171447919,0.001980553839499606,0.0019697813851306434,0.002036235768417201,0.0019937328413967953,0.0019789636718243755,0.0019238186370027076,0.0019788892469686553,0.001710434840327973,0.0017269282803208145,0.00189966783563414,0.0020585436393858905,0.0021516700098021474,0.0020972095300328974,0.002075936283291384,0.002132114933566651,0.0020859789355642563,0.0018316183252063667,0.0020272606355933925,0.001980465213454976,0.0020129369693569245,0.0019975676126402792,0.0019276832787001818,0.0019222727803237178,0.0019073231563499736,0.00192,0.0018957033377797641,0.0019353483374604456,0.0019472049102332236,0.0019743807069173037,0.0019937328413967953,0.0019483864666107922,0.0019517989164948373,0.0019321986060259195,0.0019885046778757584,0.0019596390406824045,0.001986119426362913,0.0019948653485766807,0.0019896973036321814,0.002022540498819776,0.0020494332068639654,0.002007293974248595,0.0020390338722599457,0.0020097546727097064,0.002010518542881926,0.002054219913579112,0.0020335725379042476,0.0020307123796230882,0.0019985254684193837,0.0020087720292768095,0.0021127375471940114,0.0019943135827276094,0.0020044724766944302,0.0020413358246673943
WebSocket - PartialReceive_100KB,0,0.01,0,0,0.01,0.01,0,0.01,0.01,0,0,0.01,0.01,0,0.01,0,0,0,0,0,0.01,0,0,0,0,0.01,0,0,0,0.01,0,0,0,0,0,0,0,0,0,0,0.01,0,0.01,0,0,0,0,0,0,0,0,0,0.01,0.01,0,0,0.01,0,0,0,0,0.01,0.01,0,0,0,0,0,0.01,0,0,0,0,0,0,0.01,0,0,0,0,0,0,0,0,0,0,0,0,0,0,0,0,0,0,0,0,0,0.01,0.01,0.01,0.01
WebSocket - PartialReceive_10KB,0.011976047904191617,0.007984031936127744,0.005988023952095809,0.005988023952095809,0.007984031936127744,0.00998003992015968,0.01996007984031936,0.007984031936127744,0.007984031936127744,0.007984031936127744,0.007984031936127744,0.005988023952095809,0.007984031936127744,0.007984031936127744,0.007984031936127744,0.007984031936127744,0.00998003992015968,0.005988023952095809,0.005988023952095809,0.007984031936127744,0.007984031936127744,0.007984031936127744,0.005988023952095809,0.007984031936127744,0.007984031936127744,0.007984031936127744,0.007984031936127744,0.007984031936127744,0.007984031936127744,0.007984031936127744,0.005988023952095809,0.007984031936127744,0.007984031936127744,0.007984031936127744,0.007984031936127744,0.005988023952095809,0.007984031936127744,0.007984031936127744,0.007984031936127744,0.007984031936127744,0.011976047904191617,0.007984031936127744,0.007984031936127744,0.00998003992015968,0.007984031936127744,0.007984031936127744,0.007984031936127744,0.007984031936127744,0.00998003992015968,0.007984031936127744,0.007984031936127744,0.007984031936127744,0.007984031936127744,0.007984031936127744,0.007984031936127744,0.007984031936127744,0.007984031936127744,0.007984031936127744,0.007984031936127744,0.007984031936127744,0.007984031936127744,0.00998003992015968,0.007984031936127744,0.007984031936127744,0.007984031936127744,0.005988023952095809,0.013972055888223553,0.017964071856287425,0.007984031936127744,0.007984031936127744,0.007984031936127744,0.005988023952095809,0.007984031936127744,0.015968063872255488,0.007984031936127744,0.007984031936127744,0.007984031936127744,0.007984031936127744,0.007984031936127744,0.015968063872255488,0.013972055888223553,0.007984031936127744,0.007984031936127744,0.00998003992015968,0.007984031936127744,0.007984031936127744,0.00998003992015968,0.005988023952095809,0.007984031936127744,0.005988023952095809,0.007984031936127744,0.007984031936127744,0.007984031936127744,0.00998003992015968,0.007984031936127744,0.005988023952095809,0.005988023952095809,0.00998003992015968,0.013972055888223553,0.011976047904191617,0.011976047904191617
WebSocket - PartialReceive_1B,0.006158583525789068,0.006150885296381832,0.006158583525789068,0.005943033102386451,0.006143187066974596,0.00619707467282525,0.0059353348729792145,0.00613548883756736,0.006404926866820631,0.005958429561200924,0.00605080831408776,0.005927636643571979,0.005919938414164742,0.005950731331793687,0.006220169361046959,0.0034719014626635875,0.00882217090069284,0.006181678214010777,0.005835257890685143,0.0059969207082371054,0.00588144726712856,0.005835257890685143,0.006166281755196305,0.006066204772902232,0.005927636643571979,0.007444187836797536,0.006066204772902232,0.005835257890685143,0.005919938414164742,0.0060816012317167056,0.0060277136258660505,0.006004618937644342,0.006035411855273287,0.00613548883756736,0.005958429561200924,0.006012317167051578,0.005812163202463434,0.0034949961508852962,0.003556581986143187,0.004387990762124711,0.006343341031562741,0.003579676674364896,0.0036104695919938414,0.003595073133179369,0.0036720554272517323,0.003510392609699769,0.0035180908391070054,0.003464203233256351,0.0034719014626635875,0.003695150115473441,0.003964588144726713,0.0035257890685142417,0.0037490377213240953,0.0035642802155504234,0.003595073133179369,0.003548883756735951,0.0034795996920708237,0.003033102386451116,0.00334103156274057,0.0034026173979984603,0.003325635103926097,0.0033179368745188606,0.0031793687451886067,0.0033564280215550423,0.003595073133179369,0.0034103156274056965,0.002979214780600462,0.0033564280215550423,0.0033179368745188606,0.0031562740569668975,0.0033179368745188606,0.003464203233256351,0.003287143956889915,0.003287143956889915,0.0033333333333333335,0.0034719014626635875,0.003294842186297152,0.00334103156274057,0.0032717474980754426,0.003441108545034642,0.0031485758275596612,0.0034719014626635875,0.003294842186297152,0.003240954580446497,0.0031716705157813704,0.003302540415704388,0.003140877598152425,0.003187066974595843,0.0031023864511162433,0.0031023864511162433,0.0031254811393379525,0.003079291762894534,0.0031331793687451887,0.002986913010007698,0.0031331793687451887,0.0030561970746728253,0.0031562740569668975,0.006543494996150885,0.006528098537336413,0.006404926866820631,0.00657428791377983
WebSocket - PartialSend_1B,0.0016892430278884463,0.0016772908366533864,0.0017609561752988047,0.0016573705179282869,0.0016215139442231075,0.0016693227091633465,0.0015856573705179283,0.0016772908366533864,0.0017370517928286852,0.0016215139442231075,0.0019322709163346614,0.0018764940239043824,0.001900398406374502,0.0018286852589641433,0.00200398406374502,0.0018446215139442232,0.0030278884462151393,0.0018446215139442232,0.0018326693227091633,0.001745019920318725,0.0019083665338645419,0.0018406374501992032,0.0017808764940239043,0.0018167330677290837,0.0019362549800796814,0.0027808764940239045,0.00198406374501992,0.001948207171314741,0.00200796812749004,0.0019123505976095618,0.0017250996015936255,0.0017410358565737051,0.0019322709163346614,0.001752988047808765,0.001896414342629482,0.0018685258964143427,0.0016613545816733068,0.001756972111553785,0.0018884462151394423,0.0025258964143426293,0.0030796812749003984,0.0019282868525896414,0.0018645418326693228,0.0018525896414342629,0.0018685258964143427,0.0018645418326693228,0.0019123505976095618,0.0018645418326693228,0.001800796812749004,0.0019721115537848608,0.00198804780876494,0.00200398406374502,0.00199203187250996,0.0018446215139442232,0.0018645418326693228,0.0018605577689243028,0.001645418326693227,0.001709163346613546,0.0017768924302788845,0.0018844621513944223,0.0017250996015936255,0.0017290836653386455,0.0017131474103585656,0.0017370517928286852,0.0018207171314741036,0.0017250996015936255,0.0016374501992031873,0.001653386454183267,0.0016374501992031873,0.0015976095617529881,0.001701195219123506,0.001705179282868526,0.0017729083665338646,0.0016812749003984064,0.0018247011952191236,0.0017131474103585656,0.0016414342629482073,0.0016733067729083665,0.0016772908366533864,0.001693227091633466,0.0016334661354581673,0.001752988047808765,0.001653386454183267,0.001800796812749004,0.0015577689243027888,0.0015976095617529881,0.0016573705179282869,0.0016374501992031873,0.001693227091633466,0.001693227091633466,0.0016334661354581673,0.001697211155378486,0.0015816733067729083,0.0016374501992031873,0.0015816733067729083,0.0016294820717131474,0.0016852589641434264,0.004450199203187251,0.004565737051792829,0.0043984063745019925,0.004438247011952191
WebSocket - PartialSend_1MB,2.018181818181818,2.3545454545454545,2.609090909090909,2.1818181818181817,2.5545454545454547,2.0636363636363635,2.418181818181818,2.5,2.2454545454545456,2.672727272727273,2.690909090909091,1.7272727272727273,2.7545454545454544,2.3545454545454545,2.7363636363636363,1.981818181818182,2.4909090909090907,2.581818181818182,2.4363636363636365,2.3727272727272726,2.8,2.3636363636363638,2.536363636363636,2.5272727272727273,2.2363636363636363,2.6272727272727274,2.327272727272727,2.6454545454545455,2.5454545454545454,2.7,2.409090909090909,2.0727272727272728,2.0454545454545454,2.7636363636363637,2.690909090909091,1.7727272727272727,2.3636363636363638,2.3545454545454545,2.1454545454545455,2.190909090909091,2.7454545454545456,2.518181818181818,2.4454545454545453,2.2636363636363637,2.536363636363636,2.409090909090909,2.518181818181818,2.081818181818182,2.536363636363636,2.536363636363636,2.5636363636363635,2.7454545454545456,2.4727272727272727,2.418181818181818,2.463636363636364,2.463636363636364,2.5454545454545454,2.327272727272727,2.272727272727273,2.3727272727272726,2.3,2.4,2.2636363636363637,2.590909090909091,2.590909090909091,2.1454545454545455,2.190909090909091,2.3545454545454545,2.5,2.0727272727272728,2.2454545454545456,2.172727272727273,2.4272727272727272,2.418181818181818,2.4909090909090907,2.418181818181818,2.3,2.2,2.418181818181818,2.4545454545454546,2.3727272727272726,2.418181818181818,2.4272727272727272,2.4,2.272727272727273,2.081818181818182,2.209090909090909,2.4,2.518181818181818,2.6363636363636362,2.3727272727272726,2.618181818181818,2.327272727272727,2.1363636363636362,2.4,2.4727272727272727,2.2454545454545456,2.5,2.5454545454545454,2.581818181818182,2.4727272727272727
WebSocket - PartialSend_64KB,0.15025,0.139,0.1655,0.172,0.16025,0.17025,0.16725,0.17175,0.16025,0.174,0.16725,0.14125,0.16575,0.17875,0.172,0.17425,0.1715,0.163,0.168,0.16725,0.1665,0.1635,0.1755,0.18025,0.173,0.179,0.1665,0.16825,0.18225,0.1625,0.1745,0.16925,0.164,0.1735,0.173,0.16725,0.173,0.1685,0.17475,0.1855,0.16725,0.1745,0.193,0.17275,0.18225,0.1785,0.17775,0.17075,0.185,0.1765,0.1925,0.1885,0.18125,0.162,0.162,0.162,0.18525,0.20675,0.16875,0.16475,0.1515,0.17575,0.17775,0.1835,0.181,0.16825,0.17625,0.16625,0.1755,0.18,0.16475,0.1395,0.174,0.16475,0.2085,0.18,0.1655,0.174,0.1845,0.18025,0.172,0.1815,0.1685,0.182,0.153,0.172,0.14375,0.182,0.1835,0.185,0.16775,0.16725,0.173,0.1355,0.1655,0.17675,0.16375,0.1965,0.17675,0.18175,0.17875
