{"FirstDate":"2022-03-14T18:08:17-04:00","SliceStartDate":"2023-12-15T20:37:38-05:00","SliceEndDate":"2023-12-29T19:04:15-05:00","Index":{"FlavorMap":{"aot.default.chrome":0,"aot.default.firefox":1,"interp.default.chrome":2,"interp.default.firefox":3,"aot.simd.firefox":4,"aot.wasm-eh.chrome":5,"aot.wasm-eh.firefox":6,"aot.simd\u002Bwasm-eh.firefox":7,"aot.simd.chrome":8,"aot.simd\u002Bwasm-eh.chrome":9,"aot.legacy.chrome":10,"aot.legacy.firefox":11,"aot.hybrid-globalization.firefox":12,"aot.hybrid-globalization.chrome":13,"interp.hybrid-globalization.chrome":14,"interp.threads.chrome":15},"MeasurementMap":{"AppStart, Page show":0,"AppStart, Reach managed":1,"Exceptions, NoExceptionHandling":2,"Exceptions, TryCatch":3,"Exceptions, TryCatchThrow":4,"Exceptions, TryCatchFilter":5,"Exceptions, TryCatchFilterInline":6,"Exceptions, TryCatchFilterThrow":7,"Exceptions, TryCatchFilterThrowApplies":8,"Json, non-ASCII text serialize":9,"Json, non-ASCII text deserialize":10,"Json, small serialize":11,"Json, small deserialize":12,"Json, large serialize":13,"Json, large deserialize":14,"Vector, Create Vector128":15,"Vector, Add 2 Vector128\u0027s":16,"Vector, Multiply 2 Vector128\u0027s":17,"WebSocket, PartialSend_1B":18,"WebSocket, PartialSend_64KB":19,"WebSocket, PartialSend_1MB":20,"WebSocket, PartialReceive_1B":21,"WebSocket, PartialReceive_10KB":22,"WebSocket, PartialReceive_100KB":23,"Size, AppBundle":24,"Size, managed":25,"Size, dotnet.wasm":26,"Size, icudt.dat":27,"Span, Reverse bytes":28,"Span, Reverse chars":29,"Span, IndexOf bytes":30,"Span, IndexOf chars":31,"JSInterop, LegacyExportInt":32,"JSInterop, JSExportInt":33,"JSInterop, LegacyExportString":34,"JSInterop, JSExportString":35,"JSInterop, JSImportInt":36,"JSInterop, JSImportString":37,"JSInterop, JSImportManyArgs":38,"JSInterop, JSImportTask":39,"JSInterop, JSImportTaskFail":40,"JSInterop, JSImportFail":41,"Vector, Dot product int":42,"Vector, Dot product ulong":43,"Vector, Dot product float":44,"Vector, Dot product double":45,"Vector, Sum uint":46,"Vector, Sum double":47,"Vector, Min float":48,"Vector, Max float":49,"Vector, Min double":50,"Vector, Max double":51,"Vector, Sum sbyte":52,"Vector, Sum short":53,"Span, SequenceEqual bytes":54,"Span, SequenceEqual chars":55,"String, Normalize":56,"String, Normalize ASCII":57,"Vector, Normalize float":58,"Size, icudt_no_CJK.dat":59,"AppStart, Reach managed cold":60,"Exceptions, TryFinally":61,"String, TextInfo ToLower":62,"String, TextInfo ToUpper":63,"String, TextInfo ToTileCase":64,"String, String Compare":65,"String, String Equals":66,"String, CompareInfo Compare":67,"String, CompareInfo IsPrefix":68,"String, CompareInfo IsSuffix":69,"String, String StartsWith":70,"String, String EndsWith":71,"Vector, Pack Vector128 (Constant)":72,"Vector, Pack Vector128":73,"String, String IndexOf":74,"String, String LastIndexOf":75,"Size, dotnet.native.wasm":76,"String, String IndexOf Intl.Segmenter is not a constructor\nml@http://localhost:8928/dotnet.runtime.js:3:168836\n@http://localhost:8928/dotnet.native.wasm:wasm-function[26]:0x0\n@http://localhost:8928/dotnet.native.wasm:wasm-function[649]:0x38c87\n@http://localhost:8928/dotnet.native.wasm:wasm-function[5224]:0xea89b\n@http://localhost:8928/dotnet.native.wasm:wasm-function[5223]:0xea7db\n@http://localhost:8928/dotnet.native.wasm:wasm-function[3425]:0x9d89f\n@http://localhost:8928/dotnet.native.wasm:wasm-function[5222]:0xea749\n@http://localhost:8928/dotnet.native.wasm:wasm-function[13352]:0x2b4cd2\n@http://localhost:8928/dotnet.native.wasm:wasm-function[13094]:0x2a2a95\n@http://localhost:8928/dotnet.native.wasm:wasm-function[8784]:0x19edd8\n@http://localhost:8928/dotnet.native.wasm:wasm-function[13093]:0x2a2519\n@http://localhost:8928/dotnet.native.wasm:wasm-function[13098]:0x2a3c8e\n@http://localhost:8928/dotnet.native.wasm:wasm-function[8784]:0x19edd8\n@http://localhost:8928/dotnet.native.wasm:wasm-function[13085]:0x2a1c74\n@http://localhost:8928/dotnet.native.wasm:wasm-function[13148]:0x2aa5bc\n@http://localhost:8928/dotnet.native.wasm:wasm-function[8784]:0x19edd8\n@http://localhost:8928/dotnet.native.wasm:wasm-function[13123]:0x2a5e05\n@http://localhost:8928/dotnet.native.wasm:wasm-function[13122]:0x2a5d6c\n@http://localhost:8928/dotnet.native.wasm:wasm-function[13133]:0x2a79c9\n@http://localhost:8928/dotnet.native.wasm:wasm-function[14134]:0x2d9b9c\n@http://localhost:8928/dotnet.native.wasm:wasm-function[21227]:0x463c31\n@http://localhost:8928/dotnet.runtime.js line 3 \u003E WebAssembly.Module:wasm-function[1]:0x56\n@http://localhost:8928/dotnet.native.wasm:wasm-function[21124]:0x460498\n@http://localhost:8928/dotnet.native.wasm:wasm-function[21116]:0x453995\n@http://localhost:8928/dotnet.native.wasm:wasm-function[21150]:0x46125d\n@http://localhost:8928/dotnet.native.wasm:wasm-function[23888]:0x52b310\n@http://localhost:8928/dotnet.native.wasm:wasm-function[23249]:0x5013be\n@http://localhost:8928/dotnet.native.wasm:wasm-function[23255]:0x501cb9\n@http://localhost:8928/dotnet.native.wasm:wasm-function[23279]:0x5044b1\n@http://localhost:8928/dotnet.native.wasm:wasm-function[28963]:0x64b828\ncreateDotnetRuntime\u003C/\u003C/Module._mono_wasm_invoke_method_bound@http://localhost:8928/dotnet.native.js:8:119859\nso@http://localhost:8928/dotnet.runtime.js:3:53464\noo/k\u003C/\u003C@http://localhost:8928/dotnet.runtime.js:3:52493\nyieldBench/\u003C/\u003C@http://localhost:8928/main.js:129:64\n":77,"String, String LastIndexOf Intl.Segmenter is not a constructor\nml@http://localhost:8928/dotnet.runtime.js:3:168836\n@http://localhost:8928/dotnet.native.wasm:wasm-function[26]:0x0\n@http://localhost:8928/dotnet.native.wasm:wasm-function[649]:0x38c87\n@http://localhost:8928/dotnet.native.wasm:wasm-function[5224]:0xea89b\n@http://localhost:8928/dotnet.native.wasm:wasm-function[5223]:0xea7db\n@http://localhost:8928/dotnet.native.wasm:wasm-function[5227]:0xeac3e\n@http://localhost:8928/dotnet.native.wasm:wasm-function[5226]:0xeaaeb\n@http://localhost:8928/dotnet.native.wasm:wasm-function[13355]:0x2b4e76\n@http://localhost:8928/dotnet.native.wasm:wasm-function[13094]:0x2a2a95\n@http://localhost:8928/dotnet.native.wasm:wasm-function[8784]:0x19edd8\n@http://localhost:8928/dotnet.native.wasm:wasm-function[13093]:0x2a2519\n@http://localhost:8928/dotnet.native.wasm:wasm-function[13098]:0x2a3c8e\n@http://localhost:8928/dotnet.native.wasm:wasm-function[8784]:0x19edd8\n@http://localhost:8928/dotnet.native.wasm:wasm-function[13085]:0x2a1c74\n@http://localhost:8928/dotnet.native.wasm:wasm-function[13148]:0x2aa5bc\n@http://localhost:8928/dotnet.native.wasm:wasm-function[8784]:0x19edd8\n@http://localhost:8928/dotnet.native.wasm:wasm-function[13123]:0x2a5e05\n@http://localhost:8928/dotnet.native.wasm:wasm-function[13122]:0x2a5d6c\n@http://localhost:8928/dotnet.native.wasm:wasm-function[13133]:0x2a79c9\n@http://localhost:8928/dotnet.native.wasm:wasm-function[14134]:0x2d9b9c\n@http://localhost:8928/dotnet.native.wasm:wasm-function[21227]:0x463c31\n@http://localhost:8928/dotnet.runtime.js line 3 \u003E WebAssembly.Module:wasm-function[1]:0x56\n@http://localhost:8928/dotnet.native.wasm:wasm-function[21124]:0x460498\n@http://localhost:8928/dotnet.native.wasm:wasm-function[21116]:0x453995\n@http://localhost:8928/dotnet.native.wasm:wasm-function[21150]:0x46125d\n@http://localhost:8928/dotnet.native.wasm:wasm-function[23888]:0x52b310\n@http://localhost:8928/dotnet.native.wasm:wasm-function[23249]:0x5013be\n@http://localhost:8928/dotnet.native.wasm:wasm-function[23255]:0x501cb9\n@http://localhost:8928/dotnet.native.wasm:wasm-function[23279]:0x5044b1\n@http://localhost:8928/dotnet.native.wasm:wasm-function[28963]:0x64b828\ncreateDotnetRuntime\u003C/\u003C/Module._mono_wasm_invoke_method_bound@http://localhost:8928/dotnet.native.js:8:119859\nso@http://localhost:8928/dotnet.runtime.js:3:53464\noo/k\u003C/\u003C@http://localhost:8928/dotnet.runtime.js:3:52493\nyieldBench/\u003C/\u003C@http://localhost:8928/main.js:129:64\n":78,"String, String IndexOf Intl.Segmenter is not a constructor\nml@http://localhost:8657/dotnet.runtime.js:3:168836\n@http://localhost:8657/dotnet.native.wasm:wasm-function[26]:0x0\n@http://localhost:8657/dotnet.native.wasm:wasm-function[649]:0x38c93\n@http://localhost:8657/dotnet.native.wasm:wasm-function[5224]:0xea8a7\n@http://localhost:8657/dotnet.native.wasm:wasm-function[5223]:0xea7e7\n@http://localhost:8657/dotnet.native.wasm:wasm-function[3425]:0x9d8ab\n@http://localhost:8657/dotnet.native.wasm:wasm-function[5222]:0xea755\n@http://localhost:8657/dotnet.native.wasm:wasm-function[13352]:0x2b4cdf\n@http://localhost:8657/dotnet.native.wasm:wasm-function[13094]:0x2a2aa1\n@http://localhost:8657/dotnet.native.wasm:wasm-function[8784]:0x19ede4\n@http://localhost:8657/dotnet.native.wasm:wasm-function[13093]:0x2a2525\n@http://localhost:8657/dotnet.native.wasm:wasm-function[13098]:0x2a3c9a\n@http://localhost:8657/dotnet.native.wasm:wasm-function[8784]:0x19ede4\n@http://localhost:8657/dotnet.native.wasm:wasm-function[13085]:0x2a1c80\n@http://localhost:8657/dotnet.native.wasm:wasm-function[13148]:0x2aa5c9\n@http://localhost:8657/dotnet.native.wasm:wasm-function[8784]:0x19ede4\n@http://localhost:8657/dotnet.native.wasm:wasm-function[13123]:0x2a5e12\n@http://localhost:8657/dotnet.native.wasm:wasm-function[13122]:0x2a5d79\n@http://localhost:8657/dotnet.native.wasm:wasm-function[13133]:0x2a79d6\n@http://localhost:8657/dotnet.native.wasm:wasm-function[16593]:0x3513fd\n@http://localhost:8657/dotnet.native.wasm:wasm-function[21227]:0x463c22\n@http://localhost:8657/dotnet.runtime.js line 3 \u003E WebAssembly.Module:wasm-function[1]:0x56\n@http://localhost:8657/dotnet.native.wasm:wasm-function[21124]:0x460489\n@http://localhost:8657/dotnet.native.wasm:wasm-function[21116]:0x453986\n@http://localhost:8657/dotnet.native.wasm:wasm-function[21150]:0x46124e\n@http://localhost:8657/dotnet.native.wasm:wasm-function[23888]:0x52b707\n@http://localhost:8657/dotnet.native.wasm:wasm-function[23249]:0x5017aa\n@http://localhost:8657/dotnet.native.wasm:wasm-function[23255]:0x5020a5\n@http://localhost:8657/dotnet.native.wasm:wasm-function[23279]:0x5048a8\n@http://localhost:8657/dotnet.native.wasm:wasm-function[28963]:0x64bc1f\ncreateDotnetRuntime\u003C/\u003C/Module._mono_wasm_invoke_method_bound@http://localhost:8657/dotnet.native.js:8:119859\nso@http://localhost:8657/dotnet.runtime.js:3:53464\noo/k\u003C/\u003C@http://localhost:8657/dotnet.runtime.js:3:52493\nyieldBench/\u003C/\u003C@http://localhost:8657/main.js:129:64\n":79,"String, String LastIndexOf Intl.Segmenter is not a constructor\nml@http://localhost:8657/dotnet.runtime.js:3:168836\n@http://localhost:8657/dotnet.native.wasm:wasm-function[26]:0x0\n@http://localhost:8657/dotnet.native.wasm:wasm-function[649]:0x38c93\n@http://localhost:8657/dotnet.native.wasm:wasm-function[5224]:0xea8a7\n@http://localhost:8657/dotnet.native.wasm:wasm-function[5223]:0xea7e7\n@http://localhost:8657/dotnet.native.wasm:wasm-function[5227]:0xeac4a\n@http://localhost:8657/dotnet.native.wasm:wasm-function[5226]:0xeaaf7\n@http://localhost:8657/dotnet.native.wasm:wasm-function[13355]:0x2b4e83\n@http://localhost:8657/dotnet.native.wasm:wasm-function[13094]:0x2a2aa1\n@http://localhost:8657/dotnet.native.wasm:wasm-function[8784]:0x19ede4\n@http://localhost:8657/dotnet.native.wasm:wasm-function[13093]:0x2a2525\n@http://localhost:8657/dotnet.native.wasm:wasm-function[13098]:0x2a3c9a\n@http://localhost:8657/dotnet.native.wasm:wasm-function[8784]:0x19ede4\n@http://localhost:8657/dotnet.native.wasm:wasm-function[13085]:0x2a1c80\n@http://localhost:8657/dotnet.native.wasm:wasm-function[13148]:0x2aa5c9\n@http://localhost:8657/dotnet.native.wasm:wasm-function[8784]:0x19ede4\n@http://localhost:8657/dotnet.native.wasm:wasm-function[13123]:0x2a5e12\n@http://localhost:8657/dotnet.native.wasm:wasm-function[13122]:0x2a5d79\n@http://localhost:8657/dotnet.native.wasm:wasm-function[13133]:0x2a79d6\n@http://localhost:8657/dotnet.native.wasm:wasm-function[16593]:0x3513fd\n@http://localhost:8657/dotnet.native.wasm:wasm-function[21227]:0x463c22\n@http://localhost:8657/dotnet.runtime.js line 3 \u003E WebAssembly.Module:wasm-function[1]:0x56\n@http://localhost:8657/dotnet.native.wasm:wasm-function[21124]:0x460489\n@http://localhost:8657/dotnet.native.wasm:wasm-function[21116]:0x453986\n@http://localhost:8657/dotnet.native.wasm:wasm-function[21150]:0x46124e\n@http://localhost:8657/dotnet.native.wasm:wasm-function[23888]:0x52b707\n@http://localhost:8657/dotnet.native.wasm:wasm-function[23249]:0x5017aa\n@http://localhost:8657/dotnet.native.wasm:wasm-function[23255]:0x5020a5\n@http://localhost:8657/dotnet.native.wasm:wasm-function[23279]:0x5048a8\n@http://localhost:8657/dotnet.native.wasm:wasm-function[28963]:0x64bc1f\ncreateDotnetRuntime\u003C/\u003C/Module._mono_wasm_invoke_method_bound@http://localhost:8657/dotnet.native.js:8:119859\nso@http://localhost:8657/dotnet.runtime.js:3:53464\noo/k\u003C/\u003C@http://localhost:8657/dotnet.runtime.js:3:52493\nyieldBench/\u003C/\u003C@http://localhost:8657/main.js:129:64\n":80,"String, String IndexOf Intl.Segmenter is not a constructor\nml@http://localhost:8298/dotnet.runtime.js:3:168836\n@http://localhost:8298/dotnet.native.wasm:wasm-function[26]:0x0\n@http://localhost:8298/dotnet.native.wasm:wasm-function[649]:0x38c90\n@http://localhost:8298/dotnet.native.wasm:wasm-function[5224]:0xea8a4\n@http://localhost:8298/dotnet.native.wasm:wasm-function[5223]:0xea7e4\n@http://localhost:8298/dotnet.native.wasm:wasm-function[3425]:0x9d8a8\n@http://localhost:8298/dotnet.native.wasm:wasm-function[5222]:0xea752\n@http://localhost:8298/dotnet.native.wasm:wasm-function[13352]:0x2b4cdc\n@http://localhost:8298/dotnet.native.wasm:wasm-function[13094]:0x2a2a9e\n@http://localhost:8298/dotnet.native.wasm:wasm-function[8784]:0x19ede1\n@http://localhost:8298/dotnet.native.wasm:wasm-function[13093]:0x2a2522\n@http://localhost:8298/dotnet.native.wasm:wasm-function[13098]:0x2a3c97\n@http://localhost:8298/dotnet.native.wasm:wasm-function[8784]:0x19ede1\n@http://localhost:8298/dotnet.native.wasm:wasm-function[13085]:0x2a1c7d\n@http://localhost:8298/dotnet.native.wasm:wasm-function[13148]:0x2aa5c6\n@http://localhost:8298/dotnet.native.wasm:wasm-function[8784]:0x19ede1\n@http://localhost:8298/dotnet.native.wasm:wasm-function[13123]:0x2a5e0f\n@http://localhost:8298/dotnet.native.wasm:wasm-function[13122]:0x2a5d76\n@http://localhost:8298/dotnet.native.wasm:wasm-function[13133]:0x2a79d3\n@http://localhost:8298/dotnet.native.wasm:wasm-function[14377]:0x2eb63b\n@http://localhost:8298/dotnet.native.wasm:wasm-function[21227]:0x463c2b\n@http://localhost:8298/dotnet.runtime.js line 3 \u003E WebAssembly.Module:wasm-function[1]:0x56\n@http://localhost:8298/dotnet.native.wasm:wasm-function[21124]:0x460492\n@http://localhost:8298/dotnet.native.wasm:wasm-function[21116]:0x45398f\n@http://localhost:8298/dotnet.native.wasm:wasm-function[21150]:0x461257\n@http://localhost:8298/dotnet.native.wasm:wasm-function[23888]:0x52b710\n@http://localhost:8298/dotnet.native.wasm:wasm-function[23249]:0x5017b3\n@http://localhost:8298/dotnet.native.wasm:wasm-function[23255]:0x5020ae\n@http://localhost:8298/dotnet.native.wasm:wasm-function[23279]:0x5048b1\n@http://localhost:8298/dotnet.native.wasm:wasm-function[28963]:0x64bc28\ncreateDotnetRuntime\u003C/\u003C/Module._mono_wasm_invoke_method_bound@http://localhost:8298/dotnet.native.js:8:119859\nso@http://localhost:8298/dotnet.runtime.js:3:53464\noo/k\u003C/\u003C@http://localhost:8298/dotnet.runtime.js:3:52493\nyieldBench/\u003C/\u003C@http://localhost:8298/main.js:129:64\n":81,"String, String LastIndexOf Intl.Segmenter is not a constructor\nml@http://localhost:8298/dotnet.runtime.js:3:168836\n@http://localhost:8298/dotnet.native.wasm:wasm-function[26]:0x0\n@http://localhost:8298/dotnet.native.wasm:wasm-function[649]:0x38c90\n@http://localhost:8298/dotnet.native.wasm:wasm-function[5224]:0xea8a4\n@http://localhost:8298/dotnet.native.wasm:wasm-function[5223]:0xea7e4\n@http://localhost:8298/dotnet.native.wasm:wasm-function[5227]:0xeac47\n@http://localhost:8298/dotnet.native.wasm:wasm-function[5226]:0xeaaf4\n@http://localhost:8298/dotnet.native.wasm:wasm-function[13355]:0x2b4e80\n@http://localhost:8298/dotnet.native.wasm:wasm-function[13094]:0x2a2a9e\n@http://localhost:8298/dotnet.native.wasm:wasm-function[8784]:0x19ede1\n@http://localhost:8298/dotnet.native.wasm:wasm-function[13093]:0x2a2522\n@http://localhost:8298/dotnet.native.wasm:wasm-function[13098]:0x2a3c97\n@http://localhost:8298/dotnet.native.wasm:wasm-function[8784]:0x19ede1\n@http://localhost:8298/dotnet.native.wasm:wasm-function[13085]:0x2a1c7d\n@http://localhost:8298/dotnet.native.wasm:wasm-function[13148]:0x2aa5c6\n@http://localhost:8298/dotnet.native.wasm:wasm-function[8784]:0x19ede1\n@http://localhost:8298/dotnet.native.wasm:wasm-function[13123]:0x2a5e0f\n@http://localhost:8298/dotnet.native.wasm:wasm-function[13122]:0x2a5d76\n@http://localhost:8298/dotnet.native.wasm:wasm-function[13133]:0x2a79d3\n@http://localhost:8298/dotnet.native.wasm:wasm-function[14377]:0x2eb63b\n@http://localhost:8298/dotnet.native.wasm:wasm-function[21227]:0x463c2b\n@http://localhost:8298/dotnet.runtime.js line 3 \u003E WebAssembly.Module:wasm-function[1]:0x56\n@http://localhost:8298/dotnet.native.wasm:wasm-function[21124]:0x460492\n@http://localhost:8298/dotnet.native.wasm:wasm-function[21116]:0x45398f\n@http://localhost:8298/dotnet.native.wasm:wasm-function[21150]:0x461257\n@http://localhost:8298/dotnet.native.wasm:wasm-function[23888]:0x52b710\n@http://localhost:8298/dotnet.native.wasm:wasm-function[23249]:0x5017b3\n@http://localhost:8298/dotnet.native.wasm:wasm-function[23255]:0x5020ae\n@http://localhost:8298/dotnet.native.wasm:wasm-function[23279]:0x5048b1\n@http://localhost:8298/dotnet.native.wasm:wasm-function[28963]:0x64bc28\ncreateDotnetRuntime\u003C/\u003C/Module._mono_wasm_invoke_method_bound@http://localhost:8298/dotnet.native.js:8:119859\nso@http://localhost:8298/dotnet.runtime.js:3:53464\noo/k\u003C/\u003C@http://localhost:8298/dotnet.runtime.js:3:52493\nyieldBench/\u003C/\u003C@http://localhost:8298/main.js:129:64\n":82,"String, IsNormalized":83,"String, String IndexOf TypeError: Intl.Segmenter is not a constructor\ndl@http://localhost:8975/dotnet.runtime.js:3:168943\n@http://localhost:8975/dotnet.native.wasm:wasm-function[26]:0x0\n@http://localhost:8975/dotnet.native.wasm:wasm-function[653]:0x38e1d\n@http://localhost:8975/dotnet.native.wasm:wasm-function[5231]:0xeac3e\n@http://localhost:8975/dotnet.native.wasm:wasm-function[5230]:0xeab54\n@http://localhost:8975/dotnet.native.wasm:wasm-function[3432]:0x9db49\n@http://localhost:8975/dotnet.native.wasm:wasm-function[5229]:0xeaac2\n@http://localhost:8975/dotnet.native.wasm:wasm-function[13365]:0x2b5cfb\n@http://localhost:8975/dotnet.native.wasm:wasm-function[13105]:0x2a39e7\n@http://localhost:8975/dotnet.native.wasm:wasm-function[8795]:0x19fc68\n@http://localhost:8975/dotnet.native.wasm:wasm-function[13104]:0x2a346b\n@http://localhost:8975/dotnet.native.wasm:wasm-function[13109]:0x2a4be0\n@http://localhost:8975/dotnet.native.wasm:wasm-function[8795]:0x19fc68\n@http://localhost:8975/dotnet.native.wasm:wasm-function[13096]:0x2a2bc6\n@http://localhost:8975/dotnet.native.wasm:wasm-function[13159]:0x2ab556\n@http://localhost:8975/dotnet.native.wasm:wasm-function[8795]:0x19fc68\n@http://localhost:8975/dotnet.native.wasm:wasm-function[13134]:0x2a6d56\n@http://localhost:8975/dotnet.native.wasm:wasm-function[13133]:0x2a6cbd\n@http://localhost:8975/dotnet.native.wasm:wasm-function[13144]:0x2a891a\n@http://localhost:8975/dotnet.native.wasm:wasm-function[16879]:0x369187\n@http://localhost:8975/dotnet.native.wasm:wasm-function[21243]:0x464d01\n@http://localhost:8975/dotnet.runtime.js line 3 \u003E WebAssembly.Module:wasm-function[1]:0x56\n@http://localhost:8975/dotnet.native.wasm:wasm-function[21140]:0x461568\n@http://localhost:8975/dotnet.native.wasm:wasm-function[21132]:0x454a65\n@http://localhost:8975/dotnet.native.wasm:wasm-function[21166]:0x46232d\n@http://localhost:8975/dotnet.native.wasm:wasm-function[23904]:0x52c7e6\n@http://localhost:8975/dotnet.native.wasm:wasm-function[23265]:0x502889\n@http://localhost:8975/dotnet.native.wasm:wasm-function[23271]:0x503184\n@http://localhost:8975/dotnet.native.wasm:wasm-function[23295]:0x505987\n@http://localhost:8975/dotnet.native.wasm:wasm-function[28980]:0x64ce11\ncreateDotnetRuntime\u003C/\u003C/Module._mono_wasm_invoke_method_bound@http://localhost:8975/dotnet.native.js:8:120104\noo@http://localhost:8975/dotnet.runtime.js:3:53428\nro/k\u003C/\u003C@http://localhost:8975/dotnet.runtime.js:3:52457\nyieldBench/\u003C/\u003C@http://localhost:8975/main.js:129:64\n":84,"String, String LastIndexOf TypeError: Intl.Segmenter is not a constructor\ndl@http://localhost:8975/dotnet.runtime.js:3:168943\n@http://localhost:8975/dotnet.native.wasm:wasm-function[26]:0x0\n@http://localhost:8975/dotnet.native.wasm:wasm-function[653]:0x38e1d\n@http://localhost:8975/dotnet.native.wasm:wasm-function[5231]:0xeac3e\n@http://localhost:8975/dotnet.native.wasm:wasm-function[5230]:0xeab54\n@http://localhost:8975/dotnet.native.wasm:wasm-function[5234]:0xeaffb\n@http://localhost:8975/dotnet.native.wasm:wasm-function[5233]:0xeaea8\n@http://localhost:8975/dotnet.native.wasm:wasm-function[13368]:0x2b5e9f\n@http://localhost:8975/dotnet.native.wasm:wasm-function[13105]:0x2a39e7\n@http://localhost:8975/dotnet.native.wasm:wasm-function[8795]:0x19fc68\n@http://localhost:8975/dotnet.native.wasm:wasm-function[13104]:0x2a346b\n@http://localhost:8975/dotnet.native.wasm:wasm-function[13109]:0x2a4be0\n@http://localhost:8975/dotnet.native.wasm:wasm-function[8795]:0x19fc68\n@http://localhost:8975/dotnet.native.wasm:wasm-function[13096]:0x2a2bc6\n@http://localhost:8975/dotnet.native.wasm:wasm-function[13159]:0x2ab556\n@http://localhost:8975/dotnet.native.wasm:wasm-function[8795]:0x19fc68\n@http://localhost:8975/dotnet.native.wasm:wasm-function[13134]:0x2a6d56\n@http://localhost:8975/dotnet.native.wasm:wasm-function[13133]:0x2a6cbd\n@http://localhost:8975/dotnet.native.wasm:wasm-function[13144]:0x2a891a\n@http://localhost:8975/dotnet.native.wasm:wasm-function[16879]:0x369187\n@http://localhost:8975/dotnet.native.wasm:wasm-function[21243]:0x464d01\n@http://localhost:8975/dotnet.runtime.js line 3 \u003E WebAssembly.Module:wasm-function[1]:0x56\n@http://localhost:8975/dotnet.native.wasm:wasm-function[21140]:0x461568\n@http://localhost:8975/dotnet.native.wasm:wasm-function[21132]:0x454a65\n@http://localhost:8975/dotnet.native.wasm:wasm-function[21166]:0x46232d\n@http://localhost:8975/dotnet.native.wasm:wasm-function[23904]:0x52c7e6\n@http://localhost:8975/dotnet.native.wasm:wasm-function[23265]:0x502889\n@http://localhost:8975/dotnet.native.wasm:wasm-function[23271]:0x503184\n@http://localhost:8975/dotnet.native.wasm:wasm-function[23295]:0x505987\n@http://localhost:8975/dotnet.native.wasm:wasm-function[28980]:0x64ce11\ncreateDotnetRuntime\u003C/\u003C/Module._mono_wasm_invoke_method_bound@http://localhost:8975/dotnet.native.js:8:120104\noo@http://localhost:8975/dotnet.runtime.js:3:53428\nro/k\u003C/\u003C@http://localhost:8975/dotnet.runtime.js:3:52457\nyieldBench/\u003C/\u003C@http://localhost:8975/main.js:129:64\n":85,"String, String IndexOf TypeError: Intl.Segmenter is not a constructor\ndl@http://localhost:8982/dotnet.runtime.js:3:168943\n@http://localhost:8982/dotnet.native.wasm:wasm-function[26]:0x0\n@http://localhost:8982/dotnet.native.wasm:wasm-function[644]:0x38d5f\n@http://localhost:8982/dotnet.native.wasm:wasm-function[5222]:0xeabb1\n@http://localhost:8982/dotnet.native.wasm:wasm-function[5221]:0xeaac7\n@http://localhost:8982/dotnet.native.wasm:wasm-function[3423]:0x9dabc\n@http://localhost:8982/dotnet.native.wasm:wasm-function[5220]:0xeaa35\n@http://localhost:8982/dotnet.native.wasm:wasm-function[13321]:0x2b3a70\n@http://localhost:8982/dotnet.native.wasm:wasm-function[13061]:0x2a175b\n@http://localhost:8982/dotnet.native.wasm:wasm-function[8786]:0x19fbdc\n@http://localhost:8982/dotnet.native.wasm:wasm-function[13060]:0x2a11df\n@http://localhost:8982/dotnet.native.wasm:wasm-function[13065]:0x2a2954\n@http://localhost:8982/dotnet.native.wasm:wasm-function[8786]:0x19fbdc\n@http://localhost:8982/dotnet.native.wasm:wasm-function[13052]:0x2a093a\n@http://localhost:8982/dotnet.native.wasm:wasm-function[13115]:0x2a92cb\n@http://localhost:8982/dotnet.native.wasm:wasm-function[8786]:0x19fbdc\n@http://localhost:8982/dotnet.native.wasm:wasm-function[13090]:0x2a4acb\n@http://localhost:8982/dotnet.native.wasm:wasm-function[13089]:0x2a4a32\n@http://localhost:8982/dotnet.native.wasm:wasm-function[13100]:0x2a668f\n@http://localhost:8982/dotnet.native.wasm:wasm-function[14689]:0x2f2bd6\n@http://localhost:8982/dotnet.native.wasm:wasm-function[21228]:0x464c9a\n@http://localhost:8982/dotnet.runtime.js line 3 \u003E WebAssembly.Module:wasm-function[1]:0x56\n@http://localhost:8982/dotnet.native.wasm:wasm-function[21125]:0x461501\n@http://localhost:8982/dotnet.native.wasm:wasm-function[21117]:0x4549fe\n@http://localhost:8982/dotnet.native.wasm:wasm-function[21151]:0x4622c6\n@http://localhost:8982/dotnet.native.wasm:wasm-function[23889]:0x52c77f\n@http://localhost:8982/dotnet.native.wasm:wasm-function[23250]:0x502822\n@http://localhost:8982/dotnet.native.wasm:wasm-function[23256]:0x50311d\n@http://localhost:8982/dotnet.native.wasm:wasm-function[23280]:0x505920\n@http://localhost:8982/dotnet.native.wasm:wasm-function[28965]:0x64cdaa\ncreateDotnetRuntime\u003C/\u003C/Module._mono_wasm_invoke_method_bound@http://localhost:8982/dotnet.native.js:8:120104\noo@http://localhost:8982/dotnet.runtime.js:3:53428\nro/k\u003C/\u003C@http://localhost:8982/dotnet.runtime.js:3:52457\nyieldBench/\u003C/\u003C@http://localhost:8982/main.js:129:64\n":86,"String, String LastIndexOf TypeError: Intl.Segmenter is not a constructor\ndl@http://localhost:8982/dotnet.runtime.js:3:168943\n@http://localhost:8982/dotnet.native.wasm:wasm-function[26]:0x0\n@http://localhost:8982/dotnet.native.wasm:wasm-function[644]:0x38d5f\n@http://localhost:8982/dotnet.native.wasm:wasm-function[5222]:0xeabb1\n@http://localhost:8982/dotnet.native.wasm:wasm-function[5221]:0xeaac7\n@http://localhost:8982/dotnet.native.wasm:wasm-function[5225]:0xeaf6e\n@http://localhost:8982/dotnet.native.wasm:wasm-function[5224]:0xeae1b\n@http://localhost:8982/dotnet.native.wasm:wasm-function[13324]:0x2b3c14\n@http://localhost:8982/dotnet.native.wasm:wasm-function[13061]:0x2a175b\n@http://localhost:8982/dotnet.native.wasm:wasm-function[8786]:0x19fbdc\n@http://localhost:8982/dotnet.native.wasm:wasm-function[13060]:0x2a11df\n@http://localhost:8982/dotnet.native.wasm:wasm-function[13065]:0x2a2954\n@http://localhost:8982/dotnet.native.wasm:wasm-function[8786]:0x19fbdc\n@http://localhost:8982/dotnet.native.wasm:wasm-function[13052]:0x2a093a\n@http://localhost:8982/dotnet.native.wasm:wasm-function[13115]:0x2a92cb\n@http://localhost:8982/dotnet.native.wasm:wasm-function[8786]:0x19fbdc\n@http://localhost:8982/dotnet.native.wasm:wasm-function[13090]:0x2a4acb\n@http://localhost:8982/dotnet.native.wasm:wasm-function[13089]:0x2a4a32\n@http://localhost:8982/dotnet.native.wasm:wasm-function[13100]:0x2a668f\n@http://localhost:8982/dotnet.native.wasm:wasm-function[14689]:0x2f2bd6\n@http://localhost:8982/dotnet.native.wasm:wasm-function[21228]:0x464c9a\n@http://localhost:8982/dotnet.runtime.js line 3 \u003E WebAssembly.Module:wasm-function[1]:0x56\n@http://localhost:8982/dotnet.native.wasm:wasm-function[21125]:0x461501\n@http://localhost:8982/dotnet.native.wasm:wasm-function[21117]:0x4549fe\n@http://localhost:8982/dotnet.native.wasm:wasm-function[21151]:0x4622c6\n@http://localhost:8982/dotnet.native.wasm:wasm-function[23889]:0x52c77f\n@http://localhost:8982/dotnet.native.wasm:wasm-function[23250]:0x502822\n@http://localhost:8982/dotnet.native.wasm:wasm-function[23256]:0x50311d\n@http://localhost:8982/dotnet.native.wasm:wasm-function[23280]:0x505920\n@http://localhost:8982/dotnet.native.wasm:wasm-function[28965]:0x64cdaa\ncreateDotnetRuntime\u003C/\u003C/Module._mono_wasm_invoke_method_bound@http://localhost:8982/dotnet.native.js:8:120104\noo@http://localhost:8982/dotnet.runtime.js:3:53428\nro/k\u003C/\u003C@http://localhost:8982/dotnet.runtime.js:3:52457\nyieldBench/\u003C/\u003C@http://localhost:8982/main.js:129:64\n":87,"String, String IndexOf TypeError: Intl.Segmenter is not a constructor\ndl@http://localhost:8303/dotnet.runtime.js:3:168960\n@http://localhost:8303/dotnet.native.wasm:wasm-function[26]:0x0\n@http://localhost:8303/dotnet.native.wasm:wasm-function[644]:0x38d61\n@http://localhost:8303/dotnet.native.wasm:wasm-function[5222]:0xeabb3\n@http://localhost:8303/dotnet.native.wasm:wasm-function[5221]:0xeaac9\n@http://localhost:8303/dotnet.native.wasm:wasm-function[3423]:0x9dabe\n@http://localhost:8303/dotnet.native.wasm:wasm-function[5220]:0xeaa37\n@http://localhost:8303/dotnet.native.wasm:wasm-function[13321]:0x2b3a73\n@http://localhost:8303/dotnet.native.wasm:wasm-function[13061]:0x2a175d\n@http://localhost:8303/dotnet.native.wasm:wasm-function[8786]:0x19fbde\n@http://localhost:8303/dotnet.native.wasm:wasm-function[13060]:0x2a11e1\n@http://localhost:8303/dotnet.native.wasm:wasm-function[13065]:0x2a2956\n@http://localhost:8303/dotnet.native.wasm:wasm-function[8786]:0x19fbde\n@http://localhost:8303/dotnet.native.wasm:wasm-function[13052]:0x2a093c\n@http://localhost:8303/dotnet.native.wasm:wasm-function[13115]:0x2a92ce\n@http://localhost:8303/dotnet.native.wasm:wasm-function[8786]:0x19fbde\n@http://localhost:8303/dotnet.native.wasm:wasm-function[13090]:0x2a4ace\n@http://localhost:8303/dotnet.native.wasm:wasm-function[13089]:0x2a4a35\n@http://localhost:8303/dotnet.native.wasm:wasm-function[13100]:0x2a6692\n@http://localhost:8303/dotnet.native.wasm:wasm-function[17728]:0x3985d1\n@http://localhost:8303/dotnet.native.wasm:wasm-function[21228]:0x464c9f\n@http://localhost:8303/dotnet.runtime.js line 3 \u003E WebAssembly.Module:wasm-function[1]:0x56\n@http://localhost:8303/dotnet.native.wasm:wasm-function[21125]:0x461506\n@http://localhost:8303/dotnet.native.wasm:wasm-function[21117]:0x454a03\n@http://localhost:8303/dotnet.native.wasm:wasm-function[21151]:0x4622cb\n@http://localhost:8303/dotnet.native.wasm:wasm-function[23889]:0x52c79d\n@http://localhost:8303/dotnet.native.wasm:wasm-function[23250]:0x502840\n@http://localhost:8303/dotnet.native.wasm:wasm-function[23256]:0x50313b\n@http://localhost:8303/dotnet.native.wasm:wasm-function[23280]:0x50593e\n@http://localhost:8303/dotnet.native.wasm:wasm-function[28965]:0x64cdc8\ncreateDotnetRuntime\u003C/\u003C/Module._mono_wasm_invoke_method_bound@http://localhost:8303/dotnet.native.js:8:120104\noo@http://localhost:8303/dotnet.runtime.js:3:53428\nro/k\u003C/\u003C@http://localhost:8303/dotnet.runtime.js:3:52457\nyieldBench/\u003C/\u003C@http://localhost:8303/main.js:129:64\n":88,"String, String LastIndexOf TypeError: Intl.Segmenter is not a constructor\ndl@http://localhost:8303/dotnet.runtime.js:3:168960\n@http://localhost:8303/dotnet.native.wasm:wasm-function[26]:0x0\n@http://localhost:8303/dotnet.native.wasm:wasm-function[644]:0x38d61\n@http://localhost:8303/dotnet.native.wasm:wasm-function[5222]:0xeabb3\n@http://localhost:8303/dotnet.native.wasm:wasm-function[5221]:0xeaac9\n@http://localhost:8303/dotnet.native.wasm:wasm-function[5225]:0xeaf70\n@http://localhost:8303/dotnet.native.wasm:wasm-function[5224]:0xeae1d\n@http://localhost:8303/dotnet.native.wasm:wasm-function[13324]:0x2b3c17\n@http://localhost:8303/dotnet.native.wasm:wasm-function[13061]:0x2a175d\n@http://localhost:8303/dotnet.native.wasm:wasm-function[8786]:0x19fbde\n@http://localhost:8303/dotnet.native.wasm:wasm-function[13060]:0x2a11e1\n@http://localhost:8303/dotnet.native.wasm:wasm-function[13065]:0x2a2956\n@http://localhost:8303/dotnet.native.wasm:wasm-function[8786]:0x19fbde\n@http://localhost:8303/dotnet.native.wasm:wasm-function[13052]:0x2a093c\n@http://localhost:8303/dotnet.native.wasm:wasm-function[13115]:0x2a92ce\n@http://localhost:8303/dotnet.native.wasm:wasm-function[8786]:0x19fbde\n@http://localhost:8303/dotnet.native.wasm:wasm-function[13090]:0x2a4ace\n@http://localhost:8303/dotnet.native.wasm:wasm-function[13089]:0x2a4a35\n@http://localhost:8303/dotnet.native.wasm:wasm-function[13100]:0x2a6692\n@http://localhost:8303/dotnet.native.wasm:wasm-function[17728]:0x3985d1\n@http://localhost:8303/dotnet.native.wasm:wasm-function[21228]:0x464c9f\n@http://localhost:8303/dotnet.runtime.js line 3 \u003E WebAssembly.Module:wasm-function[1]:0x56\n@http://localhost:8303/dotnet.native.wasm:wasm-function[21125]:0x461506\n@http://localhost:8303/dotnet.native.wasm:wasm-function[21117]:0x454a03\n@http://localhost:8303/dotnet.native.wasm:wasm-function[21151]:0x4622cb\n@http://localhost:8303/dotnet.native.wasm:wasm-function[23889]:0x52c79d\n@http://localhost:8303/dotnet.native.wasm:wasm-function[23250]:0x502840\n@http://localhost:8303/dotnet.native.wasm:wasm-function[23256]:0x50313b\n@http://localhost:8303/dotnet.native.wasm:wasm-function[23280]:0x50593e\n@http://localhost:8303/dotnet.native.wasm:wasm-function[28965]:0x64cdc8\ncreateDotnetRuntime\u003C/\u003C/Module._mono_wasm_invoke_method_bound@http://localhost:8303/dotnet.native.js:8:120104\noo@http://localhost:8303/dotnet.runtime.js:3:53428\nro/k\u003C/\u003C@http://localhost:8303/dotnet.runtime.js:3:52457\nyieldBench/\u003C/\u003C@http://localhost:8303/main.js:129:64\n":89,"String, String IndexOf TypeError: Intl.Segmenter is not a constructor\ndl@http://localhost:8074/dotnet.runtime.js:3:168943\n@http://localhost:8074/dotnet.native.wasm:wasm-function[26]:0x0\n@http://localhost:8074/dotnet.native.wasm:wasm-function[644]:0x38d3e\n@http://localhost:8074/dotnet.native.wasm:wasm-function[5222]:0xeab90\n@http://localhost:8074/dotnet.native.wasm:wasm-function[5221]:0xeaaa6\n@http://localhost:8074/dotnet.native.wasm:wasm-function[3423]:0x9da9b\n@http://localhost:8074/dotnet.native.wasm:wasm-function[5220]:0xeaa14\n@http://localhost:8074/dotnet.native.wasm:wasm-function[13321]:0x2b3a50\n@http://localhost:8074/dotnet.native.wasm:wasm-function[13061]:0x2a173a\n@http://localhost:8074/dotnet.native.wasm:wasm-function[8786]:0x19fbbb\n@http://localhost:8074/dotnet.native.wasm:wasm-function[13060]:0x2a11be\n@http://localhost:8074/dotnet.native.wasm:wasm-function[13065]:0x2a2933\n@http://localhost:8074/dotnet.native.wasm:wasm-function[8786]:0x19fbbb\n@http://localhost:8074/dotnet.native.wasm:wasm-function[13052]:0x2a0919\n@http://localhost:8074/dotnet.native.wasm:wasm-function[13115]:0x2a92ab\n@http://localhost:8074/dotnet.native.wasm:wasm-function[8786]:0x19fbbb\n@http://localhost:8074/dotnet.native.wasm:wasm-function[13090]:0x2a4aab\n@http://localhost:8074/dotnet.native.wasm:wasm-function[13089]:0x2a4a12\n@http://localhost:8074/dotnet.native.wasm:wasm-function[13100]:0x2a666f\n@http://localhost:8074/dotnet.native.wasm:wasm-function[14043]:0x2d5785\n@http://localhost:8074/dotnet.native.wasm:wasm-function[21228]:0x464c66\n@http://localhost:8074/dotnet.runtime.js line 3 \u003E WebAssembly.Module:wasm-function[1]:0x56\n@http://localhost:8074/dotnet.native.wasm:wasm-function[21125]:0x4614cd\n@http://localhost:8074/dotnet.native.wasm:wasm-function[21117]:0x4549ca\n@http://localhost:8074/dotnet.native.wasm:wasm-function[21151]:0x462292\n@http://localhost:8074/dotnet.native.wasm:wasm-function[23889]:0x52c74b\n@http://localhost:8074/dotnet.native.wasm:wasm-function[23250]:0x5027ee\n@http://localhost:8074/dotnet.native.wasm:wasm-function[23256]:0x5030e9\n@http://localhost:8074/dotnet.native.wasm:wasm-function[23280]:0x5058ec\n@http://localhost:8074/dotnet.native.wasm:wasm-function[28965]:0x64cd76\ncreateDotnetRuntime\u003C/\u003C/Module._mono_wasm_invoke_method_bound@http://localhost:8074/dotnet.native.js:8:120104\noo@http://localhost:8074/dotnet.runtime.js:3:53428\nro/k\u003C/\u003C@http://localhost:8074/dotnet.runtime.js:3:52457\nyieldBench/\u003C/\u003C@http://localhost:8074/main.js:129:64\n":90,"String, String LastIndexOf TypeError: Intl.Segmenter is not a constructor\ndl@http://localhost:8074/dotnet.runtime.js:3:168943\n@http://localhost:8074/dotnet.native.wasm:wasm-function[26]:0x0\n@http://localhost:8074/dotnet.native.wasm:wasm-function[644]:0x38d3e\n@http://localhost:8074/dotnet.native.wasm:wasm-function[5222]:0xeab90\n@http://localhost:8074/dotnet.native.wasm:wasm-function[5221]:0xeaaa6\n@http://localhost:8074/dotnet.native.wasm:wasm-function[5225]:0xeaf4d\n@http://localhost:8074/dotnet.native.wasm:wasm-function[5224]:0xeadfa\n@http://localhost:8074/dotnet.native.wasm:wasm-function[13324]:0x2b3bf4\n@http://localhost:8074/dotnet.native.wasm:wasm-function[13061]:0x2a173a\n@http://localhost:8074/dotnet.native.wasm:wasm-function[8786]:0x19fbbb\n@http://localhost:8074/dotnet.native.wasm:wasm-function[13060]:0x2a11be\n@http://localhost:8074/dotnet.native.wasm:wasm-function[13065]:0x2a2933\n@http://localhost:8074/dotnet.native.wasm:wasm-function[8786]:0x19fbbb\n@http://localhost:8074/dotnet.native.wasm:wasm-function[13052]:0x2a0919\n@http://localhost:8074/dotnet.native.wasm:wasm-function[13115]:0x2a92ab\n@http://localhost:8074/dotnet.native.wasm:wasm-function[8786]:0x19fbbb\n@http://localhost:8074/dotnet.native.wasm:wasm-function[13090]:0x2a4aab\n@http://localhost:8074/dotnet.native.wasm:wasm-function[13089]:0x2a4a12\n@http://localhost:8074/dotnet.native.wasm:wasm-function[13100]:0x2a666f\n@http://localhost:8074/dotnet.native.wasm:wasm-function[14043]:0x2d5785\n@http://localhost:8074/dotnet.native.wasm:wasm-function[21228]:0x464c66\n@http://localhost:8074/dotnet.runtime.js line 3 \u003E WebAssembly.Module:wasm-function[1]:0x56\n@http://localhost:8074/dotnet.native.wasm:wasm-function[21125]:0x4614cd\n@http://localhost:8074/dotnet.native.wasm:wasm-function[21117]:0x4549ca\n@http://localhost:8074/dotnet.native.wasm:wasm-function[21151]:0x462292\n@http://localhost:8074/dotnet.native.wasm:wasm-function[23889]:0x52c74b\n@http://localhost:8074/dotnet.native.wasm:wasm-function[23250]:0x5027ee\n@http://localhost:8074/dotnet.native.wasm:wasm-function[23256]:0x5030e9\n@http://localhost:8074/dotnet.native.wasm:wasm-function[23280]:0x5058ec\n@http://localhost:8074/dotnet.native.wasm:wasm-function[28965]:0x64cd76\ncreateDotnetRuntime\u003C/\u003C/Module._mono_wasm_invoke_method_bound@http://localhost:8074/dotnet.native.js:8:120104\noo@http://localhost:8074/dotnet.runtime.js:3:53428\nro/k\u003C/\u003C@http://localhost:8074/dotnet.runtime.js:3:52457\nyieldBench/\u003C/\u003C@http://localhost:8074/main.js:129:64\n":91,"Size, _framework":92,"Vector, Equals Int32":93,"Vector, Equals Float":94,"Span, IndexOf strings":95,"AppStart, Blazor Page show":96,"AppStart, Blazor Reach managed":97,"AppStart, Blazor Reach managed cold":98,"AppStart, Blazor First UI":99,"AppStart, Browser Page show":100,"AppStart, Browser Reach managed":101,"AppStart, Browser Reach managed cold":102,"AppStart, Blazor Reach managed snapshot":103,"AppStart, Browser Reach managed snapshot":104,"Size, blazor-template":105,"Size, blazor-template/index.html":106,"Size, blazor-template/icon-192.png":107,"Size, blazor-template/blazor.styles.css":108,"Size, blazor-template/frame.js":109,"Size, blazor-template/start.js":110,"Size, blazor-template/favicon.png":111,"Size, blazor-template/start.html":112,"Size, blazor-template/_framework":113,"Size, blazor-template/_framework/icudt_CJK.dat.br":114,"Size, blazor-template/_framework/Microsoft.AspNetCore.Components.WebAssembly.wasm.br":115,"Size, blazor-template/_framework/Microsoft.Extensions.Logging.Abstractions.wasm.br":116,"Size, blazor-template/_framework/System.Collections.wasm":117,"Size, blazor-template/_framework/System.Net.Http.Json.wasm.br":118,"Size, blazor-template/_framework/icudt_EFIGS.dat":119,"Size, blazor-template/_framework/System.Private.Uri.wasm":120,"Size, blazor-template/_framework/Microsoft.AspNetCore.Components.wasm.br":121,"Size, blazor-template/_framework/Microsoft.Extensions.Primitives.wasm":122,"Size, blazor-template/_framework/System.Text.Encodings.Web.wasm":123,"Size, blazor-template/_framework/dotnet.native.wasm.br":124,"Size, blazor-template/_framework/Microsoft.Extensions.DependencyInjection.Abstractions.wasm.br":125,"Size, blazor-template/_framework/System.Private.Uri.wasm.gz":126,"Size, blazor-template/_framework/System.Text.Encodings.Web.wasm.br":127,"Size, blazor-template/_framework/blazor.wasm.gz":128,"Size, blazor-template/_framework/System.Private.CoreLib.wasm":129,"Size, blazor-template/_framework/Microsoft.Extensions.Configuration.Abstractions.wasm.gz":130,"Size, blazor-template/_framework/Microsoft.AspNetCore.Components.Web.wasm.br":131,"Size, blazor-template/_framework/System.Runtime.InteropServices.JavaScript.wasm.br":132,"Size, blazor-template/_framework/Microsoft.JSInterop.WebAssembly.wasm.br":133,"Size, blazor-template/_framework/System.ComponentModel.wasm.gz":134,"Size, blazor-template/_framework/icudt_EFIGS.dat.br":135,"Size, blazor-template/_framework/Microsoft.Extensions.DependencyInjection.wasm.br":136,"Size, blazor-template/_framework/blazor.wasm.br":137,"Size, blazor-template/_framework/Microsoft.Extensions.Configuration.wasm.br":138,"Size, blazor-template/_framework/System.Collections.wasm.gz":139,"Size, blazor-template/_framework/dotnet.native.wasm":140,"Size, blazor-template/_framework/blazor.webassembly.js.br":141,"Size, blazor-template/_framework/System.Runtime.InteropServices.JavaScript.wasm":142,"Size, blazor-template/_framework/Microsoft.Extensions.Configuration.Json.wasm.br":143,"Size, blazor-template/_framework/System.Private.CoreLib.wasm.br":144,"Size, blazor-template/_framework/Microsoft.AspNetCore.Components.Web.wasm":145,"Size, blazor-template/_framework/dotnet.runtime.9.0.0-dev.3fa5t8hg5p.js":146,"Size, blazor-template/_framework/System.Diagnostics.DiagnosticSource.wasm.gz":147,"Size, blazor-template/_framework/icudt_no_CJK.dat":148,"Size, blazor-template/_framework/Microsoft.Extensions.Configuration.Abstractions.wasm":149,"Size, blazor-template/_framework/blazor.boot.json.gz":150,"Size, blazor-template/_framework/System.Collections.Concurrent.wasm.br":151,"Size, blazor-template/_framework/blazor.wasm":152,"Size, blazor-template/_framework/System.Net.Http.Json.wasm":153,"Size, blazor-template/_framework/blazor.boot.json":154,"Size, blazor-template/_framework/System.Text.RegularExpressions.wasm":155,"Size, blazor-template/_framework/Microsoft.Extensions.Primitives.wasm.br":156,"Size, blazor-template/_framework/System.Linq.wasm.br":157,"Size, blazor-template/_framework/Microsoft.Extensions.Options.wasm":158,"Size, blazor-template/_framework/Microsoft.Extensions.DependencyInjection.wasm.gz":159,"Size, blazor-template/_framework/icudt_no_CJK.dat.br":160,"Size, blazor-template/_framework/System.Text.RegularExpressions.wasm.gz":161,"Size, blazor-template/_framework/System.Collections.wasm.br":162,"Size, blazor-template/_framework/Microsoft.Extensions.Logging.Abstractions.wasm":163,"Size, blazor-template/_framework/Microsoft.AspNetCore.Components.WebAssembly.wasm":164,"Size, blazor-template/_framework/System.ComponentModel.wasm":165,"Size, blazor-template/_framework/dotnet.js.br":166,"Size, blazor-template/_framework/Microsoft.Extensions.Options.wasm.gz":167,"Size, blazor-template/_framework/Microsoft.Extensions.Options.wasm.br":168,"Size, blazor-template/_framework/System.Diagnostics.DiagnosticSource.wasm.br":169,"Size, blazor-template/_framework/Microsoft.Extensions.DependencyInjection.wasm":170,"Size, blazor-template/_framework/System.Runtime.wasm.gz":171,"Size, blazor-template/_framework/blazor.webassembly.js":172,"Size, blazor-template/_framework/Microsoft.Extensions.Logging.wasm.br":173,"Size, blazor-template/_framework/System.Net.Http.wasm.br":174,"Size, blazor-template/_framework/Microsoft.JSInterop.wasm.gz":175,"Size, blazor-template/_framework/dotnet.js.gz":176,"Size, blazor-template/_framework/System.Runtime.InteropServices.JavaScript.wasm.gz":177,"Size, blazor-template/_framework/System.Memory.wasm.gz":178,"Size, blazor-template/_framework/Microsoft.Extensions.DependencyInjection.Abstractions.wasm.gz":179,"Size, blazor-template/_framework/System.Private.CoreLib.wasm.gz":180,"Size, blazor-template/_framework/icudt_EFIGS.dat.gz":181,"Size, blazor-template/_framework/System.Text.Json.wasm.gz":182,"Size, blazor-template/_framework/System.Net.Primitives.wasm.gz":183,"Size, blazor-template/_framework/System.Memory.wasm.br":184,"Size, blazor-template/_framework/Microsoft.JSInterop.wasm.br":185,"Size, blazor-template/_framework/System.Runtime.wasm.br":186,"Size, blazor-template/_framework/System.Diagnostics.DiagnosticSource.wasm":187,"Size, blazor-template/_framework/dotnet.js":188,"Size, blazor-template/_framework/System.Text.Encodings.Web.wasm.gz":189,"Size, blazor-template/_framework/System.Text.RegularExpressions.wasm.br":190,"Size, blazor-template/_framework/System.Collections.Concurrent.wasm":191,"Size, blazor-template/_framework/icudt_no_CJK.dat.gz":192,"Size, blazor-template/_framework/dotnet.native.9.0.0-dev.29rns7qotl.js.gz":193,"Size, blazor-template/_framework/Microsoft.Extensions.Configuration.Json.wasm.gz":194,"Size, blazor-template/_framework/Microsoft.Extensions.Primitives.wasm.gz":195,"Size, blazor-template/_framework/Microsoft.AspNetCore.Components.wasm":196,"Size, blazor-template/_framework/blazor.webassembly.js.gz":197,"Size, blazor-template/_framework/icudt_CJK.dat.gz":198,"Size, blazor-template/_framework/dotnet.runtime.9.0.0-dev.3fa5t8hg5p.js.gz":199,"Size, blazor-template/_framework/Microsoft.JSInterop.WebAssembly.wasm.gz":200,"Size, blazor-template/_framework/Microsoft.AspNetCore.Components.wasm.gz":201,"Size, blazor-template/_framework/Microsoft.Extensions.Configuration.wasm.gz":202,"Size, blazor-template/_framework/Microsoft.AspNetCore.Components.Web.wasm.gz":203,"Size, blazor-template/_framework/Microsoft.Extensions.Logging.Abstractions.wasm.gz":204,"Size, blazor-template/_framework/blazor.boot.json.br":205,"Size, blazor-template/_framework/Microsoft.AspNetCore.Components.WebAssembly.wasm.gz":206,"Size, blazor-template/_framework/System.Text.Json.wasm.br":207,"Size, blazor-template/_framework/System.Net.Primitives.wasm":208,"Size, blazor-template/_framework/dotnet.native.9.0.0-dev.29rns7qotl.js":209,"Size, blazor-template/_framework/System.Net.Primitives.wasm.br":210,"Size, blazor-template/_framework/blazor.pdb.gz":211,"Size, blazor-template/_framework/System.Net.Http.Json.wasm.gz":212,"Size, blazor-template/_framework/System.Collections.Concurrent.wasm.gz":213,"Size, blazor-template/_framework/Microsoft.JSInterop.WebAssembly.wasm":214,"Size, blazor-template/_framework/Microsoft.Extensions.Logging.wasm.gz":215,"Size, blazor-template/_framework/System.Net.Http.wasm.gz":216,"Size, blazor-template/_framework/Microsoft.Extensions.Configuration.Abstractions.wasm.br":217,"Size, blazor-template/_framework/Microsoft.Extensions.Logging.wasm":218,"Size, blazor-template/_framework/dotnet.runtime.9.0.0-dev.3fa5t8hg5p.js.br":219,"Size, blazor-template/_framework/System.Runtime.wasm":220,"Size, blazor-template/_framework/Microsoft.JSInterop.wasm":221,"Size, blazor-template/_framework/System.Linq.wasm":222,"Size, blazor-template/_framework/Microsoft.Extensions.Configuration.wasm":223,"Size, blazor-template/_framework/dotnet.native.wasm.gz":224,"Size, blazor-template/_framework/dotnet.native.9.0.0-dev.29rns7qotl.js.br":225,"Size, blazor-template/_framework/System.ComponentModel.wasm.br":226,"Size, blazor-template/_framework/System.Memory.wasm":227,"Size, blazor-template/_framework/System.Text.Json.wasm":228,"Size, blazor-template/_framework/System.Private.Uri.wasm.br":229,"Size, blazor-template/_framework/System.Net.Http.wasm":230,"Size, blazor-template/_framework/System.Linq.wasm.gz":231,"Size, blazor-template/_framework/Microsoft.Extensions.Configuration.Json.wasm":232,"Size, blazor-template/_framework/Microsoft.Extensions.DependencyInjection.Abstractions.wasm":233,"Size, blazor-template/_framework/icudt_CJK.dat":234,"Size, blazor-template/sample-data":235,"Size, blazor-template/sample-data/weather.json":236,"Size, blazor-template/css":237,"Size, blazor-template/css/app.css":238,"Size, blazor-template/css/bootstrap":239,"Size, blazor-template/css/bootstrap/bootstrap.min.css":240,"Size, blazor-template/css/bootstrap/bootstrap.min.css.map":241,"Size, blazor-template/css/bootstrap-icons":242,"Size, blazor-template/css/bootstrap-icons/bootstrap-icons.css":243,"Size, blazor-template/css/bootstrap-icons/bootstrap-icons.min.css":244,"Size, blazor-template/css/bootstrap-icons/bootstrap-icons.json":245,"Size, blazor-template/css/bootstrap-icons/bootstrap-icons.scss":246,"Size, blazor-template/css/bootstrap-icons/fonts":247,"Size, blazor-template/css/bootstrap-icons/fonts/bootstrap-icons.woff2":248,"Size, blazor-template/css/bootstrap-icons/fonts/bootstrap-icons.woff":249,"Size, browser-template":250,"Size, browser-template/index.html":251,"Size, browser-template/main.js":252,"Size, browser-template/frame.js":253,"Size, browser-template/start.js":254,"Size, browser-template/start.html":255,"Size, browser-template/_framework":256,"Size, browser-template/_framework/icudt_CJK.dat.br":257,"Size, browser-template/_framework/dotnet.native.9.0.0-dev.17zy6wokq9.js.gz":258,"Size, browser-template/_framework/dotnet.native.9.0.0-dev.17zy6wokq9.js.br":259,"Size, browser-template/_framework/icudt_EFIGS.dat":260,"Size, browser-template/_framework/dotnet.native.wasm.br":261,"Size, browser-template/_framework/System.Private.CoreLib.wasm":262,"Size, browser-template/_framework/System.Runtime.InteropServices.JavaScript.wasm.br":263,"Size, browser-template/_framework/icudt_EFIGS.dat.br":264,"Size, browser-template/_framework/dotnet.native.wasm":265,"Size, browser-template/_framework/System.Console.wasm.br":266,"Size, browser-template/_framework/System.Runtime.InteropServices.JavaScript.wasm":267,"Size, browser-template/_framework/System.Private.CoreLib.wasm.br":268,"Size, browser-template/_framework/dotnet.runtime.9.0.0-dev.3fa5t8hg5p.js":269,"Size, browser-template/_framework/icudt_no_CJK.dat":270,"Size, browser-template/_framework/blazor.boot.json.gz":271,"Size, browser-template/_framework/blazor.boot.json":272,"Size, browser-template/_framework/System.Console.wasm.gz":273,"Size, browser-template/_framework/icudt_no_CJK.dat.br":274,"Size, browser-template/_framework/browser-frame.wasm":275,"Size, browser-template/_framework/dotnet.js.br":276,"Size, browser-template/_framework/System.Runtime.wasm.gz":277,"Size, browser-template/_framework/dotnet.js.gz":278,"Size, browser-template/_framework/System.Runtime.InteropServices.JavaScript.wasm.gz":279,"Size, browser-template/_framework/System.Private.CoreLib.wasm.gz":280,"Size, browser-template/_framework/icudt_EFIGS.dat.gz":281,"Size, browser-template/_framework/System.Runtime.wasm.br":282,"Size, browser-template/_framework/System.Console.wasm":283,"Size, browser-template/_framework/dotnet.native.9.0.0-dev.17zy6wokq9.js":284,"Size, browser-template/_framework/dotnet.js":285,"Size, browser-template/_framework/icudt_no_CJK.dat.gz":286,"Size, browser-template/_framework/browser-frame.pdb.gz":287,"Size, browser-template/_framework/icudt_CJK.dat.gz":288,"Size, browser-template/_framework/dotnet.runtime.9.0.0-dev.3fa5t8hg5p.js.gz":289,"Size, browser-template/_framework/blazor.boot.json.br":290,"Size, browser-template/_framework/browser-frame.wasm.gz":291,"Size, browser-template/_framework/dotnet.runtime.9.0.0-dev.3fa5t8hg5p.js.br":292,"Size, browser-template/_framework/System.Runtime.wasm":293,"Size, browser-template/_framework/dotnet.native.wasm.gz":294,"Size, browser-template/_framework/icudt_CJK.dat":295,"Size, browser-template/_framework/browser-frame.wasm.br":296,"Size, browser-template/_framework/.System.Console.wasm.br.VhUY84":297,"Size, blazor-template/_framework/System.Console.wasm.br":298,"Size, blazor-template/_framework/System.Console.wasm.gz":299,"Size, blazor-template/_framework/System.Console.wasm":300},"Data":[{"hash":"22844957b51e7020215196d2896dbda6fefd449e","flavorId":15,"commitTime":"2023-12-15T20:37:38-05:00","minTimes":{"0":34.15384615384615,"1":536.1,"2":0.00037963835594177807,"3":0.00036160540542197,"4":0.007450530460771399,"5":0.0003925541031191334,"6":0.00028954209158168364,"7":0.010606558774461452,"8":0.008027302441838108,"61":0.00031643879173290937,"9":7.4375,"10":15.865030674846626,"11":0.46183816183816184,"12":0.8842315369261478,"13":126.83333333333333,"14":240.17391304347825,"28":0.0826469412235106,"29":0.1454878454878455,"30":0.0015690861827634473,"31":0.13370636823874235,"95":0.002519496100779844,"54":0.09530281830901459,"55":0.18494838494838495,"56":4.528545119705341,"83":1.6524752475247524,"57":0.15717615717615718,"62":1.6680851063829787,"63":1.5365176339905582,"64":52.12280701754386,"65":0.3009662412024335,"66":0.3006680186090898,"67":0.3004294405344149,"68":22.740458015267176,"69":44.55223880597015,"70":22.740458015267176,"71":44.55223880597015,"74":31.015544041450777,"75":49.94166666666667,"15":0.0002815909517562048,"72":0.0002810606486455528,"73":0.0002932076578142105,"16":0.00028424246730946476,"17":0.00028477277042011673,"42":0.0003813173319942607,"43":0.0003152542788470801,"44":0.0004254244170368143,"45":0.000326015037593985,"52":0.00048000028029213446,"53":0.00038710583039265557,"46":0.0003406367551515738,"47":0.0003256661451468005,"48":0.000541949947608256,"49":0.000541949947608256,"50":0.00044242669830785945,"51":0.000440809050416423,"58":0.0006053573590561996,"93":0.00028725912582223815,"94":0.00028835553469942223,"32":45.336283185840706,"33":65.3953488372093,"34":227.625,"35":259.8095238095238,"36":21.42798353909465,"37":248.7391304347826,"38":415,"41":798.7142857142857},"sizes":{"24":9501580,"92":9392837}},{"hash":"26722b6879f6b5f4556309e05383ecf7736870b4","flavorId":15,"commitTime":"2023-12-16T14:45:18+01:00","minTimes":{"0":33.98620689655172,"1":539.4444444444445,"2":0.00037963835594177807,"3":0.0003609711480918061,"4":0.007604662616975866,"5":0.00039865079365079364,"6":0.0002894233497808911,"7":0.010798055076885927,"8":0.008123008757968465,"61":0.0002986282424901886,"9":7.377840909090909,"10":15.826219512195122,"11":0.45124875124875125,"12":0.8852295409181636,"13":124.25581395348837,"14":241.04347826086956,"28":0.08113132120727563,"29":0.14542124542124543,"30":0.0015365853658536586,"31":0.13519850786037838,"95":0.002539492101579684,"54":0.0944833100139916,"55":0.1864135864135864,"56":4.541549953314659,"83":1.6557748301520543,"57":0.15690975690975692,"62":1.6537993920972645,"63":1.5225054229934925,"64":52.228070175438596,"65":0.30090659668376474,"66":0.30060837409042107,"67":0.3004294405344149,"68":22.732824427480917,"69":44.52985074626866,"70":22.729007633587788,"71":44.559701492537314,"74":31.072916666666668,"75":49.541666666666664,"15":0.0002810606486455528,"72":0.00028053034553490085,"73":0.00029328937464675076,"16":0.00028424246730946476,"17":0.00028451810362927784,"42":0.0003807064470765065,"43":0.0003146704746269929,"44":0.0004254244170368143,"45":0.00032814269377909555,"52":0.00047912436737189337,"53":0.0004022222222222222,"46":0.00036335842588562737,"47":0.0003493458923399698,"48":0.0005509353310698318,"49":0.0005670504413022218,"50":0.00044566199409073223,"51":0.0004400002264707048,"58":0.0006053573590561996,"93":0.00028725912582223815,"94":0.00028835553469942223,"32":44.921052631578945,"33":44.67768595041322,"34":229.95833333333334,"35":262.1904761904762,"36":21.945378151260503,"37":250.77272727272728,"38":416.64285714285717,"41":792.4285714285714},"sizes":{"24":9501793,"92":9392837}},{"hash":"dfe568251de7d08b55acf1242a4e5ca5803cd8c8","flavorId":15,"commitTime":"2023-12-17T00:12:00+01:00","minTimes":{"0":34.258278145695364,"1":534.7,"2":0.00037963835594177807,"3":0.0003619693580193037,"4":0.0073520154773864185,"5":0.000392321914178014,"6":0.00028953868086269266,"7":0.010476546407432837,"8":0.007862570472560997,"61":0.00029994036977894114,"9":7.3821022727272725,"10":15.551204819277109,"11":0.45614385614385616,"12":0.8866127583108715,"13":125.64285714285714,"14":240.34782608695653,"28":0.08253048171097342,"29":0.14551025845989876,"30":0.0015257896841263494,"31":0.13362643218758327,"95":0.0024528427647803773,"54":0.0951219512195122,"55":0.18509788254095086,"56":4.478664192949907,"83":1.6627062706270628,"57":0.15744255744255745,"62":1.631378763866878,"63":1.5314533622559654,"64":52.14912280701754,"65":0.3007873076464273,"66":0.30048908505308364,"67":0.3003101514970774,"68":22.736641221374047,"69":44.582089552238806,"70":22.729007633587788,"71":44.559701492537314,"74":30.98952879581152,"75":49.71666666666667,"15":0.0002810606486455528,"72":0.0002812288769977255,"73":0.0002932076578142105,"16":0.00028424246730946476,"17":0.00028424246730946476,"42":0.0003813173319942607,"43":0.00031578947368421053,"44":0.00042524885372864846,"45":0.00032421052631578947,"52":0.00048000028029213446,"53":0.000402962962962963,"46":0.0003566420039653755,"47":0.00034191016358204695,"48":0.0005438994078514511,"49":0.000541949947608256,"50":0.00044242669830785945,"51":0.0004400002264707048,"58":0.0006045633660696422,"93":0.00028725912582223815,"94":0.0002889037391380143,"32":48.74285714285714,"33":47.48695652173913,"34":227.48,"35":253.5909090909091,"36":22.01260504201681,"37":246.56521739130434,"38":414.42857142857144,"41":785.5714285714286},"sizes":{"24":9501649,"92":9392837}},{"hash":"17594ec13bdfb962d2e1d663abf1127e7a453dbf","flavorId":15,"commitTime":"2023-12-17T09:41:56+01:00","minTimes":{"0":33.966887417218544,"1":538.4,"2":0.0003786390252020457,"3":0.0003612896033563566,"4":0.007309087623795763,"5":0.000392321914178014,"6":0.0002895963464035934,"7":0.010495599541846373,"8":0.007857085796993917,"61":0.0003067386522695461,"9":7.423295454545454,"10":15.535928143712574,"11":0.4609912070343725,"12":0.8934131736526946,"13":126.07142857142857,"14":243.56521739130434,"28":0.0826469412235106,"29":0.1457209457209457,"30":0.001551558752997602,"31":0.13370636823874235,"95":0.0024928347663800573,"54":0.09524285428742754,"55":0.18821414302836595,"56":4.5064456721915285,"83":1.658085808580858,"57":0.1573093573093573,"62":1.6516609748525302,"63":1.5238095238095237,"64":52.228070175438596,"65":0.3007873076464273,"66":0.3005487295717524,"67":0.3003101514970774,"68":22.28252788104089,"69":42.8768115942029,"70":22.280898876404493,"71":42.8768115942029,"74":30.7680412371134,"75":48.59836065573771,"15":0.0002810606486455528,"72":0.0002810606486455528,"73":0.0002934131736526946,"16":0.00028424246730946476,"17":0.00028451810362927784,"42":0.0003814127670154239,"43":0.000316390977443609,"44":0.0004254244170368143,"45":0.0003262852823048743,"52":0.00047912436737189337,"53":0.00038710583039265557,"46":0.0003406367551515738,"47":0.0003262852823048743,"48":0.0005438994078514511,"49":0.0005409752174866584,"50":0.0004432355222535776,"51":0.000440809050416423,"58":0.0006056507102532207,"93":0.00028725912582223815,"94":0.00028835553469942223,"32":47.691588785046726,"33":65.29069767441861,"34":231.04,"35":259.14285714285717,"36":22.174468085106383,"37":246.91666666666666,"38":417.85714285714283,"41":787.8571428571429},"sizes":{"24":9501693,"92":9392837}},{"hash":"7fcbc81f2e367944d57815cf6bfa2bad3f6b7754","flavorId":15,"commitTime":"2023-12-17T18:12:45-06:00","minTimes":{"0":34.36551724137931,"1":539.5,"2":0.00037963835594177807,"3":0.0003616496652874674,"4":0.007413453641160916,"5":0.00039254561118304873,"6":0.00028953868086269266,"7":0.010662825218801103,"8":0.008164141628896823,"61":0.00029940359043354234,"9":7.390756302521009,"10":15.754545454545454,"11":0.45734265734265733,"12":0.884630738522954,"13":126.07142857142857,"14":240.8695652173913,"28":0.08109134519288427,"29":0.14527045030642152,"30":0.00151859256297481,"31":0.1337330135891287,"95":0.002506165433579951,"54":0.09534279432340596,"55":0.184938074310827,"56":4.547882136279926,"83":1.655127790359107,"57":0.1574092574092574,"62":1.6906077348066297,"63":1.5727522306108441,"64":52.50442477876106,"65":0.3007873076464273,"66":0.30048908505308364,"67":0.30036979601574615,"68":22.69961977186312,"69":44.514925373134325,"70":22.69433962264151,"71":44.52238805970149,"74":31.125,"75":49.68333333333333,"15":0.0002810606486455528,"72":0.0002810606486455528,"73":0.00029328937464675076,"16":0.00028424246730946476,"17":0.00028424246730946476,"42":0.00038211908695434134,"43":0.0003146704746269929,"44":0.0004254244170368143,"45":0.0003253493013972056,"52":0.0004808761932123756,"53":0.000402962962962963,"46":0.0003573136461574007,"47":0.00034191016358204695,"48":0.0005440545441932831,"49":0.000541949947608256,"50":0.00044242669830785945,"51":0.0004400002264707048,"58":0.0006067380544367993,"93":0.00028725912582223815,"94":0.0002889037391380143,"32":47.598130841121495,"33":48.05309734513274,"34":230.83333333333334,"35":263,"36":22.36051502145923,"37":251.54166666666666,"38":416.7142857142857,"41":793.4285714285714},"sizes":{"24":9501610,"92":9392837}},{"hash":"46506bf2073b92f5ec3b33ebf994c888e6009c66","flavorId":15,"commitTime":"2023-12-18T13:05:08+01:00","minTimes":{"0":34.41258741258741,"1":532.3,"2":0.00037963835594177807,"3":0.000361988923885298,"4":0.0075849792541982436,"5":0.0003923809523809524,"6":0.0002895963464035934,"7":0.010911477708464488,"8":0.008046605273536147,"61":0.00031702445346093347,"9":7.433238636363637,"10":15.608433734939759,"11":0.45822845499220904,"12":0.8854291417165668,"13":126.42857142857143,"14":240.82608695652175,"28":0.0826469412235106,"29":0.14551025845989876,"30":0.0015475619504396482,"31":0.13367972288835597,"95":0.0024928347663800573,"54":0.09516290225864481,"55":0.18497802636835797,"56":4.53796889295517,"83":1.645958795562599,"57":0.15714285714285714,"62":1.6869300911854104,"63":1.5601952277657267,"64":51.96491228070175,"65":0.30084695216509605,"66":0.3005487295717524,"67":0.30036979601574615,"68":22.692015209125476,"69":44.54477611940298,"70":22.692015209125476,"71":44.57462686567164,"74":31.036458333333332,"75":49.55,"15":0.0002815909517562048,"72":0.0002810606486455528,"73":0.00029328937464675076,"16":0.00028424246730946476,"17":0.0002850663080678699,"42":0.0003807064470765065,"43":0.00031642188728725446,"44":0.00042464950917335927,"45":0.000326015037593985,"52":0.00048000028029213446,"53":0.0003870633265267635,"46":0.0003406367551515738,"47":0.0003262852823048743,"48":0.0005409752174866584,"49":0.0005449101796407185,"50":0.0004400002264707048,"51":0.00044242669830785945,"58":0.0006045633660696422,"93":0.00028725912582223815,"94":0.00028835553469942223,"32":46.95412844036697,"33":43.45161290322581,"34":229.33333333333334,"35":256.90909090909093,"36":21.945147679324894,"37":251.95833333333334,"38":416.3076923076923,"41":801},"sizes":{"24":9501650,"92":9392837}},{"hash":"a4659e5bfe9682d600881f753954e1e5660ea41a","flavorId":3,"commitTime":"2023-12-18T15:18:28-08:00","minTimes":{"0":45.967213114754095,"1":584,"60":5018.75,"96":96.14035087719299,"97":2253.6666666666665,"99":2427.6666666666665,"98":7350,"103":2272.3333333333335,"100":49.405660377358494,"101":588.25,"102":2853.25,"104":565.8,"2":0.0002785695057921138,"3":0.0002861227017967869,"4":0.004733074021606232,"5":0.00030180481497602566,"6":0.0002290842171826442,"7":0.006505004781564962,"8":0.004851881691344854,"61":0.00023732484454338924,"9":6.045871559633028,"10":14.046321525885558,"11":0.3470856320460542,"12":0.6489093959731543,"13":96.05454545454545,"14":177.03225806451613,"28":0.06590697054511528,"29":0.11822906256246252,"30":0.0011905618876224754,"31":0.1018388966620028,"95":0.0021995600879824036,"54":0.08987071837931494,"55":0.18028638028638028,"56":3.209846153846154,"83":1.505203687184062,"57":0.15541125541125542,"62":1.3464740450538688,"63":1.3621449559255632,"64":46.88,"65":0.34668057003823427,"66":0.37339308014398004,"67":0.3731613487214302,"68":18.61875,"69":37.2875,"70":18.6125,"71":37.26875,"74":24.17408906882591,"75":37.955128205128204,"15":0.00023129774523629698,"72":0.00022421458515876457,"73":0.00022912046327190177,"16":0.00023439771002672485,"17":0.00023395793946382292,"42":0.00030056615115703816,"43":0.00025095238095238095,"44":0.00035457953866716035,"45":0.0002710247862157511,"52":0.000413789340301566,"53":0.00032240601503759396,"46":0.0002735864571629699,"47":0.00026444878986256573,"48":0.0004600002021978911,"49":0.0004508257294335532,"50":0.00035457953866716035,"51":0.0003585047734125533,"58":0.0005054545454545455,"93":0.00023439771002672485,"94":0.0002390840059670238,"32":15.904761904761905,"33":16.71884984025559,"34":107.46938775510205,"35":116.06521739130434,"36":11.130434782608695,"37":70.30263157894737,"38":184.3,"39":2635.5,"40":5033,"41":568.4444444444445,"18":0.011386454183266932,"19":0.10825,"20":1.4545454545454546,"21":0.022809853733641264,"22":0.02594810379241517,"23":0.03},"sizes":{"24":9113327,"92":9099524,"105":15499368,"106":1092,"107":2626,"108":3138,"109":1029,"110":1332,"111":1148,"112":1110,"113":14305267,"114":248840,"115":24993,"116":9284,"117":8981,"118":6309,"119":550832,"120":61205,"121":71625,"122":10005,"123":28949,"124":908274,"125":5006,"126":27720,"127":9129,"128":8933,"129":1444117,"130":2138,"131":15589,"132":16141,"133":3296,"134":1406,"135":143983,"136":16997,"137":8010,"138":2951,"139":3971,"140":2788112,"298":5539,"141":16830,"142":41237,"143":3077,"144":467983,"145":44821,"146":226965,"147":6712,"148":1107168,"149":5397,"150":1985,"151":7293,"152":19733,"153":15125,"154":4036,"155":14101,"156":4017,"157":7606,"158":14613,"299":6334,"159":19031,"160":222250,"161":6938,"162":3615,"163":23317,"164":67861,"165":3861,"166":10658,"167":6906,"168":6239,"169":5982,"170":40213,"171":2066,"172":60012,"173":6833,"174":50674,"175":17160,"176":11928,"177":18524,"178":5929,"179":5575,"180":563177,"181":196037,"182":131235,"183":2770,"184":5301,"185":15390,"186":1793,"187":14613,"300":13077,"188":37667,"189":10337,"190":6196,"191":17173,"192":317618,"193":30557,"194":3445,"195":4508,"196":194837,"197":18946,"198":333110,"199":66592,"200":3688,"201":83260,"202":3300,"203":18421,"204":10668,"205":1839,"206":28476,"207":111961,"208":6421,"209":140115,"210":2402,"211":18628,"212":6936,"213":7925,"214":7957,"215":7657,"216":58123,"217":1888,"218":16149,"219":55687,"220":5909,"221":38165,"222":17685,"223":7445,"224":1101441,"225":26711,"226":1242,"227":12053,"228":330517,"229":24934,"230":133397,"231":8474,"232":7957,"233":14101,"234":956416,"235":426,"236":426,"237":1182200,"238":3649,"239":611831,"240":162720,"241":449111,"242":566720,"243":93793,"244":81964,"245":50030,"246":55233,"247":285700,"248":121340,"249":164360,"250":11215151,"251":469,"252":716,"253":792,"254":877,"255":470,"256":11211827,"257":248840,"258":30557,"259":26711,"260":550832,"261":900893,"262":949525,"263":15188,"264":143983,"265":2766137,"266":5421,"267":37653,"268":319428,"269":226965,"270":1107168,"271":748,"272":1264,"273":6233,"274":222250,"275":6421,"276":10658,"278":11928,"279":17288,"280":383068,"281":196037,"283":13077,"284":140115,"285":37667,"286":317618,"287":8945,"288":333110,"289":66592,"290":687,"291":3012,"292":55687,"294":1091077,"295":956416,"296":2628}},{"hash":"a4659e5bfe9682d600881f753954e1e5660ea41a","flavorId":2,"commitTime":"2023-12-18T15:18:28-08:00","minTimes":{"0":34.7479674796748,"1":323.05555555555554,"60":4599,"96":51.074766355140184,"97":1390.5,"99":1383.25,"98":7561,"103":1352.5,"100":38.55102040816327,"101":254.27272727272728,"102":2748.125,"104":433.6923076923077,"2":0.0003616294806878302,"3":0.00034467252160046564,"4":0.006348936170212766,"5":0.00037818977885929696,"6":0.00028050120670650153,"7":0.009193805226839854,"8":0.007088839222832868,"61":0.0003013717813666712,"9":7.226519337016574,"10":14.982608695652173,"11":0.4443645083932854,"12":0.8489021956087824,"13":122.09302325581395,"14":231.08333333333334,"28":0.07914167666266826,"29":0.14169997335464962,"30":0.001500300419868247,"31":0.1335464961364242,"95":0.0024128507631806973,"54":0.09272291083566574,"55":0.18464868464868464,"56":4.646616541353383,"83":1.6967351060249074,"57":0.15634365634365635,"62":1.6271186440677967,"63":1.526242710358234,"64":47.20472440944882,"65":0.2855153978949713,"66":0.28518126635852314,"67":0.2849893316417738,"68":22.61596958174905,"69":43.40875912408759,"70":22.61596958174905,"71":43.42335766423358,"74":31.057291666666668,"75":49.14876033057851,"15":0.0002705124520263073,"72":0.0002700001178368636,"73":0.0002826515579775088,"16":0.00027307412297352616,"17":0.0002735864571629699,"42":0.0003706891027738982,"43":0.0003028303029548313,"44":0.00041303148436694777,"45":0.00030766482398594667,"52":0.0004648449213759066,"53":0.0003706891027738982,"46":0.0003218045112781955,"47":0.0003070810197658595,"48":0.0005200002260870548,"49":0.0005194576172421593,"50":0.00041457570694844383,"51":0.00041075791656309304,"58":0.0005991266451517498,"93":0.00027628792064968497,"94":0.0002778788299816409,"32":14.027777777777779,"33":17.383838383838384,"34":116.17391304347827,"35":114.46938775510205,"36":11.727688787185354,"37":150.625,"38":196.48275862068965,"39":1811,"40":3856.5,"41":708.4285714285714,"18":0.013215139442231075,"19":0.17075,"20":2.2818181818181817,"21":0.02093918398768283,"22":0.02594810379241517,"23":0.02},"sizes":{"24":9113327,"92":9099524,"105":15499368,"106":1092,"107":2626,"108":3138,"109":1029,"110":1332,"111":1148,"112":1110,"113":14305267,"114":248840,"115":24993,"116":9284,"117":8981,"118":6309,"119":550832,"120":61205,"121":71625,"122":10005,"123":28949,"124":908274,"125":5006,"126":27720,"127":9129,"128":8933,"129":1444117,"130":2138,"131":15589,"132":16141,"133":3296,"134":1406,"135":143983,"136":16997,"137":8010,"138":2951,"139":3971,"140":2788112,"298":5539,"141":16830,"142":41237,"143":3077,"144":467983,"145":44821,"146":226965,"147":6712,"148":1107168,"149":5397,"150":1985,"151":7293,"152":19733,"153":15125,"154":4036,"155":14101,"156":4017,"157":7606,"158":14613,"299":6334,"159":19031,"160":222250,"161":6938,"162":3615,"163":23317,"164":67861,"165":3861,"166":10658,"167":6906,"168":6239,"169":5982,"170":40213,"171":2066,"172":60012,"173":6833,"174":50674,"175":17160,"176":11928,"177":18524,"178":5929,"179":5575,"180":563177,"181":196037,"182":131235,"183":2770,"184":5301,"185":15390,"186":1793,"187":14613,"300":13077,"188":37667,"189":10337,"190":6196,"191":17173,"192":317618,"193":30557,"194":3445,"195":4508,"196":194837,"197":18946,"198":333110,"199":66592,"200":3688,"201":83260,"202":3300,"203":18421,"204":10668,"205":1839,"206":28476,"207":111961,"208":6421,"209":140115,"210":2402,"211":18628,"212":6936,"213":7925,"214":7957,"215":7657,"216":58123,"217":1888,"218":16149,"219":55687,"220":5909,"221":38165,"222":17685,"223":7445,"224":1101441,"225":26711,"226":1242,"227":12053,"228":330517,"229":24934,"230":133397,"231":8474,"232":7957,"233":14101,"234":956416,"235":426,"236":426,"237":1182200,"238":3649,"239":611831,"240":162720,"241":449111,"242":566720,"243":93793,"244":81964,"245":50030,"246":55233,"247":285700,"248":121340,"249":164360,"250":11215151,"251":469,"252":716,"253":792,"254":877,"255":470,"256":11211827,"257":248840,"258":30557,"259":26711,"260":550832,"261":900893,"262":949525,"263":15188,"264":143983,"265":2766137,"266":5421,"267":37653,"268":319428,"269":226965,"270":1107168,"271":748,"272":1264,"273":6233,"274":222250,"275":6421,"276":10658,"278":11928,"279":17288,"280":383068,"281":196037,"283":13077,"284":140115,"285":37667,"286":317618,"287":8945,"288":333110,"289":66592,"290":687,"291":3012,"292":55687,"294":1091077,"295":956416,"296":2628}},{"hash":"a4659e5bfe9682d600881f753954e1e5660ea41a","flavorId":14,"commitTime":"2023-12-18T15:18:28-08:00","minTimes":{"56":4.988416988416988,"83":1.6967351060249074,"57":0.1559107559107559,"62":619.4444444444445,"63":606.4444444444445,"64":762.2857142857143,"65":1.1664761033615367,"66":1.124889478337754,"67":1.2835220125786164,"68":3.2430904522613067,"69":3.048470859780727,"70":3.2310469314079424,"71":2.9858035207268596,"74":11132,"75":11185},"sizes":{"24":6800236,"92":6786390,"105":15499355,"106":1092,"107":2626,"108":3138,"109":1029,"110":1332,"111":1148,"112":1110,"113":14305254,"114":248840,"115":24993,"116":9284,"117":8981,"118":6309,"119":550832,"120":61205,"121":71625,"122":10005,"123":28949,"124":908274,"125":5006,"126":27720,"127":9129,"128":8935,"129":1444117,"130":2138,"131":15589,"132":16141,"133":3296,"134":1406,"135":143983,"136":16997,"137":7992,"138":2951,"139":3971,"140":2788112,"298":5539,"141":16830,"142":41237,"143":3077,"144":467983,"145":44821,"146":226965,"147":6712,"148":1107168,"149":5397,"150":1983,"151":7293,"152":19733,"153":15125,"154":4036,"155":14101,"156":4017,"157":7606,"158":14613,"299":6334,"159":19031,"160":222250,"161":6938,"162":3615,"163":23317,"164":67861,"165":3861,"166":10658,"167":6906,"168":6239,"169":5982,"170":40213,"171":2066,"172":60012,"173":6833,"174":50674,"175":17160,"176":11928,"177":18524,"178":5929,"179":5575,"180":563177,"181":196037,"182":131235,"183":2770,"184":5301,"185":15390,"186":1793,"187":14613,"300":13077,"188":37667,"189":10337,"190":6196,"191":17173,"192":317618,"193":30557,"194":3445,"195":4508,"196":194837,"197":18946,"198":333110,"199":66592,"200":3688,"201":83260,"202":3300,"203":18421,"204":10668,"205":1839,"206":28476,"207":111961,"208":6421,"209":140115,"210":2402,"211":18633,"212":6936,"213":7925,"214":7957,"215":7657,"216":58123,"217":1888,"218":16149,"219":55687,"220":5909,"221":38165,"222":17685,"223":7445,"224":1101441,"225":26711,"226":1242,"227":12053,"228":330517,"229":24934,"230":133397,"231":8474,"232":7957,"233":14101,"234":956416,"235":426,"236":426,"237":1182200,"238":3649,"239":611831,"240":162720,"241":449111,"242":566720,"243":93793,"244":81964,"245":50030,"246":55233,"247":285700,"248":121340,"249":164360,"250":11215161,"251":469,"252":716,"253":792,"254":877,"255":470,"256":11211837,"257":248840,"258":30557,"259":26711,"260":550832,"261":900893,"262":949525,"263":15188,"264":143983,"265":2766137,"266":5421,"267":37653,"268":319428,"269":226965,"270":1107168,"271":746,"272":1264,"273":6233,"274":222250,"275":6421,"276":10658,"278":11928,"279":17288,"280":383068,"281":196037,"283":13077,"284":140115,"285":37667,"286":317618,"287":8948,"288":333110,"289":66592,"290":681,"291":3005,"292":55687,"294":1091077,"295":956416,"296":2650}},{"hash":"a4659e5bfe9682d600881f753954e1e5660ea41a","flavorId":1,"commitTime":"2023-12-18T15:18:28-08:00","minTimes":{"0":46.725,"1":991.8,"60":7319.333333333333,"96":127.5609756097561,"97":2078.3333333333335,"99":5112,"98":9699,"103":2153.3333333333335,"100":70.90243902439025,"101":1864.75,"102":3669,"104":2693,"2":4.614939106069722E-05,"3":5.9460809380537286E-05,"4":0.1013414902337112,"5":6.079105098198582E-05,"6":6.0803036599292994E-05,"7":0.09826658538524742,"8":0.09222948438634714,"61":6.257639342466384E-05,"9":1.0309074573225516,"10":1.8082006099627246,"11":0.046170765846830636,"12":0.1307876849260296,"13":14.821428571428571,"14":36.13513513513514,"28":0.019702726121442377,"29":0.04105845497567153,"30":0.00020935812837432512,"31":0.016423381990268614,"95":0.00029994001199760045,"54":0.011331067119909352,"55":0.0212624141838299,"56":1.8980776206021037,"83":0.23492403765495387,"57":0.011631007131906951,"62":1.3349657198824683,"63":1.34769833496572,"64":6.606289308176101,"65":0.34461330631543396,"66":0.3454238432961837,"67":0.34445603058741747,"68":18.742138364779873,"69":37.34591194968554,"70":18.742138364779873,"71":37.3375,"74":24.149193548387096,"75":38.3525641025641,"15":4.23015873015873E-05,"72":4.111111111111111E-05,"73":4.1666666666666665E-05,"16":4.214285714285714E-05,"17":4.190476190476191E-05,"42":4.507936507936508E-05,"43":4.2857142857142856E-05,"44":4.5E-05,"45":4.182539682539682E-05,"52":4.8316831683168314E-05,"53":4.762376237623762E-05,"46":4.4206349206349204E-05,"47":4.150793650793651E-05,"48":4.277227722772277E-05,"49":4.222222222222222E-05,"50":4.214285714285714E-05,"51":4.1881188118811884E-05,"58":6.308300644596863E-05,"93":4.1984126984126986E-05,"94":4.595238095238095E-05,"32":15.726984126984126,"33":15.401197604790418,"34":101.70588235294117,"35":98.07407407407408,"36":4.117982099267698,"37":82.27692307692308,"38":126.85714285714286,"39":2353,"40":9083,"41":1325.5,"18":0.004788844621513944,"19":0.09975,"20":1.309090909090909,"21":0.012440338722093918,"22":0.015968063872255488,"23":0.02},"sizes":{"24":18116889,"92":18103086,"105":29128909,"106":1092,"107":2626,"108":3138,"109":1029,"110":1332,"111":1148,"112":1110,"113":27934808,"114":248840,"115":21542,"116":8195,"117":8981,"118":5947,"119":550832,"120":61205,"121":55345,"122":10005,"123":28949,"124":2878420,"125":4281,"126":14965,"127":6375,"128":7687,"129":1442581,"130":2131,"131":13325,"132":12579,"133":3296,"134":1406,"135":143983,"136":13954,"137":6833,"138":2782,"139":3643,"140":11816475,"298":5024,"141":16830,"142":41237,"143":2900,"144":325770,"145":44821,"146":226965,"147":6302,"148":1107168,"149":5397,"150":1979,"151":7155,"152":19733,"153":15125,"154":4036,"155":14101,"156":3694,"157":7447,"158":14613,"299":5763,"159":15851,"160":222250,"161":5529,"162":3270,"163":23317,"164":67861,"165":3861,"166":10658,"167":6802,"168":6159,"169":5603,"170":40213,"171":2066,"172":60012,"173":6126,"174":37393,"175":15368,"176":11928,"177":14414,"178":5835,"179":4819,"180":402950,"181":196037,"182":97150,"183":2737,"184":5228,"185":13708,"186":1793,"187":14613,"300":13077,"188":37667,"189":7242,"190":4886,"191":17173,"192":317618,"193":31301,"194":3255,"195":4168,"196":194837,"197":18946,"198":333110,"199":66592,"200":3688,"201":64928,"202":3127,"203":15602,"204":9429,"205":1834,"206":24464,"207":82713,"208":6421,"209":150433,"210":2347,"211":18626,"212":6549,"213":7779,"214":7957,"215":6839,"216":43457,"217":1855,"218":16149,"219":55687,"220":5909,"221":38165,"222":17685,"223":7445,"224":4227230,"225":27364,"226":1242,"227":12053,"228":330517,"229":13051,"230":133397,"231":8352,"232":7957,"233":14101,"234":956416,"235":426,"236":426,"237":1182200,"238":3649,"239":611831,"240":162720,"241":449111,"242":566720,"243":93793,"244":81964,"245":50030,"246":55233,"247":285700,"248":121340,"249":164360,"250":16215045,"251":469,"252":716,"253":792,"254":877,"255":470,"256":16211721,"257":248840,"258":30700,"259":26836,"260":550832,"261":1649167,"262":948501,"263":11683,"264":143983,"265":6072919,"266":4890,"267":37653,"268":224979,"269":226965,"270":1107168,"271":747,"272":1264,"273":5677,"274":222250,"275":6421,"276":10658,"278":11928,"279":13368,"280":276873,"281":196037,"283":13077,"284":141509,"285":37667,"286":317618,"287":8946,"288":333110,"289":66592,"290":681,"291":2819,"292":55687,"294":2244758,"295":956416,"296":2502}},{"hash":"a4659e5bfe9682d600881f753954e1e5660ea41a","flavorId":0,"commitTime":"2023-12-18T15:18:28-08:00","minTimes":{"0":35.02797202797203,"1":423,"60":6868.333333333333,"96":50.96116504854369,"97":953.1666666666666,"99":947.1666666666666,"98":9290.333333333334,"103":1023.2,"100":38.827338129496404,"101":321,"102":3523.1666666666665,"104":407.42857142857144,"2":5.822526009470794E-05,"3":8.009858035966505E-05,"4":0.04696404103785689,"5":8.325878594249202E-05,"6":8.32261936836314E-05,"7":0.06224349446502651,"8":0.05521404441490835,"61":8.429712460063898E-05,"9":1.1793633369923162,"10":2.035458167330677,"11":0.05858828234353129,"12":0.16917233106757298,"13":18.64,"14":46.56521739130435,"28":0.017449843364660402,"29":0.0439245484236486,"30":0.0002501499700059988,"31":0.018602946077451176,"95":0.0003732586815970139,"54":0.01404385789508765,"55":0.02852096247417183,"56":2.495798319327731,"83":0.2686900958466454,"57":0.015943477971072453,"62":1.63931013975617,"63":1.5484587614551513,"64":8.007575757575758,"65":0.2836776744445063,"66":0.28351060867628225,"67":0.28356629726569027,"68":22.973076923076924,"69":45.59230769230769,"70":22.98846153846154,"71":45.378787878787875,"74":32,"75":50.32773109243698,"15":5.613861386138614E-05,"72":5.594059405940594E-05,"73":5.656126705775759E-05,"16":6.438735432361085E-05,"17":6.433925176211542E-05,"42":6.751479423106104E-05,"43":6.58102792810387E-05,"44":6.723866010332662E-05,"45":6.0948619009826836E-05,"52":6.786427145708583E-05,"53":6.569170220125306E-05,"46":6.225296688746904E-05,"47":5.89328086534707E-05,"48":5.742574257425743E-05,"49":5.762846077582849E-05,"50":5.702970297029703E-05,"51":5.7509883696042836E-05,"58":6.889546486973304E-05,"93":5.916996281304201E-05,"94":6.521739388211044E-05,"32":13.922222222222222,"33":15.268072289156626,"34":103.9245283018868,"35":109.74509803921569,"36":3.8266253869969042,"37":105.7719298245614,"38":123,"39":1456.25,"40":4633,"41":899.5,"18":0.002856573705179283,"19":0.14975,"20":2.0636363636363635,"21":0.006035411855273287,"22":0.011976047904191617,"23":0.01},"sizes":{"24":18116889,"92":18103086,"105":29128909,"106":1092,"107":2626,"108":3138,"109":1029,"110":1332,"111":1148,"112":1110,"113":27934808,"114":248840,"115":21542,"116":8195,"117":8981,"118":5947,"119":550832,"120":61205,"121":55345,"122":10005,"123":28949,"124":2878420,"125":4281,"126":14965,"127":6375,"128":7687,"129":1442581,"130":2131,"131":13325,"132":12579,"133":3296,"134":1406,"135":143983,"136":13954,"137":6833,"138":2782,"139":3643,"140":11816475,"298":5024,"141":16830,"142":41237,"143":2900,"144":325770,"145":44821,"146":226965,"147":6302,"148":1107168,"149":5397,"150":1979,"151":7155,"152":19733,"153":15125,"154":4036,"155":14101,"156":3694,"157":7447,"158":14613,"299":5763,"159":15851,"160":222250,"161":5529,"162":3270,"163":23317,"164":67861,"165":3861,"166":10658,"167":6802,"168":6159,"169":5603,"170":40213,"171":2066,"172":60012,"173":6126,"174":37393,"175":15368,"176":11928,"177":14414,"178":5835,"179":4819,"180":402950,"181":196037,"182":97150,"183":2737,"184":5228,"185":13708,"186":1793,"187":14613,"300":13077,"188":37667,"189":7242,"190":4886,"191":17173,"192":317618,"193":31301,"194":3255,"195":4168,"196":194837,"197":18946,"198":333110,"199":66592,"200":3688,"201":64928,"202":3127,"203":15602,"204":9429,"205":1834,"206":24464,"207":82713,"208":6421,"209":150433,"210":2347,"211":18626,"212":6549,"213":7779,"214":7957,"215":6839,"216":43457,"217":1855,"218":16149,"219":55687,"220":5909,"221":38165,"222":17685,"223":7445,"224":4227230,"225":27364,"226":1242,"227":12053,"228":330517,"229":13051,"230":133397,"231":8352,"232":7957,"233":14101,"234":956416,"235":426,"236":426,"237":1182200,"238":3649,"239":611831,"240":162720,"241":449111,"242":566720,"243":93793,"244":81964,"245":50030,"246":55233,"247":285700,"248":121340,"249":164360,"250":16215045,"251":469,"252":716,"253":792,"254":877,"255":470,"256":16211721,"257":248840,"258":30700,"259":26836,"260":550832,"261":1649167,"262":948501,"263":11683,"264":143983,"265":6072919,"266":4890,"267":37653,"268":224979,"269":226965,"270":1107168,"271":747,"272":1264,"273":5677,"274":222250,"275":6421,"276":10658,"278":11928,"279":13368,"280":276873,"281":196037,"283":13077,"284":141509,"285":37667,"286":317618,"287":8946,"288":333110,"289":66592,"290":681,"291":2819,"292":55687,"294":2244758,"295":956416,"296":2502}},{"hash":"a4659e5bfe9682d600881f753954e1e5660ea41a","flavorId":10,"commitTime":"2023-12-18T15:18:28-08:00","minTimes":{"0":35.03921568627451,"1":403.35714285714283,"60":6530.75,"96":47.82727272727273,"97":970.8333333333334,"99":954,"98":9288.333333333334,"103":1031.8,"100":35.46938775510204,"101":320.27777777777777,"102":3521.3333333333335,"104":408.2857142857143,"2":5.845359012981106E-05,"3":8.51040755061433E-05,"4":0.04886382713976753,"5":8.292332268370607E-05,"6":7.431995251240236E-05,"7":0.06274881516587678,"8":0.055623857783685,"61":8.440894568690096E-05,"9":1.3594348659003832,"10":2.153812445223488,"11":0.058428314337132574,"12":0.16709316273490604,"13":18.360714285714284,"14":47.35964912280702,"28":0.055177928828468614,"29":0.11545072956226264,"30":0.0007982403519296141,"31":0.1019388366979812,"95":0.0003532626807971739,"54":0.04065853495967473,"55":0.08107135718568859,"56":2.4969238050165643,"83":0.2686900958466454,"57":0.0337999066853296,"62":1.6304158185519046,"63":1.5350877192982457,"64":7.961948249619483,"65":0.2836776744445063,"66":0.28356629726569027,"67":0.28356629726569027,"68":23.023255813953487,"69":45.21212121212121,"70":23.07335907335907,"71":45.36363636363637,"74":31.71276595744681,"75":50.38135593220339,"15":6.249012104704036E-05,"72":0.00010590999286614397,"73":0.00011043054134213793,"16":7.593688512696026E-05,"17":7.559055118110236E-05,"42":7.151873908320985E-05,"43":6.986193431680344E-05,"44":7.786982402110106E-05,"45":7.110453789160824E-05,"52":8.377952755905512E-05,"53":7.358974504121785E-05,"46":6.77075125576092E-05,"47":5.9603960396039604E-05,"48":8.409448818897638E-05,"49":8.4251968503937E-05,"50":7.5748031496063E-05,"51":7.579881806309306E-05,"58":0.00014435799912186756,"93":0.00010372549019607843,"94":0.00010666666666666667,"32":13.791666666666666,"33":15.822085889570552,"34":103.69811320754717,"35":108.34693877551021,"36":3.956656346749226,"37":117.25490196078431,"38":134.88095238095238,"39":1456.5,"40":4634,"41":917.3333333333334,"18":0.0028685258964143427,"19":0.16325,"20":2.3727272727272726,"21":0.004634334103156274,"22":0.00998003992015968,"23":0.01},"sizes":{"24":16800067,"92":16786264,"105":29130542,"106":1092,"107":2626,"108":3138,"109":1029,"110":1332,"111":1148,"112":1110,"113":27936441,"114":248840,"115":21542,"116":8195,"117":8981,"118":5947,"119":550832,"120":61205,"121":55345,"122":10005,"123":28949,"124":2877429,"125":4281,"126":14965,"127":6375,"128":7688,"129":1442581,"130":2131,"131":13325,"132":12579,"133":3296,"134":1406,"135":143983,"136":13954,"137":6822,"138":2782,"139":3643,"140":11814813,"298":5024,"141":16830,"142":41237,"143":2900,"144":325770,"145":44821,"146":226965,"147":6302,"148":1107168,"149":5397,"150":1981,"151":7155,"152":19733,"153":15125,"154":4036,"155":14101,"156":3694,"157":7447,"158":14613,"299":5763,"159":15851,"160":222250,"161":5529,"162":3270,"163":23317,"164":67861,"165":3861,"166":10658,"167":6802,"168":6159,"169":5603,"170":40213,"171":2066,"172":60012,"173":6126,"174":37393,"175":15368,"176":11928,"177":14414,"178":5835,"179":4819,"180":402950,"181":196037,"182":97150,"183":2737,"184":5228,"185":13708,"186":1793,"187":14613,"300":13077,"188":37667,"189":7242,"190":4886,"191":17173,"192":317618,"193":31301,"194":3255,"195":4168,"196":194837,"197":18946,"198":333110,"199":66592,"200":3688,"201":64928,"202":3127,"203":15602,"204":9429,"205":1835,"206":24464,"207":82713,"208":6421,"209":150433,"210":2347,"211":18634,"212":6549,"213":7779,"214":7957,"215":6839,"216":43457,"217":1855,"218":16149,"219":55687,"220":5909,"221":38165,"222":17685,"223":7445,"224":4231515,"225":27364,"226":1242,"227":12053,"228":330517,"229":13051,"230":133397,"231":8352,"232":7957,"233":14101,"234":956416,"235":426,"236":426,"237":1182200,"238":3649,"239":611831,"240":162720,"241":449111,"242":566720,"243":93793,"244":81964,"245":50030,"246":55233,"247":285700,"248":121340,"249":164360,"250":16219865,"251":469,"252":716,"253":792,"254":877,"255":470,"256":16216541,"257":248840,"258":30700,"259":26836,"260":550832,"261":1652771,"262":948501,"263":11683,"264":143983,"265":6072535,"266":4890,"267":37653,"268":224979,"269":226965,"270":1107168,"271":747,"272":1264,"273":5677,"274":222250,"275":6421,"276":10658,"278":11928,"279":13368,"280":276873,"281":196037,"283":13077,"284":141509,"285":37667,"286":317618,"287":8947,"288":333110,"289":66592,"290":681,"291":2818,"292":55687,"294":2246407,"295":956416,"296":2453}},{"hash":"bd26d7e695f8a1d5c1310dde5d27fbabd8129017","flavorId":15,"commitTime":"2023-12-18T17:30:45-08:00","minTimes":{"0":34.64705882352941,"1":540.3,"2":0.00037963835594177807,"3":0.0003616496652874674,"4":0.007464789099816608,"5":0.00039253968253968256,"6":0.0002897693430262957,"7":0.010559057194602062,"8":0.007936102236421725,"61":0.0003171383147853736,"9":7.407670454545454,"10":15.687878787878788,"11":0.45964035964035965,"12":0.8776447105788423,"13":126.30952380952381,"14":239.69565217391303,"28":0.0817672930827669,"29":0.14572342126298962,"30":0.00157297081167533,"31":0.13386624034106048,"95":0.0026194761047790443,"54":0.09516290225864481,"55":0.18541749900119855,"56":4.52516010978957,"83":1.6548042704626333,"57":0.15757575757575756,"62":1.6714285714285715,"63":1.5387744034707158,"64":52.026315789473685,"65":0.30090659668376474,"66":0.30060837409042107,"67":0.3004294405344149,"68":22.782442748091604,"69":44.582089552238806,"70":22.778625954198475,"71":44.52985074626866,"74":31.031088082901555,"75":49.675,"15":0.0002817770814363176,"72":0.0002821212548668568,"73":0.00029377369576365876,"16":0.00028451810362927784,"17":0.0002850663080678699,"42":0.0003814127670154239,"43":0.00031578947368421053,"44":0.0004254244170368143,"45":0.0003275235566210218,"52":0.00048000028029213446,"53":0.0003878293926924549,"46":0.0003406367551515738,"47":0.0003262852823048743,"48":0.000541949947608256,"49":0.0005438994078514511,"50":0.00044242669830785945,"51":0.0004400002264707048,"58":0.0006053573590561996,"93":0.0002878073302608302,"94":0.00029094350601641735,"32":44.21739130434783,"33":44.221311475409834,"34":225.08,"35":260.76190476190476,"36":21.991561181434598,"37":252.7391304347826,"38":420,"41":800.1428571428571},"sizes":{"24":9501670,"92":9392837}},{"hash":"c282395b63c1757d4f4c1dc2e236680cfe2e7f96","flavorId":15,"commitTime":"2023-12-18T22:32:11-05:00","minTimes":{"0":34.62987012987013,"1":538.9,"2":0.00037963835594177807,"3":0.00036132758595583674,"4":0.00731150159744409,"5":0.0003923809523809524,"6":0.00028965401194449414,"7":0.010526535532928694,"8":0.007910002718167055,"61":0.0003075384923015397,"9":7.409090909090909,"10":15.520958083832335,"11":0.45484515484515486,"12":0.87151841868823,"13":124.65116279069767,"14":236.91666666666666,"28":0.0827802212448354,"29":0.14519051425526247,"30":0.0015459632294164668,"31":0.13367972288835597,"95":0.002459508098380324,"54":0.0951828902658405,"55":0.18504828504828505,"56":4.533395176252319,"83":1.6534653465346534,"57":0.15744255744255745,"62":1.6752561316361378,"63":1.5451263537906137,"64":51.824561403508774,"65":0.30090659668376474,"66":0.3005487295717524,"67":0.30036979601574615,"68":22.695817490494296,"69":44.3955223880597,"70":22.70342205323194,"71":44.35820895522388,"74":31.613756613756614,"75":49.59166666666667,"15":0.0002815909517562048,"72":0.0002810606486455528,"73":0.00029328937464675076,"16":0.00028424246730946476,"17":0.00028424246730946476,"42":0.0003813173319942607,"43":0.00031578947368421053,"44":0.0004260407510354057,"45":0.000326015037593985,"52":0.00048000028029213446,"53":0.0003863570065878461,"46":0.0003400000509363372,"47":0.000326015037593985,"48":0.0005409752174866584,"49":0.000541949947608256,"50":0.0004400002264707048,"51":0.00044485317014501406,"58":0.0006042859301021179,"93":0.0002878073302608302,"94":0.00028835553469942223,"32":74.65217391304348,"33":75.61842105263158,"34":222.29166666666666,"35":267.57142857142856,"36":38.43884892086331,"37":251.1818181818182,"38":420,"41":801},"sizes":{"24":9501627,"92":9392837}},{"hash":"0cf461b302f58c7add3f6dc405873fb2212b513f","flavorId":15,"commitTime":"2023-12-21T15:23:33-08:00","minTimes":{"0":33.91608391608391,"1":546.1,"2":0.0003799361440656114,"3":0.0003616496652874674,"4":0.007466100989934282,"5":0.00039208972523689466,"6":0.0002894233497808911,"7":0.010475210975943375,"8":0.007925027762183604,"61":0.0002995249501017682,"9":7.360795454545454,"10":15.654545454545454,"11":0.46073926073926075,"12":0.8816367265469062,"13":126.61904761904762,"14":239.7391304347826,"28":0.08249050569658205,"29":0.1456210456210456,"30":0.0015452909418116377,"31":0.13367972288835597,"95":0.0024661734319802705,"54":0.09514291425144913,"55":0.18514818514818515,"56":4.517495395948434,"83":1.6528631510837917,"57":0.1573759573759574,"62":1.7016454517230675,"63":1.5536876355748372,"64":52.65486725663717,"65":0.30072766312775856,"66":0.3004294405344149,"67":0.3003101514970774,"68":22.722433460076047,"69":44.59701492537314,"70":22.718631178707223,"71":44.6044776119403,"74":31.047120418848166,"75":49.81512605042017,"15":0.0002810606486455528,"72":0.0002810606486455528,"73":0.0002932076578142105,"16":0.00028424246730946476,"17":0.00028424246730946476,"42":0.0003813173319942607,"43":0.00031578947368421053,"44":0.0004254244170368143,"45":0.0003254135338345865,"52":0.00048525575781358123,"53":0.00040119760479041914,"46":0.0003566420039653755,"47":0.0003425468677972836,"48":0.0005409752174866584,"49":0.0005438994078514511,"50":0.000440809050416423,"51":0.0004400002264707048,"58":0.0006053573590561996,"93":0.00028742428597337664,"94":0.0002900001480151984,"32":47.85981308411215,"33":59.06521739130435,"34":232.76,"35":275.7142857142857,"36":67.78313253012048,"37":290.3809523809524,"38":406.57142857142856,"41":865.8333333333334},"sizes":{"24":9509623,"92":9400940}},{"hash":"b4ba5da5a0b8e0c7e3027a695f2acb2d9d19137b","flavorId":15,"commitTime":"2023-12-28T13:44:49-08:00","minTimes":{"0":34.74285714285714,"1":544.6666666666666,"2":0.0003787242551489702,"3":0.00036134103833662787,"4":0.007491243873326073,"5":0.0003921671215506011,"6":0.0002895963464035934,"7":0.010671769230904515,"8":0.007878173475360583,"61":0.00030005965407791865,"9":7.359943977591036,"10":15.66060606060606,"11":0.45704295704295705,"12":0.8730538922155688,"13":125.71428571428571,"14":238.625,"28":0.08121127323605837,"29":0.14565434565434565,"30":0.0015332933413317337,"31":0.13365307753796962,"95":0.0024861694327801107,"54":0.09520287827303618,"55":0.185014985014985,"56":4.541628545288198,"83":1.6450079239302695,"57":0.15744255744255745,"62":1.6770740410347904,"63":1.5414859002169197,"64":52.610619469026545,"65":0.30063466633803687,"66":0.3003101514970774,"67":0.3001312179410712,"68":22.28252788104089,"69":42.884892086330936,"70":22.28252788104089,"71":42.87769784172662,"74":30.7680412371134,"75":48.60655737704918,"15":0.0002815909517562048,"72":0.00028053034553490085,"73":0.00029328937464675076,"16":0.0002839698991906858,"17":0.00028451810362927784,"42":0.0003807064470765065,"43":0.00031578947368421053,"44":0.0004254244170368143,"45":0.0003256661451468005,"52":0.00048000028029213446,"53":0.0004022222222222222,"46":0.00035462707738929993,"47":0.0003406367551515738,"48":0.0005409752174866584,"49":0.0005429246777298535,"50":0.0004400002264707048,"51":0.000440809050416423,"58":0.0006053573590561996,"93":0.00028725912582223815,"94":0.00029037746806696906,"32":45.32743362831859,"33":55.244680851063826,"34":224.375,"35":282.8,"36":68.73170731707317,"37":264.7142857142857,"38":459.4166666666667,"41":886.5},"sizes":{"24":9510166,"92":9401452}},{"hash":"b4ba5da5a0b8e0c7e3027a695f2acb2d9d19137b","flavorId":15,"commitTime":"2023-12-28T13:44:49-08:00","minTimes":{"0":34.65034965034965,"1":540.2,"2":0.0003799361440656114,"3":0.0003606650027176632,"4":0.0071963313903699,"5":0.00039208972523689466,"6":0.0002895029936184093,"7":0.010398533624559593,"8":0.007970994588952673,"61":0.00031560724016071936,"9":7.5,"10":15.693939393939393,"11":0.45054945054945056,"12":0.8754491017964072,"13":124.74418604651163,"14":238.29166666666666,"28":0.08265040975414752,"29":0.1451638689048761,"30":0.0015805677728908437,"31":0.1337330135891287,"95":0.0025128307671798975,"54":0.09532280631621028,"55":0.18504828504828505,"56":4.587301587301587,"83":1.6518151815181519,"57":0.1565101565101565,"62":1.672288455946496,"63":1.5455531453362257,"64":52.23684210526316,"65":0.30090659668376474,"66":0.30060837409042107,"67":0.30036979601574615,"68":22.722433460076047,"69":44.52985074626866,"70":22.730038022813687,"71":44.514925373134325,"74":31.010362694300518,"75":49.6,"15":0.0002815909517562048,"72":0.0002810606486455528,"73":0.00029328937464675076,"16":0.00028424246730946476,"17":0.00028424246730946476,"42":0.0003813173319942607,"43":0.00031578947368421053,"44":0.00042524885372864846,"45":0.0003250470079887267,"52":0.00047859264548314227,"53":0.0003870633265267635,"46":0.0003393213572854291,"47":0.0003254135338345865,"48":0.0005450455360770596,"49":0.0005429141716566866,"50":0.00044242669830785945,"51":0.00044242669830785945,"58":0.0006042859301021179,"93":0.00028725912582223815,"94":0.00029037746806696906,"32":45.81981981981982,"33":89.33333333333333,"34":226.70833333333334,"35":282.55,"36":69.93827160493827,"37":289.23809523809524,"38":461.1666666666667,"41":870.5},"sizes":{"24":9509595,"92":9400940}},{"hash":"65b92335fc293baba274d5f57f2cbc8263456ff1","flavorId":15,"commitTime":"2023-12-29T19:04:15-05:00","minTimes":{"0":34.13333333333333,"1":541.9,"2":0.0003786390252020457,"3":0.0003616294806878302,"4":0.007327476038338658,"5":0.000392321914178014,"6":0.0002895963464035934,"7":0.010534634339088345,"8":0.008060974538640955,"61":0.000313577106518283,"9":7.411764705882353,"10":16.012269938650306,"11":0.45724275724275726,"12":0.881581311769991,"13":125.88095238095238,"14":239.91304347826087,"28":0.08084766093562575,"29":0.14543032240873968,"30":0.0015625749700119952,"31":0.13365307753796962,"95":0.002519496100779844,"54":0.09474315410753548,"55":0.1868557730723132,"56":4.531307550644567,"83":1.666996699669967,"57":0.1574092574092574,"62":1.6702529805175923,"63":1.5425925925925925,"64":52.557522123893804,"65":0.30084695216509605,"66":0.3004294405344149,"67":0.3003101514970774,"68":22.275092936802974,"69":42.891304347826086,"70":22.273408239700373,"71":42.89855072463768,"74":30.7680412371134,"75":48.59016393442623,"15":0.0002815909517562048,"72":0.0002810606486455528,"73":0.00029328937464675076,"16":0.0002839698991906858,"17":0.00028424246730946476,"42":0.0003807064470765065,"43":0.00031578947368421053,"44":0.0004260407510354057,"45":0.000326015037593985,"52":0.00047912436737189337,"53":0.0003863822680928562,"46":0.0003400000509363372,"47":0.0003254135338345865,"48":0.000541949947608256,"49":0.0005430635523095066,"50":0.000440809050416423,"51":0.00044242669830785945,"58":0.0006056507102532207,"93":0.00028725912582223815,"94":0.0002905483524537905,"32":77.1044776119403,"33":97.34426229508196,"34":237.125,"35":288.3,"36":67.97590361445783,"37":288.45,"38":455.84615384615387,"41":871.5},"sizes":{"24":9509550,"92":9400940}}]}}